post_id,title,link,thumbnail_url,tags,drive_links,drive_link_count,listing_page,detail_fetch_error,error_message
80243,Tus Gunn x Bedao_HaDong07,https://xemtrai.top/tus-gunn-x-bedao_hadong07/,https://upload.xemtrai.top/2026/07/Tus-x-BedaoHadong.mp4_20260705_191632.709-720x380.jpg,Gay video; Vietnam video,https://drive.google.com/file/d/1leIew5IB3A7YewqLZ6FgGrUO4MZpzjCw/view?usp=sharing,1,1,FALSE,
80244,Seachan x Straight slim 6 múi,https://xemtrai.top/seachan-x-straight-slim-6-mui/,https://upload.xemtrai.top/2026/07/seachan-720x380.jpg,Gay video; Vietnam video,https://drive.google.com/file/d/1SVqjMfoMOhd4HFaS2YkpKnFFwY8heAQI/view?usp=sharing,1,1,FALSE,
80242,EdgeVN – Boy slim bigcock,https://xemtrai.top/edgevn-boy-slim-bigcock/,https://upload.xemtrai.top/2026/07/damchutxiuthoi--720x380.jpg,Gay video; Vietnam video,https://drive.google.com/file/d/1TRBmvDx3cx8dBukNtA3eOO6oDK18uDbW/view?usp=sharing,1,1,FALSE,
80233,Binkycum Trai HN x Trai pokemon P2,https://xemtrai.top/binkycum-trai-hn-x-trai-pokemon-p2/,https://upload.xemtrai.top/2026/07/B11o0IdM-binky-720x380.jpg,Gay video; Vietnam video,https://drive.google.com/file/d/1HR7hOfhbTs_CDSuZM_sgOOFyACVIoGMa/view?usp=sharing,1,1,FALSE,
80194,Dylan Hoang Nguyen justdavonlee – Making love,https://xemtrai.top/dylan-hoang-nguyen-justdavonlee-making-love/,https://upload.xemtrai.top/2026/07/just-davon-lee-Making-love.mp4_20260702_215835.544-720x380.jpg,Gay video; Vietnam video,https://drive.google.com/file/d/1echFSrmqMFFgFSLeuF0Tbt-CM9ShI7k6/view?usp=sharing,1,1,FALSE,
80195,Tus Gunn,https://xemtrai.top/tus-gunn/,https://upload.xemtrai.top/2026/07/output-720x380.jpg,Gay video; Vietnam video,https://drive.google.com/file/d/1B3xGCjwgQ41Be6WJy6XOMGmBgqV_leiK/view?usp=sharing,1,1,FALSE,
80193,185joseph No.91B x kaisergv,https://xemtrai.top/185joseph-no-91b-x-kaisergv/,https://upload.xemtrai.top/2026/07/012oaQuM-185-720x380.jpg,Asia video; Gay video,https://drive.google.com/file/d/1uFKOE4e7xYlznyJz5cbvsCInbQFURCuw/view?usp=sharing,1,1,FALSE,
80192,Binkycum Trai HN x Trai pokemon P1,https://xemtrai.top/binkycum-trai-hn-x-trai-pokemon-p1/,https://upload.xemtrai.top/2026/07/binky-720x380.jpg,Gay video; Vietnam video,https://drive.google.com/file/d/19DCGjKSZV-jTuE3YItnuVgLum8moZ62g/view?usp=sharing,1,1,FALSE,
80182,185joseph No.91A,https://xemtrai.top/185joseph-no-91a/,https://upload.xemtrai.top/2026/07/185-720x380.jpg,Asia video; Gay video,https://drive.google.com/file/d/187dK6HrRN4YlDTuPBAOw42poElxnrQ1h/view?usp=sharing,1,1,FALSE,
80171,EdgeVN – Top tattoo bigcock,https://xemtrai.top/edgevn-top-tattoo-bigcock/,https://upload.xemtrai.top/2026/06/IMG_20260630_205544-720x380.jpg,Gay video; Vietnam video,https://drive.google.com/file/d/1KWo7yBVvzvxzgrU_je23fIqzutyVTloD/view?usp=sharing,1,1,FALSE,
80167,Triet_rex x k_tnb3 x vayuposex2 x DaoMheeSi_ x Life23647Life,https://xemtrai.top/triet_rex-x-k_tnb3-x-vayuposex2-x-daomheesi_-x-life23647life/,https://upload.xemtrai.top/2026/06/IMG_20260630_205523-720x380.jpg,Gay video; Vietnam video,https://drive.google.com/file/d/1uwjFoAzk6UWksFANYXqO2KQ5P1N190Rv/view?usp=sharing,1,1,FALSE,
80147,Tus Gunn x Bot slim sịp đỏ,https://xemtrai.top/tus-gunn-x-bot-slim-sip-do/,https://upload.xemtrai.top/2026/06/tus-720x380.jpg,Gay video; Vietnam video,https://drive.google.com/file/d/1arGUJ6ojHBSqO81-fdhOnBc26m38MP8K/view?usp=sharing,1,1,FALSE,
80149,Binkycum – Straight gym x fusu084,https://xemtrai.top/binkycum-straight-gym-x-fusu084/,https://upload.xemtrai.top/2026/06/HdedzoAA-binky-720x380.jpg,Gay video; Vietnam video,https://drive.google.com/file/d/1QV2d70dcAdvQxWo07w8eC53UsrqkVfOa/view?usp=sharing,1,1,FALSE,
80145,Swang x imyour_seven,https://xemtrai.top/swang-x-imyour_seven/,https://upload.xemtrai.top/2026/06/swang-720x380.jpg,Gay video; Vietnam video,https://drive.google.com/file/d/1h_j3AlR-grPnz7spaTXM8eq1d68ByCtQ/view?usp=sharing,1,1,FALSE,
80144,Seachan x Top slim tatto,https://xemtrai.top/seachan-x-top-slim-tatto/,https://upload.xemtrai.top/2026/06/U1Q980GZ-seachan-720x380.jpg,Gay video; Vietnam video,https://drive.google.com/file/d/1g5myJPHpPEa6zBpBJa97JH-fqQArWb6-/view?usp=sharing,1,1,FALSE,
80124,Lucas_big95 x Samuel,https://xemtrai.top/lucas_big95-x-samuel/,https://upload.xemtrai.top/2026/06/Lucas_big95-x-Samuel-720x380.jpg,Gay video; Vietnam video,https://drive.google.com/file/d/1zTxZhWZwzvg_y3e5Ob7e6DB-KJRBXllO/view?usp=sharing,1,1,FALSE,
80111,Gaydar-GD-035 Swang x Araw,https://xemtrai.top/gaydar-gd-035-swang-x-araw/,https://upload.xemtrai.top/2026/06/HK60QEebMAAYEYj-720x380.jpg,Asia video; Gay video,https://drive.google.com/file/d/1EytUcBBT4riLIL4-ROKhq1Y37GUgjofI/view?usp=sharing,1,1,FALSE,
80110,Bevis x TusGunn x Bobby – Doctor checking,https://xemtrai.top/bevis-x-tusgunn-x-bobby-doctor-checking/,https://upload.xemtrai.top/2026/06/Bevis-x-Tus-x-Bobby.mp4_20260625_204429.818-720x380.jpg,Gay video; Vietnam video,https://drive.google.com/file/d/1qTuH8jMC2k-3IRYiw7crAxc9pHXAIXmT/view?usp=sharing,1,1,FALSE,
80109,Thetsiam_ x araw1069,https://xemtrai.top/thetsiam_-x-araw1069/,https://upload.xemtrai.top/2026/06/Thetsiam_-x-araw1069.mp4_20260625_205846.263-720x380.jpg,Gay video; Vietnam video,https://drive.google.com/file/d/1z1SuuL0zFbzFSRtX_mEn5LUPajpfNNZk/view?usp=sharing,1,2,FALSE,
80108,TUSGunn x SoiDam01,https://xemtrai.top/tusgunn-x-soidam01/,https://upload.xemtrai.top/2026/06/TUS.Gunn-x-SoiDam01.mp4_20260625_205937.619-720x380.jpg,Gay video; Vietnam video,https://drive.google.com/file/d/1RWPklgbWSRCscnyTy46giNydhun6wYeQ/view?usp=sharing,1,2,FALSE,
80107,TUSGunn x Albert,https://xemtrai.top/tusgunn-x-albert/,https://upload.xemtrai.top/2026/06/Tus-x-Albertduong-720x380.jpg,Gay video; Vietnam video,https://drive.google.com/file/d/12rArE677kxGYWOQMmM24XsNOgO0lF7zu/view?usp=sharing,1,2,FALSE,
80062,Kenvin Tiến Quân x Heizai,https://xemtrai.top/kenvin-tien-quan-x-heizai/,https://upload.xemtrai.top/2026/06/kenvin-heizai.mp4_20260623_223827.431-720x380.jpg,Gay video; Vietnam video,https://drive.google.com/file/d/1BtXt1OrdU5oley38asXvs9EOJldg1OJe/view?usp=sharing,1,2,FALSE,
80061,TUSGunn x bagelijun x TonyHung,https://xemtrai.top/tusgunn-x-bagelijun-x-tonyhung/,https://upload.xemtrai.top/2026/06/TUSGunn-x-bagelijun-x-TonyHung-720x380.jpg,Gay video; Vietnam video,https://drive.google.com/file/d/1pTFwQpWJIULWnFrUfCzLHE0VkfKYkM7I/view?usp=sharing,1,2,FALSE,
80033,Binkycum Fuck slim boy,https://xemtrai.top/binkycum-fuck-slim-boy/,https://upload.xemtrai.top/2026/06/BInky-cum-Fuck-720x380.jpg,Gay video; Vietnam video,https://drive.google.com/file/d/1_3JDzAOGC3Y-1v4OuRTQvfjwPOVJi2jD/view?usp=sharing,1,2,FALSE,
80032,TUS Gunn with the cute boy,https://xemtrai.top/tus-gunn-with-the-cute-boy/,https://upload.xemtrai.top/2026/06/Tus-720x380.jpg,Gay video; Vietnam video,https://drive.google.com/file/d/1T2m1I9f2Slz2k3WVoLIuG0miQeMN4ULJ/view?usp=sharing,1,2,FALSE,
80031,Seachan x Philippin boy,https://xemtrai.top/seachan-x-philippin-boy/,https://upload.xemtrai.top/2026/06/Seacahn-Philippin-boy-720x380.jpg,Gay video; Vietnam video,https://drive.google.com/file/d/1JZKLnPJ_vnnEoQO6gHDn9w95PZCW3I1p/view?usp=sharing,1,2,FALSE,
80030,callboy Van Chien,https://xemtrai.top/callboy-van-chien-2/,https://upload.xemtrai.top/2026/06/VanChien-720x380.jpg,Gay video; Vietnam video,https://drive.google.com/file/d/1K9QcAlv1IYAbX4CScFSbSleR0-bV51-q/view?usp=sharing,1,2,FALSE,
80029,Seachan Bangkok Story video 03,https://xemtrai.top/seachan-bangkok-story-video-03/,https://upload.xemtrai.top/2026/06/Seachan-3-720x380.jpg,Gay video; Vietnam video,https://drive.google.com/file/d/1JG1zSaf5TboDSSjdA0SqD-IAUWBxsi4u/view?usp=sharing,1,2,FALSE,
80007,Lucas_big95 x EricDuong,https://xemtrai.top/lucas_big95-x-ericduong/,https://upload.xemtrai.top/2026/06/Lucas-x-EricDuong.mp4_20260620_190126.623-720x380.jpg,Gay video; Vietnam video,https://drive.google.com/file/d/1OjJdmuTqWfhZ98-0cs_o5kRypDy9q0hk/view?usp=sharing,1,2,FALSE,
80006,TUS Gunn outdooor,https://xemtrai.top/tus-gunn-outdooor/,https://upload.xemtrai.top/2026/06/TUS-Gunn-outdooor-720x380.jpg,Gay video; Vietnam video,https://drive.google.com/file/d/1ZqqKpPyJUeas6oVydt4dzoNE0csdu9Pr/view?usp=sharing,1,2,FALSE,
80005,Triet_rex x Louis_korea,https://xemtrai.top/triet_rex-x-louis_korea/,https://upload.xemtrai.top/2026/06/Louis_korea-x-Triet_rex.mp4_20260620_190421.309-720x380.jpg,Gay video; Vietnam video,https://drive.google.com/file/d/1HenVWmTDK5JhqHbyhhfEgcIZeevKiv2J/view?usp=sharing,1,2,FALSE,
80004,Seachan x Lcs0603,https://xemtrai.top/seachan-x-lcs0603/,https://upload.xemtrai.top/2026/06/Seachan1992-x-Lcs0603.mp4_20260620_185640.313-720x380.jpg,Gay video; Vietnam video,https://drive.google.com/file/d/1kL5xLWtNk69PL0NEQYPKIXTd-terQDx4/view?usp=sharing,1,2,FALSE,
80003,Triet_rex x Payu_1998,https://xemtrai.top/triet_rex-x-payu_1998/,https://upload.xemtrai.top/2026/06/Triet_rex-x-Payu1998-720x380.jpg,Gay video; Vietnam video,https://drive.google.com/file/d/1H8A8LABe_6DWZnojzVy0A0tVcjwEkWPE/view?usp=sharing,1,2,FALSE,
80000,Triet_rex x Angel_Boy_7,https://xemtrai.top/triet_rex-x-angel_boy_7/,https://upload.xemtrai.top/2026/06/fHTbMdFD-Triet_rex-x-Angel_Boy7-720x380.jpg,Gay video; Vietnam video,https://drive.google.com/file/d/1RV6yqnw2Pnw6HEM63_fnPZnPB9sSIvK_/view?usp=sharing,1,2,FALSE,
79983,Triet_rex x Seonuditto x Samuel,https://xemtrai.top/triet_rex-x-seonuditto-x-samuel/,https://upload.xemtrai.top/2026/06/IMG_20260618_211257-720x380.jpg,Gay video; Vietnam video,https://drive.google.com/file/d/1UdAOVkemFGAgXSSJzJcoyh6Yc4U1yqSx/view?usp=sharing,1,2,FALSE,
79965,Dylan Hoang Nguyen justdavonlee threesome,https://xemtrai.top/dylan-hoang-nguyen-justdavonlee-threesome/,https://upload.xemtrai.top/2026/06/DylanNguyen-3some.mp4_20260617_213427.710-720x380.jpg,Gay video; Vietnam video,https://drive.google.com/file/d/1dq2xqt3dHlI9arrlt-p7a4drRDd1ek96/view?usp=sharing,1,2,FALSE,
79964,Nhphucloc2k x bodyfuse9 firstyouno2,https://xemtrai.top/nhphucloc2k-x-bodyfuse9-firstyouno2/,https://upload.xemtrai.top/2026/06/Nhphucloc2k-x-bodyfuse9-firstyouno2.mp4_20260617_210220.282-720x380.jpg,Gay video; Vietnam video,https://drive.google.com/file/d/1jpqrTij9D3HzK7PfqgwUtQaLPTkm2GqG/view?usp=sharing,1,3,FALSE,
79963,Triet_rex x Cheesebiite,https://xemtrai.top/triet_rex-x-cheesebiite/,https://upload.xemtrai.top/2026/06/Triet-720x380.jpg,Gay video; Vietnam video,https://drive.google.com/file/d/1vCQF5qtiYeD4BRolbVxi_W_XDe4AKv2a/view?usp=sharing,1,3,FALSE,
79936,Dylan justdavonlee – Bangkok Sauna,https://xemtrai.top/dylan-justdavonlee-bangkok-sauna/,https://upload.xemtrai.top/2026/06/Dylan-Bangkok-sauna.mp4_20260614_214057.424-720x380.jpg,Gay video; Vietnam video,https://drive.google.com/file/d/1d2rrZG8GKY4i7z-ZjJ3izCu3N5n_xgMz/view?usp=sharing,1,3,FALSE,
79934,Valerio20cm,https://xemtrai.top/valerio20cm/,https://upload.xemtrai.top/2026/06/valerio20x-720x380.jpg,Gay video; Vietnam video,https://drive.google.com/file/d/1JZv3fP6JXLup6K4Bf-JKlS4ZWKel6bMv/view?usp=sharing,1,3,FALSE,
79923,Triet_rex Snack19xx,https://xemtrai.top/triet_rex-snack19xx/,https://upload.xemtrai.top/2026/06/triet-720x380.jpg,Gay video; Vietnam video,https://drive.google.com/file/d/1N-VO-DRxK8O0UtcdSF2sKLvvo1eQzF4r/view?usp=sharing,1,3,FALSE,
79917,David_lychan slave,https://xemtrai.top/david_lychan-slave/,https://upload.xemtrai.top/2026/06/david-720x380.jpg,Gay video; Vietnam video,https://drive.google.com/file/d/1R4pvv_07s6AOq-gq3VasqEdz4jQNxODJ/view?usp=sharing,1,3,FALSE,
79918,Binkycum Cum boy,https://xemtrai.top/binkycum-cum-boy/,https://upload.xemtrai.top/2026/06/SYSi50Sj-binky-720x380.jpg,Gay video; Vietnam video,https://drive.google.com/file/d/13a6JKOiiQTxGaaUOfekQDSECp5BaFEgE/view?usp=sharing,1,3,FALSE,
79919,Viet_203 x kc881xoxo,https://xemtrai.top/viet_203-x-kc881xoxo/,https://upload.xemtrai.top/2026/06/viet_203-720x380.jpg,Gay video; Vietnam video,https://drive.google.com/file/d/1EuFVGOwIqC3-3zy2SWCwtcF9XfPAH-wV/view?usp=sharing,1,3,FALSE,
79901,Binkycum Fuck,https://xemtrai.top/binkycum-fuck/,https://upload.xemtrai.top/2026/06/binky-fuck.mp4_20260611_202656.460-720x380.jpg,Gay video; Vietnam video,https://drive.google.com/file/d/1NhRSTUW32wAl0uTartazUXkWMEEIoXZB/view?usp=sharing,1,3,FALSE,
79879,Dylan Hoang Nguyen justdavonlee,https://xemtrai.top/dylan-hoang-nguyen-justdavonlee-2/,https://upload.xemtrai.top/2026/06/DylanHoang.mp4_20260610_212501.714-720x380.jpg,Gay video; Vietnam video,https://drive.google.com/file/d/1XHEi7adiRlobo0nbKx4jpOuJ3p4Vw4bg/view?usp=sharing,1,3,FALSE,
79881,Triet rex x Ebonymeow x Samvunivers,https://xemtrai.top/triet-rex-x-ebonymeow-x-samvunivers/,https://upload.xemtrai.top/2026/06/Triet-rex-x-Ebonymeow-x-Samvunivers.mp4_20260610_212249.872-720x380.jpg,Gay video; Vietnam video,https://drive.google.com/file/d/1886OvJPdET8d-sy-_P23ngEX7x2nojtN/view?usp=sharing,1,3,FALSE,
79880,Kenvin Tiến Quân x zerofxxker,https://xemtrai.top/kenvin-tien-quan-x-zerofxxker/,https://upload.xemtrai.top/2026/06/CallmeKenvin-x-zerofxxker.mp4_20260610_212411.368-720x380.jpg,Gay video; Vietnam video,https://drive.google.com/file/d/1bM4_cSPvewDCoPglP8sSRh4hFbNqVjZn/view?usp=sharing,1,3,FALSE,
79865,Logan Nguyen x Saeroi,https://xemtrai.top/logan-nguyen-x-saeroi/,https://upload.xemtrai.top/2026/06/Logan-Nguyen-Saeroi.mp4_20260610_212612.636-720x380.jpg,Gay video; Vietnam video,https://drive.google.com/file/d/1bF6BLFqD9Nx8mPtlXa7d3BnRgDM3Kbw7/view?usp=sharing,1,3,FALSE,
79866,Bevis x Fred – My Buddy,https://xemtrai.top/bevis-x-fred-my-buddy/,https://upload.xemtrai.top/2026/06/Bevis-x-Fred-My-Buddy.mp4_20260610_215704.859-1-720x380.jpg,Gay video; Vietnam video,https://drive.google.com/file/d/11u_E8MLCNXBG34i4Pfah60brVYCRG4GF/view?usp=sharing,1,3,FALSE,
79882,Valerio20X em bot slim toc 2 mái đẹp trai,https://xemtrai.top/valerio20x-em-bot-slim-toc-2-mai-dep-trai/,https://upload.xemtrai.top/2026/06/Valerio20X-720x380.jpg,Gay video; Vietnam video,https://drive.google.com/file/d/1O4HVybEu51102UNXp7NazniCLcPq8ROT/view?usp=sharing,1,3,FALSE,
79856,CuChuoi16cm Chrisxxxtt,https://xemtrai.top/cuchuoi16cm-chrisxxxtt/,https://upload.xemtrai.top/2026/06/CuChuoi16cmChrisxxxtt.mp4_20260610_212148.763-720x380.jpg,Gay video; Vietnam video,https://drive.google.com/file/d/10TRmiSrxmS8l27HmzEQgJCZp9q8bPNhS/view?usp=sharing,1,3,FALSE,
79857,Cuchuoi16cm Houuu Dua Hau,https://xemtrai.top/cuchuoi16cm-houuu-dua-hau/,https://upload.xemtrai.top/2026/06/Cuchuoi16cm-Houuu-Dua-Hau.mp4_20260610_212128.020-720x380.jpg,Gay video; Vietnam video,https://drive.google.com/file/d/1sidz6YLm_aZbhNMO2lp7XTwXICHBc7yV/view?usp=sharing,1,3,FALSE,
79848,185joseph No.96,https://xemtrai.top/185joseph-no-96/,https://upload.xemtrai.top/2026/06/96-720x380.jpg,Asia video; Gay video,https://drive.google.com/file/d/1wqzqOnIDsA6BfB3HdJAHC44-y3nyMrRB/view?usp=sharing,1,3,FALSE,
79847,Dylan Hoang Nguyen justdavonlee,https://xemtrai.top/dylan-hoang-nguyen-justdavonlee/,https://upload.xemtrai.top/2026/06/When-the-chemistry-is-right-you-know-it-is-hot-as-fuckkkkkkkk.mp4_20260609_193729.442-720x380.jpg,Gay video; Vietnam video,https://drive.google.com/file/d/1oXlFGEoOJ2QPFbAHlMZFmTFie0PyHB-U/view?usp=sharing,1,4,FALSE,
79839,Ho Vinh Khoa x Rhonee x Swang,https://xemtrai.top/ho-vinh-khoa-x-rhonee-x-swang/,https://upload.xemtrai.top/2026/06/HoVinhKhoa-x-Swang-720x380.png,Gay video; Vietnam video,https://drive.google.com/file/d/12XrSlrK5vXIvpv3VOzG5qG476BisBW94/view?usp=sharing,1,4,FALSE,
79818,Kenvin Tiến Quân x Hot korean bttom dotori305,https://xemtrai.top/kenvin-tien-quan-x-hot-korean-bttom-dotori305/,https://upload.xemtrai.top/2026/06/Hot-korean-bttom-dotori305.mp4_20260607_222601.602-720x380.jpg,Gay video; Vietnam video,https://drive.google.com/file/d/1dVuyJn9XsO9gETxuvr-J4X3hAAjeGR3C/view?usp=sharing,1,4,FALSE,
79817,Seachan Bangkok Story video 02 With big cock boy,https://xemtrai.top/seachan-bangkok-story-video-02-with-big-cock-boy/,https://upload.xemtrai.top/2026/06/aA4WbQ4p-seachan-720x380.jpg,Gay video; Vietnam video,https://drive.google.com/file/d/1SN0YNTq8mgs5Bqsl5xoqaGTMbR6CVuko/view?usp=sharing,1,4,FALSE,
79798,Binkycum x Trai trung niên,https://xemtrai.top/binkycum-x-trai-trung-nien/,https://upload.xemtrai.top/2026/06/binky-720x380.jpg,Gay video; Vietnam video,,0,4,FALSE,
79770,Kenvin Tiến Quân x sammysinsss,https://xemtrai.top/kenvin-tien-quan-x-sammysinsss/,https://upload.xemtrai.top/2026/06/NEW-LAB-@sammysinsss-during-taipei-trip.mp4_20260605_231236.427-720x380.jpg,Gay video; Vietnam video,,0,4,FALSE,
79771,Triet_rex x MToptw x C4p4if,https://xemtrai.top/triet_rex-x-mtoptw-x-c4p4if/,https://upload.xemtrai.top/2026/06/MToptw-x-Triet_rex-x-C4p4if.mp4_20260605_231112.937-720x380.jpg,Gay video; Vietnam video,,0,4,FALSE,
79764,Kenvin Tiến Quân x pec_pal,https://xemtrai.top/kenvin-tien-quan-x-pec_pal/,https://upload.xemtrai.top/2026/06/kenvin-x-pec_pal48.mp4_20260604_195517.502-720x380.jpg,Gay video; Vietnam video,https://drive.google.com/file/d/12cn7_2b8JgWWAQoyW73ZQof8yhFP4BBO/view?usp=sharing,1,4,FALSE,
79741,callboy Van Chien,https://xemtrai.top/callboy-van-chien/,https://upload.xemtrai.top/2026/06/callboyVanChien.mp4_20260604_070253.791-720x380.jpg,Gay video; Vietnam video,,0,4,FALSE,
79742,Seachan x big cock boy,https://xemtrai.top/seachan-x-big-cock-boy-3/,https://upload.xemtrai.top/2026/06/Hot-new-update-uwith-big-cock-boy.mp4_20260604_070341.296-720x380.jpg,Gay video; Vietnam video,,0,4,FALSE,
79731,Bevis x Kian Pound Me Hard,https://xemtrai.top/bevis-x-kian-pound-me-hard/,https://upload.xemtrai.top/2026/06/Bevis-x-Kian-Pound-Me-Hard.mp4_20260604_070750.479-720x380.jpg,Gay video; Vietnam video,,0,4,FALSE,
79724,Seachan x muscle_hots -Bangkok Love story 01,https://xemtrai.top/seachan-x-muscle_hots-bangkok-love-story-01/,https://upload.xemtrai.top/2026/06/Seachan-x-muscle_hots-Bangkok-Love-story-01.mp4_20260603_200024.056-720x380.jpg,Gay video; Vietnam video,https://drive.google.com/file/d/1MrkzpHQK9LoT2LVPl_WwfQk8ukcmOYoo/view?usp=sharing,1,4,FALSE,
79708,7ducal,https://xemtrai.top/7ducal/,https://upload.xemtrai.top/2026/06/7ducal.mp4_20260603_190332.436-720x380.jpg,Gay video; Vietnam video,,0,4,FALSE,
79692,Hot Tiktoker Nguyen Dinh Trung P6,https://xemtrai.top/hot-tiktoker-nguyen-dinh-trung-p6/,https://upload.xemtrai.top/2026/06/Hot-Tiktoker-Nguyen-Dinh-Trung-P6.mp4_20260601_193004.984-720x380.jpg,Solo; Vietnam video,https://drive.google.com/file/d/1bUOWoQx_rlZEPWuk9QuIRIsNWo5gAT64/view?usp=sharing,1,4,FALSE,
79693,Hot Tiktoker Nguyen Dinh Trung P5,https://xemtrai.top/hot-tiktoker-nguyen-dinh-trung-p5/,https://upload.xemtrai.top/2026/06/Hot-Tiktoker-Nguyen-Dinh-Trung-P5.mp4_20260601_192715.172-720x380.jpg,Solo; Vietnam video,https://drive.google.com/file/d/1VakTUBrSz36X64cmPkrffuyXjjlOgYp-/view?usp=drive_link,1,4,FALSE,
79694,Hot Tiktoker Nguyen Dinh Trung P4,https://xemtrai.top/hot-tiktoker-nguyen-dinh-trung-p4/,https://upload.xemtrai.top/2026/06/Hot-Tiktoker-Nguyen-Dinh-Trung-P4.mp4_20260601_192653.248-720x380.jpg,Solo; Vietnam video,https://drive.google.com/file/d/1Ff1zxjREGfxELdpfa_Bw52ofNmhxa-FN/view?usp=sharing,1,4,FALSE,
79695,Seachan x Philippine boy,https://xemtrai.top/seachan-x-philippine-boy/,https://upload.xemtrai.top/2026/06/Seachan-x-Philippine-boy.mp4_20260601_191638.203-720x380.jpg,Gay video; Vietnam video,https://drive.google.com/file/d/1ToX6wxRNLpNLmaMbIEy2Nx6TG3mDutY-/view?usp=sharing,1,4,FALSE,
79696,Viet_203 x blackpeachboy,https://xemtrai.top/viet_203-x-blackpeachboy/,https://upload.xemtrai.top/2026/06/Viet_203-x-blackpeachboy.mp4_20260601_195450.835-720x380.jpg,Gay video; Vietnam video,https://drive.google.com/file/d/184JwDpb4ham0smHRKUpaiCh6g3bN1bAC/view?usp=sharing,1,4,FALSE,
79691,185joseph no.95,https://xemtrai.top/185joseph-no-95/,https://upload.xemtrai.top/2026/06/185joseph-no.95.mp4_20260601_195339.345-720x380.jpg,Asia video; Gay video,https://drive.google.com/file/d/1pq1-1eUiE7isAWhQJbJUz9SGKKDmVuqv/view?usp=drive_link,1,5,FALSE,
79689,lcs0603 x imyour_seven,https://xemtrai.top/lcs0603-x-imyour_seven/,https://upload.xemtrai.top/2026/06/lcs0603-x-imyour_seven.mp4_20260601_192826.960-720x380.jpg,Gay video; Vietnam video,https://drive.google.com/file/d/1nns0DkB8nniLSCRO2vwCHclnONpuhR48/view?usp=sharing,1,5,FALSE,
79690,Kenvin Tiến Quân x jkl1988,https://xemtrai.top/kenvin-tien-quan-x-jkl1988/,https://upload.xemtrai.top/2026/06/Kenvin-x-jkl1988.mp4_20260601_195144.645-720x380.jpg,Gay video; Vietnam video,https://drive.google.com/file/d/1eNsMCrQ2RT26OPa7VN02-5pbUj8cdqSH/view?usp=drive_link,1,5,FALSE,
79668,Samuel22112002 x frxng89,https://xemtrai.top/samuel22112002-x-frxng89/,https://upload.xemtrai.top/2026/05/Samuel22112002-x-frxng89.mp4_20260531_231401.907-720x380.jpg,Gay video; Vietnam video,https://drive.google.com/file/d/1KFDkntHgNYQev52aBaBCSHcPGdBusbkn/view?usp=sharing,1,5,FALSE,
79669,ChubedamSG-top deo kinh 20cmin spa,https://xemtrai.top/chubedamsg-top-deo-kinh-20cmin-spa/,https://upload.xemtrai.top/2026/05/ChubedamSG-top-deo-kinh-20cm.mp4_20260531_231130.419-720x380.jpg,Gay video; Vietnam video,https://drive.google.com/file/d/1_YLAWAUXiQrKAcwrTRiltA56wIToRZZD/view?usp=sharing,1,5,FALSE,
79670,Seachan Fuck in spa,https://xemtrai.top/seachan-fuck-in-spa/,https://upload.xemtrai.top/2026/05/Seachan-Fuck-in-spa.mp4_20260531_231307.183-720x380.jpg,Gay video; Vietnam video,https://drive.google.com/file/d/1BR6yrp-q8n2dV8bP0mOu6hOecoshtVO0/view?usp=sharing,1,5,FALSE,
79671,Seachan x hot straight big cock,https://xemtrai.top/seachan-x-hot-straight-big-cock/,https://upload.xemtrai.top/2026/05/Seachan-x-hot-straight-big-cock.mp4_20260531_231217.260-720x380.jpg,Gay video; Vietnam video,https://drive.google.com/file/d/1lg_F2JOxTMBtPNB5WiKawh8X0m-jwTKJ/view?usp=sharing,1,5,FALSE,
79646,Zyn Topgymmer x Bot tattoo 2k7,https://xemtrai.top/zyn-topgymmer-x-bot-tattoo-2k7/,https://upload.xemtrai.top/2026/05/Zyn-Topgymmer-x-Bot-tattoo-2k7.mp4_20260531_210539.287-720x380.jpg,Gay video; Vietnam video,https://drive.google.com/file/d/1Uyd1K7eNQBjfTrE5-zIpFDXalVKuZxUb/view?usp=sharing,1,5,FALSE,
79641,Binkycum x Trai xam minh P2,https://xemtrai.top/binkycum-x-trai-xam-minh-p2/,https://upload.xemtrai.top/2026/05/binky.mp4_20260530_190502.879-720x380.jpg,Gay video; Vietnam video,https://drive.google.com/file/d/1E1A3TPW9lOXC2ZOszL7nGIuIO6nfo-CC/view?usp=sharing,1,5,FALSE,
79603,Binkycum x Trai xam minh P1,https://xemtrai.top/binkycum-x-trai-xam-minh-p1/,https://upload.xemtrai.top/2026/05/Binkycum-x-Trai-xam-minh-P1.mp4_20260529_192816.515-720x380.jpg,Gay video; Vietnam video,https://drive.google.com/file/d/1DAjSoJOlY-Py0DH5mWSXjmMT-emxX3B8/view?usp=sharing,1,5,FALSE,
79602,185joseph x jy2210,https://xemtrai.top/185joseph-x-jy2210/,https://upload.xemtrai.top/2026/05/185joseph-x-jy2210.mp4_20260529_192754.430-720x380.jpg,Asia video; Gay video,https://drive.google.com/file/d/14TLHpV-oZ9bu6rEoiWGuyzYj_6weeZQk/view?usp=sharing,1,5,FALSE,
79592,Hinz x Top gym 6 mui P1,https://xemtrai.top/hinz-x-top-gym-6-mui-p1/,https://upload.xemtrai.top/2026/05/Hinz-x-Top-gym-6-mui-P1.mp4_20260527_230847.300-720x380.jpg,Gay video; Vietnam video,https://drive.google.com/file/d/1woz2nf9obt-p8k4svoCraiZeOiJAqlEV/view?usp=sharing,1,5,FALSE,
79593,Hinz x Top gym 6 mui P2,https://xemtrai.top/hinz-x-top-gym-6-mui-p2/,https://upload.xemtrai.top/2026/05/Hinz-x-Top-gym-6-mui-P2.mp4_20260527_230917.227-720x380.jpg,Gay video; Vietnam video,https://drive.google.com/file/d/1Y0qKP9bEd_1xq_fuRptHCWpAHMlPpHNB/view?usp=sharing,1,5,FALSE,
79594,Hot Tiktoker Nguyen Dinh Trung P3,https://xemtrai.top/hot-tiktoker-nguyen-dinh-trung-p3/,https://upload.xemtrai.top/2026/05/Hot-Tiktoker-Nguyen-Dinh-Trung-P3.mp4_20260527_231011.176-720x380.jpg,Solo; Vietnam video,https://drive.google.com/file/d/1Bdu51BeoyyrVHFVUz9n3UDdCUTbZujHG/view?usp=sharing,1,5,FALSE,
79595,Hot Tiktoker Nguyen Dinh Trung P2,https://xemtrai.top/hot-tiktoker-nguyen-dinh-trung-p2/,https://upload.xemtrai.top/2026/05/Hot-Tiktoker-Nguyen-Dinh-Trung-P2.mp4_20260527_230940.654-720x380.jpg,Solo; Vietnam video,https://drive.google.com/file/d/1k8-D4qc_M5HZNvYLAsx1f_w2X8q8fR7R/view?usp=sharing,1,5,FALSE,
79570,Kong0sleep little pretty bottom,https://xemtrai.top/kong0sleep-little-pretty-bottom/,https://upload.xemtrai.top/2026/05/Kong0sleep-little-pretty-bottom.mp4_20260526_202720.751-720x380.jpg,Gay video; Vietnam video,https://drive.google.com/file/d/1b-P90oHfoXHBCfcDKLPM3yzbfloeXg6n/view?usp=sharing,1,5,FALSE,
79568,Seachan x Erosterique,https://xemtrai.top/seachan-x-erosterique/,https://upload.xemtrai.top/2026/05/Seachan-x-muscle-boy.mp4_20260526_202611.079-720x380.jpg,Gay video; Vietnam video,https://drive.google.com/file/d/1AusvPRq_OPL6s3roOb9gYPChDqiOfYu5/view?usp=sharing,1,5,FALSE,
79569,Seachan x Timothyg58,https://xemtrai.top/seachan-x-timothyg58/,https://upload.xemtrai.top/2026/05/Seachan-x-Thai-boy.mp4_20260526_202627.298-720x380.jpg,Gay video; Vietnam video,https://drive.google.com/file/d/1u3DrEYKxgtvUWMO6GMKWU-FLws86YzKA/view?usp=drive_link,1,5,FALSE,
79544,ChubedamSG,https://xemtrai.top/chubedamsg-2/,https://upload.xemtrai.top/2026/05/chubedamSG.mp4_20260524_180621.372-720x380.jpg,Gay video; Vietnam video,https://drive.google.com/file/d/1l0bQ9ybCrdzFNL0C4TcP84anQ-IaGLHk/view?usp=sharing,1,6,FALSE,
79545,Handsome Bottom Blowjobs Vietnamese Top Hinz Part 1,https://xemtrai.top/handsome-bottom-blowjobs-vietnamese-top-hinz-part-1/,https://upload.xemtrai.top/2026/05/Handsome-Bottom-Blowjobs-Vietnamese-Top-Hinz-p1.mp4_20260524_180634.035-720x380.jpg,Gay video; Vietnam video,https://drive.google.com/file/d/162luNjCFq8aQX9HtjeCrxt8L8ypb1qhh/view?usp=sharing,1,6,FALSE,
79546,Handsome Bottom Blowjobs Vietnamese Top Hinz Part 2,https://xemtrai.top/handsome-bottom-blowjobs-vietnamese-top-hinz-part-2/,https://upload.xemtrai.top/2026/05/Handsome-Bottom-Blowjobs-Vietnamese-Top-Hinz-p2.mp4_20260524_180647.743-720x380.jpg,Gay video; Vietnam video,https://drive.google.com/file/d/1O4Cgl2GPneLCIKQf4uKAH726AdOZJ4Dz/view?usp=sharing,1,6,FALSE,
79547,Kong0sleep,https://xemtrai.top/kong0sleep-10/,https://upload.xemtrai.top/2026/05/KONG.mp4_20260524_180655.632-720x380.jpg,Gay video; Vietnam video,https://drive.google.com/file/d/1SxhtgIgqcY6xfnm66SzNjnH-OYnDaZAH/view?usp=sharing,1,6,FALSE,
79548,Seachan – Straight Muscle Big,https://xemtrai.top/seachan-straight-muscle-big/,https://upload.xemtrai.top/2026/05/photo_2026-05-24_17-55-30-720x380.jpg,Gay video; Vietnam video,https://drive.google.com/file/d/19Y-Pwl5WFQ2r3yZ_UYSYwOku2n73sBsJ/view?usp=sharing,1,6,FALSE,
79531,Lucas_big95 x Sky,https://xemtrai.top/lucas_big95-x-sky/,https://upload.xemtrai.top/2026/05/Lucas-x-Sky999-720x380.jpg,Gay video; Vietnam video,https://drive.google.com/file/d/16dA0FxO9GS1Na_JoSVZzaSiCeW4CCKQp/view?usp=sharing,1,6,FALSE,
79528,Kenvin Tiến Quân x Swang,https://xemtrai.top/kenvin-tien-quan-x-swang/,https://upload.xemtrai.top/2026/05/Kenvin-x-Swang.mp4_20260522_194302.800-720x380.jpg,Gay video; Vietnam video,https://drive.google.com/file/d/1d0e4N-Ke_s27X5sXFOnPraqTcnYRs9oA/view?usp=sharing,1,6,FALSE,
79527,Kenvin Tiến Quân x Samuel,https://xemtrai.top/kenvin-tien-quan-x-samuel/,https://upload.xemtrai.top/2026/05/Vn-labsamuel22112002.mp4_20260522_194017.177-720x380.jpg,Gay video; Vietnam video,https://drive.google.com/file/d/1391tJtTHJzONKIWSkRVn4cQVyKxwY0qh/view?usp=sharing,1,6,FALSE,
79516,Triet_rex x RugbyPlayerX,https://xemtrai.top/triet_rex-x-rugbyplayerx/,https://upload.xemtrai.top/2026/05/triet-720x380.png,Gay video; Vietnam video,https://drive.google.com/file/d/1SW03znfzSJzYfkeOux5csBL40pbo5h2G/view?usp=sharing,1,6,FALSE,
79453,Viet_203 x DeezNutsUncut,https://xemtrai.top/viet_203-x-deeznutsuncut/,https://upload.xemtrai.top/2026/05/Viet_203-x-DeezNutsUncut-720x380.jpg,Vietnam video,https://drive.google.com/file/d/1Nc_HintLzIy1sMp3WA8yF2hRlGwBSq-6/view?usp=sharing,1,6,FALSE,
79400,Lucas_big95 x Triet_Rex,https://xemtrai.top/lucas_big95-x-triet_rex/,https://upload.xemtrai.top/2026/05/Triet_Rex-720x380.jpg,Gay video; Vietnam video,https://drive.google.com/file/d/1tY8XI8hCMWJaEr0Yl4lpKrz_vKx2zDxT/view?usp=drivesdk,1,6,FALSE,
79376,Zaigym – HandsfreeB,https://xemtrai.top/zaigym-handsfreeb/,https://upload.xemtrai.top/2026/05/Untitled-720x380.jpg,Gay video; Vietnam video,https://drive.google.com/file/d/1Xbp43EWWpMpLLo8SN33bQaO59ywhmK2k/view?usp=drivesdk,1,6,FALSE,
79373,Thanhcall94 x Otisniceboy1 x Andreishonyy Part 2,https://xemtrai.top/thanhcall94-x-otisniceboy1-x-andreishonyy-part-2/,https://upload.xemtrai.top/2026/05/thanh-720x380.jpg,Gay video; Vietnam video,https://drive.google.com/file/d/14IVW-dDClTGzP8XxKXIiLw-3UI_ERai8/view?usp=drivesdk,1,6,FALSE,
79369,Thanhcall94 x Otisniceboy1 x Andreishonyy Part 1,https://xemtrai.top/thanhcall94-x-otisniceboy1-x-andreishonyy-part-1/,https://upload.xemtrai.top/2026/05/thanhcal-720x380.jpg,Gay video; Vietnam video,https://drive.google.com/file/d/1jpaH28VUgQdN_tmnbcZ2WUoQHSvXiOH_/view?usp=drivesdk,1,6,FALSE,
79365,Ex_twkst,https://xemtrai.top/ex_twkst/,https://upload.xemtrai.top/2026/05/IMG_20260510_110235-720x380.jpg,Asia video; Gay video,https://drive.google.com/file/d/1fadarh78hBF2lizg1Xdo_lumBYD9QNTX/view?usp=drivesdk,1,6,FALSE,
79344,185joseph x harry0011001,https://xemtrai.top/185joseph-x-harry0011001/,https://upload.xemtrai.top/2026/05/185-720x380.jpg,Asia video; Gay video,https://drive.google.com/file/d/1NzQkmr_rD9xCk7scRmzjEhB-jpLu3iH7/view?usp=sharing,1,6,FALSE,
79343,Viet_203 x Gymcoach234,https://xemtrai.top/viet_203-x-gymcoach234/,https://upload.xemtrai.top/2026/05/viet-720x380.jpg,Gay video; Vietnam video,https://drive.google.com/file/d/1z51kwHFRgrIgZcOQflDlF0ZzJ34fyBfJ/view?usp=sharing,1,6,FALSE,
79342,MYEDGING x Triet_rex x Caldee13,https://xemtrai.top/myedging-x-triet_rex-x-caldee13/,https://upload.xemtrai.top/2026/05/MYEDGING-x-Triet_rex-x-Caldee13-720x380.jpg,Gay video; Vietnam video,https://drive.google.com/file/d/1NaM8mehu4B-QjjDbRsI8qfgS63keRu3r/view?usp=sharing,1,6,FALSE,
79322,Kong0sleep,https://xemtrai.top/kong0sleep-9/,https://upload.xemtrai.top/2026/05/kong-720x380.jpg,Gay video; Vietnam video,https://drive.google.com/file/d/1DIxVoB7ijOt9wFvGvqKBMQT6KhDAE2XZ/view?usp=sharing,1,7,FALSE,
79292,Lạc Lạc,https://xemtrai.top/lac-lac/,https://upload.xemtrai.top/2026/05/lac-Lac-720x380.jpg,Gay video; Vietnam video,https://drive.google.com/file/d/1yA1Q7c1GfJo9XgXZ448nx4xXzYnwzKmr/view?usp=sharing,1,7,FALSE,
79288,Seachan x Hot straight big body,https://xemtrai.top/seachan-x-hot-straight-big-body/,https://upload.xemtrai.top/2026/05/KvfsLfGG-seachan-720x380.jpg,Gay video; Straight guys; Vietnam video,https://drive.google.com/file/d/1qqPwY373_n3ny0RSPSVRurahU46l-w51/view?usp=sharing,1,7,FALSE,
79250,Lucas_big95 x Top19cm,https://xemtrai.top/lucas_big95-x-top19cm/,https://upload.xemtrai.top/2026/05/QDpPRZUb-lucas-720x380.jpg,Gay video; Vietnam video,https://drive.google.com/file/d/1U6u9WadQ4ZU5NxBwweiLxtuGQ_3u2_CU/view?usp=drive_link,1,7,FALSE,
79190,Chubedamsg x anh đẹp trai slim cặc bự,https://xemtrai.top/chubedamsg-x-anh-dep-trai-slim-cac-bu/,https://upload.xemtrai.top/2026/05/chubedamsg-720x380.jpg,Gay video; Vietnam video,https://drive.google.com/file/d/1A_R7NK2otUXkkCJ6MPp9VVbremNrESfN/view?usp=drive_link,1,7,FALSE,
79192,Seachan x suck and cum with straight,https://xemtrai.top/seachan-x-suck-and-cum-with-straight/,https://upload.xemtrai.top/2026/05/seachan-720x380.jpg,Gay video; Vietnam video,https://drive.google.com/file/d/1aJBnT7ShAuIhafi3GsgZtBaQ7rD6Cwf5/view?usp=drive_link,1,7,FALSE,
79191,Seachan x some with straight,https://xemtrai.top/seachan-x-some-with-straight/,https://upload.xemtrai.top/2026/05/seachan-some-720x380.jpg,Girl video; Vietnam video,https://drive.google.com/file/d/1mJ7Sy7OFZe0yP-0fQaX8wz9f8QF6mQKU/view?usp=drive_link,1,7,FALSE,
79197,Kong0sleep – Bot HaNoi (Full),https://xemtrai.top/kong0sleep-bot-hanoi-full/,https://upload.xemtrai.top/2026/04/kong-720x380.jpg,Gay video; Vietnam video,https://drive.google.com/file/d/1PBnaQcjyUoxhMp_7zN0DqPI59hkwkIGk/view?usp=drive_link,1,7,FALSE,
79193,Seachan x suck with Straight,https://xemtrai.top/seachan-x-suck-with-straight/,https://upload.xemtrai.top/2026/05/seachan-suck-720x380.jpg,Gay video; Vietnam video,https://drive.google.com/file/d/1WXAIh1tebqJ6-xJC3Bv0KHX9mlTqH6y_/view?usp=drive_link,1,7,FALSE,
79123,CallmeKenvin Tiến Quân x Yuki_henmi,https://xemtrai.top/callmekenvin-tien-quan-x-yuki_henmi/,https://upload.xemtrai.top/2026/04/CallmeKenvin-x-Yuki_henmi.mp4_20260430_111132.966-720x380.jpg,Gay video; Vietnam video,https://drive.google.com/file/d/1F1aLWBvCPoeKja6AKB0l7Rgo3XO2B_d7/view?usp=drive_link,1,7,FALSE,
79124,Seachan x Hot clip with snack,https://xemtrai.top/seachan-x-hot-clip-with-snack/,https://upload.xemtrai.top/2026/04/snack-720x380.jpg,Gay video; Vietnam video,https://drive.google.com/file/d/1BxbC1fBJedpPLWYS-bxqA6Yw6F3I6qyv/view?usp=drive_link,1,7,FALSE,
79127,David_lychan x Trọng Ryo fucks gay boy,https://xemtrai.top/david_lychan-x-trong-ryo-fucks-gay-boy/,https://upload.xemtrai.top/2026/04/David-fuck-boy-720x380.jpg,Gay video; Vietnam video,https://drive.google.com/file/d/1sE4r20vr9Y-2qJgsA3JwdkMat547iGIR/view?usp=drive_link,1,7,FALSE,
79126,Seachan x Hair laser with Straight boy,https://xemtrai.top/seachan-x-hair-laser-with-straight-boy/,https://upload.xemtrai.top/2026/04/hair-720x380.jpg,Gay video; Vietnam video,https://drive.google.com/file/d/1f_BnXJaXJ5GX2Vf79VbfDln0vV9Y1qpQ/view?usp=drive_link,1,7,FALSE,
79122,CallmeKenvin Tiến Quân x Han cross,https://xemtrai.top/callmekenvin-tien-quan-x-han-cross/,https://upload.xemtrai.top/2026/04/Callmekenvin-x-Hancross.mp4_20260430_111054.862-720x380.jpg,Gay video; Vietnam video,https://drive.google.com/file/d/1CXOPLMaJipx5pxxS95j6XV2OGT3hW_MS/view?usp=drive_link,1,7,FALSE,
79125,Seachan x Straight guy DT 55826-2,https://xemtrai.top/seachan-x-straight-guy-dt-55826-2/,https://upload.xemtrai.top/2026/04/jEBGTZ8v-seachan-720x380.jpg,Gay video; Vietnam video,https://drive.google.com/file/d/164PBizDdOpC2G_JaC1krFHZQRucfPUlW/view?usp=drive_link,1,7,FALSE,
79128,David_lychan x Trọng Ryo fucks girl,https://xemtrai.top/david_lychan-x-trong-ryo-fucks-girl/,https://upload.xemtrai.top/2026/04/David-fuck-girl-720x380.jpg,Girl video; Vietnam video,https://drive.google.com/file/d/11LnvB0WVi78v29lV15zTRb16vkvu6DcL/view?usp=drive_link,1,7,FALSE,
79097,CallmeKenvin Tiến Quân x Viet_203,https://xemtrai.top/callmekenvin-tien-quan-x-viet_203/,https://upload.xemtrai.top/2026/04/Callmekenvin-x-Viet_203.mp4_20260429_205849.838-720x380.jpg,Gay video; Vietnam video,https://drive.google.com/file/d/1663JdAOhgd0SeRfxCE-VvhIXhU2oePZ6/view?usp=drive_link,1,7,FALSE,
79096,CallmeKenvin Tiến Quân x Mikedhasin,https://xemtrai.top/callmekenvin-tien-quan-x-mikedhasin/,https://upload.xemtrai.top/2026/04/Callmekenvin-x-Mikedhasin.mp4_20260429_205758.829-720x380.jpg,Gay video; Vietnam video,https://drive.google.com/file/d/1p-k4FlmjJ-DZ_wPryLUH9UK6TvZcYHc7/view?usp=drive_link,1,7,FALSE,
79073,Seachan x my girl newyearst6,https://xemtrai.top/seachan-x-my-girl-newyearst6/,https://upload.xemtrai.top/2026/04/Seachan-x-girl.mp4_20260428_214623.040-720x380.jpg,Girl video; Vietnam video,https://drive.google.com/file/d/1ybz5l1WTG7YWpesUindyS3l9fYilyqoJ/view?usp=drive_link,1,8,FALSE,
79047,Friendlymen,https://xemtrai.top/friendlymen-19/,https://upload.xemtrai.top/2026/04/frienfly-720x380.jpg,Straight guys; Thailand video,https://drive.google.com/file/d/1BO4gGw6MptaDc930D5l2D8MhTwYHWlyv/view?usp=drive_link,1,8,FALSE,
79046,Power some – Sky x Bevis x Lucas,https://xemtrai.top/power-some-sky-x-bevis-x-lucas/,https://upload.xemtrai.top/2026/04/lucas-x-sky-x-bevis-720x380.jpg,Gay video; Vietnam video,https://drive.google.com/file/d/1vqLpWgU_cTbisiUUOKTek6vhwCpBHlbo/view?usp=drive_link,1,8,FALSE,
79044,Lucas_big95 x Peedeedi,https://xemtrai.top/lucas_big95-x-peedeedi/,https://upload.xemtrai.top/2026/04/0bmTwsxo-lucas-720x380.jpg,Gay video; Vietnam video,https://drive.google.com/file/d/1e7pxwrptybwHjegOL1Mk18N8ZGxuYyDJ/view?usp=drive_link,1,8,FALSE,
79045,Bevis x Albert x Damian,https://xemtrai.top/bevis-x-albert-x-damian/,https://upload.xemtrai.top/2026/04/Bevis-x-Albert-x-Damian.mp4_20260428_174804.372-720x380.jpg,Gay video; Vietnam video,https://drive.google.com/file/d/1SaD1VaKB23C2CwcrW8HeTNmpuEqvEthM/view?usp=drive_link,1,8,FALSE,
78921,Dylan Hoang Nguyen Scorpioxoxx fucks Arihank,https://xemtrai.top/dylan-hoang-nguyen-scorpioxoxx-fucks-arihank/,https://upload.xemtrai.top/2026/04/Dylan-Hoang-Nguyen-Scorpioxoxx-Arihank-.mp4_20260426_163442.756-720x380.jpg,Gay video; Vietnam video,https://drive.google.com/file/d/1n2SoOUxtlh_lmeJKpX1eL5WlDTyIpMBy/view?usp=drive_link,1,8,FALSE,
78920,Lucas solo lick my ass,https://xemtrai.top/lucas-solo-lick-my-ass/,https://upload.xemtrai.top/2026/04/lucas-fuck-my-ass-720x380.jpg,Gay video; Vietnam video,https://drive.google.com/file/d/1HuGcEqLpeY3YSbRQj5lHRDVknr0w1NDt/view?usp=drive_link,1,8,FALSE,
78919,Seachan Cosplay femboy with two straight guy – P2,https://xemtrai.top/seachan-cosplay-femboy-with-two-straight-guy-p2/,https://upload.xemtrai.top/2026/04/A6eY6dgN-seachan-720x380.jpg,Gay video; Vietnam video,https://drive.google.com/file/d/1Oq27C4meViuHO08ia6dXMmH5z67q_dRx/view?usp=drive_link,1,8,FALSE,
78925,Binkycum – Cum HCM boy 17,https://xemtrai.top/binkycum-cum-hcm-boy-17/,https://upload.xemtrai.top/2026/04/binky-720x380.jpg,Gay video; Vietnam video,https://drive.google.com/file/d/171l8G7ZibJA6ctIOsFoMyMSp54ALfENC/view?usp=drive_link,1,8,FALSE,
78918,ChubedamSG ăn anh trai thẳng slim xăm mình đẹp trai quá,https://xemtrai.top/chubedamsg-an-anh-trai-thang-slim-xam-minh-dep-trai-qua/,https://upload.xemtrai.top/2026/04/chubedamsg-720x380.jpg,Gay video; Vietnam video,https://drive.google.com/file/d/1D2Vv1wRVmtGzORVafAiq2QOr72ko-18S/view?usp=drive_link,1,8,FALSE,
78923,Lucas_big95 chịch qua lại với anh trai bú giỏi,https://xemtrai.top/lucas_big95-chich-qua-lai-voi-anh-trai-bu-gioi/,https://upload.xemtrai.top/2026/04/Lucas-chich-qua-lai-720x380.jpg,Gay video; Vietnam video,https://drive.google.com/file/d/1jqwah_vVLpt-egsiFrG0KJCIWFEV0iAi/view?usp=drive_link,1,8,FALSE,
78922,Lucas_big95 x New Fan,https://xemtrai.top/lucas_big95-x-new-fan/,https://upload.xemtrai.top/2026/04/Lucas-Fan-720x380.jpg,Gay video; Vietnam video,https://drive.google.com/file/d/12b8FgrdImib3NNOZk7L0ibI2vrswuAnR/view?usp=drive_link,1,8,FALSE,
78903,Lucas_big95 x Pinky Nguyen x Albert – birthday Fucking,https://xemtrai.top/lucas_big95-x-pinky-nguyen-x-albert-birthday-fucking/,https://upload.xemtrai.top/2026/04/lucas-x-albert-720x380.jpg,Gay video; Vietnam video,https://drive.google.com/file/d/1EFSJsmmtbvBCZ4SYNwkWNA1ev4L80VTu/view?usp=drive_link,1,8,FALSE,
78874,Dominic (dominic_zheng97) × Aliray (ali7625318),https://xemtrai.top/dominic-dominic_zheng97-x-aliray-ali7625318/,https://upload.xemtrai.top/2026/04/dominic-720x380.jpg,Gay video; Vietnam video,https://drive.google.com/file/d/1dFGHRY7n6B9OtzYL3vbB3msIVuW9bGdk/view?usp=drive_link,1,8,FALSE,
78875,Evan Liu (tysyifan88) × Dominic (dominic_zheng97),https://xemtrai.top/evan-liu-tysyifan88-x-dominic-dominic_zheng97/,https://upload.xemtrai.top/2026/04/Evan-Liu-tysyifan88-×-Dominic-dominic_zheng97.mp4_20260423_225356.357-720x380.jpg,Gay video; Vietnam video,https://drive.google.com/file/d/1W86obki-0yd8SJotaykQ29sNuUE03XkS/view?usp=drive_link,1,8,FALSE,
78873,Lucas_big95 x Bro8,https://xemtrai.top/lucas_big95-x-bro8/,https://upload.xemtrai.top/2026/04/EF2Sqc6C-lucas-720x380.jpg,Gay video; Vietnam video,https://drive.google.com/file/d/1ps8mLn_-dLoYFc-t0MHLzFsZKhl4gzTO/view?usp=drive_link,1,8,FALSE,
78872,Viet_203 x Bot gym 6 múi Phillipines Thanatos,https://xemtrai.top/viet_203-x-bot-gym-6-mui-phillipines-thanatos/,https://upload.xemtrai.top/2026/04/viet_203-720x380.jpg,Gay video; Vietnam video,https://drive.google.com/file/d/1XilTS7qH3h4fdAkAVd1e3422_SmHYU1K/view?usp=drive_link,1,8,FALSE,
78871,Quân Gen Z & 2 anh bisexual x em Bot slim sinh viên,https://xemtrai.top/quan-gen-z-2-anh-bisexual-x-em-bot-slim-sinh-vien/,https://upload.xemtrai.top/2026/04/Quan-Genz-720x380.jpg,Gay video; Vietnam video,https://drive.google.com/file/d/1R0rByOgCc9b9j7aR1bLuJiGWMyBr_CD1/view?usp=drive_link,1,8,FALSE,
78834,Zaigym,https://xemtrai.top/zaigym/,https://upload.xemtrai.top/2026/04/page-720x380.jpg,Gay video; Vietnam video,https://drive.google.com/file/d/1iqTFhlupbAmHpVWGrBqs3hEBjbPe4Gph/view?usp=drive_link,1,9,FALSE,
78819,Lucas_big95 x David_lychan,https://xemtrai.top/lucas_big95-x-david_lychan/,https://upload.xemtrai.top/2026/04/david-720x380.jpg,Gay video; Vietnam video,https://drive.google.com/file/d/1omy7jF6GNOlEI98L_NWmSmrPWLQYm7_V/view?usp=drive_link,1,9,FALSE,
78818,Seachan Cosplay femboy with two straight guy – P1,https://xemtrai.top/seachan-cosplay-femboy-wiht-two-straight-guy-p1/,https://upload.xemtrai.top/2026/04/h9EvHav5-seachan-720x380.jpg,Gay video; Vietnam video,https://drive.google.com/file/d/15p0aCXts6SCznZj3hgBwBhE1Han1dPra/view?usp=drive_link,1,9,FALSE,
78798,Binkycum – Cum HN Boy 26 – Fusu084,https://xemtrai.top/binkycum-cum-hn-boy-26-fusu084/,https://upload.xemtrai.top/2026/04/fusu-720x380.jpg,Gay video; Vietnam video,https://drive.google.com/file/d/1n0ZIwILS0tsBQaJ5jz89NBYy3Jjz3ONu/view?usp=drive_link,1,9,FALSE,
78782,Lucas_big95 fucks Fan,https://xemtrai.top/lucas_big95-fucks-fan/,https://upload.xemtrai.top/2026/04/l0SVmqTI-lucas-720x380.jpg,Gay video; Vietnam video,https://drive.google.com/file/d/1THAXXwVfWr_jubYJUXpnPGaUgZbh9aOK/view?usp=drive_link,1,9,FALSE,
78748,DyLan Hoang Nguyen DarkScorpioxox – He collects Crystal ! I collect cake,https://xemtrai.top/dylan-hoang-nguyen-darkscorpioxox-he-collects-crystal-i-collect-cake/,https://upload.xemtrai.top/2026/04/AeuHRRHa-Dylan-720x380.jpg,Gay video; Vietnam video,https://drive.google.com/file/d/1AvBX979JKfDeFWaxwX_OUaEy9wyMabu6/view?usp=drive_link,1,9,FALSE,
78749,7Ducal x bot Thai Horny-ass,https://xemtrai.top/7ducal-x-bot-thai-horny-ass/,https://upload.xemtrai.top/2026/04/7Ducal-x-bot-Thai-Horny-ass.mp4_20260416_221908.871-720x380.jpg,Gay video; Vietnam video,https://drive.google.com/file/d/1SgAGD0N8qHiPsQNokbrQ18ruDABJEFtt/view?usp=drive_link,1,9,FALSE,
78715,Hot tiktoker Nguyễn Đình Trung P1,https://xemtrai.top/hot-tiktoker-nguyen-dinh-trung-p1/,https://upload.xemtrai.top/2026/04/tiktoker-720x380.jpg,Solo; Vietnam video,https://drive.google.com/file/d/14wxgplIE9IvpVSalHSJS6Ob2qGlHcS69/view?usp=sharing,1,9,FALSE,
78709,Văn Chiến x 4 anh top dâm,https://xemtrai.top/van-chien-x-4-anh-top-dam/,https://upload.xemtrai.top/2026/04/Van-chien-720x380.jpg,Gay video; Vietnam video,https://drive.google.com/file/d/1nprGsmXgX5OoJajHYNhjjgXo7K59iid_/view?usp=sharing,1,9,FALSE,
78694,Fusu084,https://xemtrai.top/fusu084/,https://upload.xemtrai.top/2026/04/fusu084-720x380.jpg,Gay video; Straight guys; Vietnam video,https://drive.google.com/file/d/1WAYws2BqBu5v9yMgG6I-nFiJbNMqPOlv/view?usp=sharing,1,9,FALSE,
78696,DyLan Hoang Nguyen DarkScorpioxox Muscubus,https://xemtrai.top/dylan-hoang-nguyen-darkscorpioxox-muscubus/,https://upload.xemtrai.top/2026/04/DyLan-Hoang-Nguyen-DarkScorpioxox-Muscubus.mp4_20260412_180612.297-720x380.jpg,Gay video; Vietnam video,https://drive.google.com/file/d/1o9MF0dACfky3kfUa6bMXBhEnfxJV3z8K/view?usp=drive_link,1,9,FALSE,
78695,Triet_rex x Subservientsg,https://xemtrai.top/triet_rex-x-subservientsg/,https://upload.xemtrai.top/2026/04/triet-720x380.jpg,Gay video; Vietnam video,https://drive.google.com/file/d/10lJ0S9Kdj6Em-sH1wPp-vcg1jnRHbvXE/view?usp=drive_link,1,9,FALSE,
78658,Lucas_big95 x Pinky Quốc Nguyên,https://xemtrai.top/lucas_big95-x-pinky-quoc-nguyen/,https://upload.xemtrai.top/2026/04/pinky-720x380.jpg,Gay video; Vietnam video,https://drive.google.com/file/d/1dIiS8vNmnyCyjCsxsZK36cs9mUX0hpDB/view?usp=drive_link,1,9,FALSE,
78659,Kiss – Sky x Bevis bottom,https://xemtrai.top/kiss-sky-x-bevis-bottom/,https://upload.xemtrai.top/2026/04/Kiss-720x380.jpg,Gay video; Vietnam video,https://drive.google.com/file/d/1tv_CDg-x1sONd7r2snvBZltRzHXL-kiY/view?usp=sharing,1,9,FALSE,
78622,Lucas_big95 x kc_bkk,https://xemtrai.top/lucas_big95-x-kc_bkk/,https://upload.xemtrai.top/2026/04/lucas-720x380.jpg,Gay video; Vietnam video,https://drive.google.com/file/d/1-FZsUguwnJxf2LqlPIkVBy395gewK7x2/view?usp=drive_link,1,9,FALSE,
78620,Sky – Swim and Horny,https://xemtrai.top/sky-swim-and-horny/,https://upload.xemtrai.top/2026/04/qvcea020-sky-720x380.jpg,Solo; Vietnam video,https://drive.google.com/file/d/1LCFLEgfgBbSjDkWecQu4zeUc-GQx-AIu/view?usp=drive_link,1,9,FALSE,
78617,Seachan x My fan,https://xemtrai.top/seachan-x-my-fan-2/,https://upload.xemtrai.top/2026/04/Seachan-x-My-fan.mp4_20260408_215248.910-720x380.jpg,Gay video; Vietnam video,https://drive.google.com/file/d/1FCCPtGOoEDjrV_j_yxZBf-LbeQtfyFJw/view?usp=drive_link,1,9,FALSE,
78621,DyLan Hoang Nguyen DarkScorpioxox,https://xemtrai.top/dylan-hoang-nguyen-darkscorpioxox-3/,https://upload.xemtrai.top/2026/04/DyLanHoangNguyen.mp4_20260408_215020.369-720x380.jpg,Gay video; Vietnam video,https://drive.google.com/file/d/1mpKNhC1CLTQFTCfOxtXy0x-LIPWGhTM3/view?usp=drive_link,1,9,FALSE,
78619,CallmeKenvin Tiến Quân x Daniel Pietro,https://xemtrai.top/callmekenvin-tien-quan-x-daniel-pietro/,https://upload.xemtrai.top/2026/04/CallmeKenvin-x-Daniel-Pietro.mp4_20260408_215725.034-720x380.jpg,Gay video; Vietnam video,https://drive.google.com/file/d/13XB9AaRzlpHBehrYpxyf1j4IQaunkFAp/view?usp=drive_link,1,10,FALSE,
78618,Nhphucloc2k x top gym 6 múi,https://xemtrai.top/nhphucloc2k-x-top-gym-6-mui/,https://upload.xemtrai.top/2026/04/ngphucloc-720x380.jpg,Gay video; Vietnam video,https://drive.google.com/file/d/1jYs80G8Qw131dbNSfYcMlCnSr6apukaO/view?usp=drive_link,1,10,FALSE,
78571,Seachan x Straight NT33879,https://xemtrai.top/seachan-x-straight-nt33879/,https://upload.xemtrai.top/2026/04/JChUnide-seachan-720x380.jpg,Gay video; Straight guys; Vietnam video,https://drive.google.com/file/d/1YB1MDswzYZjmYo8hidQ0I_f3e9DE6yTz/view?usp=sharing,1,10,FALSE,
78567,Zaigym địt top 2k4 mới chia tay người yêu P2,https://xemtrai.top/zaigym-dit-top-2k4-moi-chia-tay-nguoi-yeu-p2/,https://upload.xemtrai.top/2026/04/zaigym-720x380.jpg,Gay video; Vietnam video,https://drive.google.com/file/d/1htKsDY9_aJTo6L88cZTlRnfhgpdnoRLV/view?usp=drive_link,1,10,FALSE,
78545,Sky x Winson,https://xemtrai.top/sky-x-winson/,https://upload.xemtrai.top/2026/04/sky-720x380.jpg,Gay video; Vietnam video,https://drive.google.com/file/d/14u7sZkhJZwdigNMRKB_4G3DSOd-9MQRK/view?usp=sharing,1,10,FALSE,
78544,Binkycum x Fuck HCM24,https://xemtrai.top/binky-cum-x-fuck-hcm24/,https://upload.xemtrai.top/2026/04/binky23-720x380.jpg,Gay video; Vietnam video,https://drive.google.com/file/d/1Rzw6c5sp0Z4CA_xpDzvrU8bfqC4mHs1x/view?usp=sharing,1,10,FALSE,
78542,Dylan Hoang Nguyen DarkScorpioxox – We love game,https://xemtrai.top/dylan-hoang-nguyen-darkscorpioxox-we-love-game/,https://upload.xemtrai.top/2026/04/Dylan-Hoang-Nguyen-DarkScorpioxox-We-love-game.mp4_20260405_185211.025-720x380.jpg,Gay video; Vietnam video,https://drive.google.com/file/d/1C69L0hHwD7ejxO6TNu9pS3lJG66YqTiR/view?usp=sharing,1,10,FALSE,
78543,Binkycum x Fuck HCM23,https://xemtrai.top/binky-cum-x-fuck-hcm23/,https://upload.xemtrai.top/2026/04/binky24-720x380.jpg,Gay video; Vietnam video,https://drive.google.com/file/d/1EhCS4Ig5KDoTrJ8qgo1UK9WOaInqQW8u/view?usp=sharing,1,10,FALSE,
78534,Seachan x boy BHX,https://xemtrai.top/seachan-x-boy-bhx/,https://upload.xemtrai.top/2026/04/seachan-720x380.jpg,Gay video; Vietnam video,https://drive.google.com/file/d/16fc3DreuP_zBY_5xqFZGyNa2vwi9ieNm/view?usp=sharing,1,10,FALSE,
78505,Kong0sleep – Bot HaNoi,https://xemtrai.top/kong0sleep-bot-hanoi-3/,https://upload.xemtrai.top/2026/04/kong-720x380.jpg,Gay video; Vietnam video,https://drive.google.com/file/d/1b7mS6uktNw1yp2cNGAwNNqEKdtqW_FXu/view?usp=sharing,1,10,FALSE,
78506,Xingfufu – Bevis x Sky 3some,https://xemtrai.top/xingfufu-bevis-x-sky-3some/,https://upload.xemtrai.top/2026/04/Xingfufu-Bevis-x-Sky-3some.mp4_20260402_062611.226-720x380.jpg,Gay video; Vietnam video,https://drive.google.com/file/d/1o0UGCrqjeJSoMSpvYqmGEhwiYa6Y7Mnq/view?usp=drive_link,1,10,FALSE,
78504,Dylan Hoang Nguyen DarkScorpioxox,https://xemtrai.top/dylan-hoang-nguyen-darkscorpioxox-2/,https://upload.xemtrai.top/2026/04/Dylan-720x380.jpg,Gay video; Vietnam video,https://drive.google.com/file/d/1YOUAdSWtWcspI9q-mhPwIRtZyeYGlPPP/view?usp=drive_link,1,10,FALSE,
78486,Dylan Hoang Nguyen DarkScorpioxox – Tokyo Edition,https://xemtrai.top/dylan-hoang-nguyen-darkscorpioxox-tokyo-edition/,https://upload.xemtrai.top/2026/03/DarkScorpioxox-Tokyo-Edition.mp4_20260331_223338.165-720x380.jpg,Gay video; Vietnam video,https://drive.google.com/file/d/1dRq_BhEadQbUYo_X7hMtyFg1WbFaqk67/view?usp=sharing,1,10,FALSE,
78485,Ben nhỏ,https://xemtrai.top/ben-nho/,https://upload.xemtrai.top/2026/03/bennho.mp4_20260331_221645.335-720x380.jpg,Gay video; Vietnam video,https://drive.google.com/file/d/1Tgcp8hIdc-bJTrZv2-tK1dXSZ22QYuq8/view?usp=sharing,1,10,FALSE,
78487,Seachan fuck straight guy new,https://xemtrai.top/seachan-fuck-straight-guy-new/,https://upload.xemtrai.top/2026/03/enDnlVl3-seachan-720x380.jpg,Gay video; Vietnam video,https://drive.google.com/file/d/15XaYSFFgO7Z4qPKld1LPIwemlMg8LoWx/view?usp=sharing,1,10,FALSE,
78474,Thetsiam_ x imyour_seven,https://xemtrai.top/thetsiam_-x-imyour_seven/,https://upload.xemtrai.top/2026/03/AbZe6HFH-Thets-720x380.jpg,Gay video; Vietnam video,https://drive.google.com/file/d/175fGP7mggnVII52SHwWiPfmJdzUY3bo_/view?usp=sharing,1,10,FALSE,
78473,Valerio20X fuck em trai nhỏ con,https://xemtrai.top/valerio20x-fuck-em-trai-nho-con/,https://upload.xemtrai.top/2026/03/Valerio20X-fuck-em-trai-nho-con-720x380.jpg,Gay video; Vietnam video,https://drive.google.com/file/d/1I3RVKibW3XdKo8cucCE0fvOQYlR-V-ip/view?usp=sharing,1,10,FALSE,
78442,Patomthep poppyolf02 – Pilot couple,https://xemtrai.top/patomthep-poppyolf02-pilot-couple/,https://upload.xemtrai.top/2026/03/pilot-720x380.jpg,Gay video; Thailand video,https://drive.google.com/file/d/1npVsx8KabTr2MkyAkckK_LHGN1sD8P74/view?usp=sharing,1,10,FALSE,
78439,Viet_203 x Mister_lifter,https://xemtrai.top/viet_203-x-mister_lifter/,https://upload.xemtrai.top/2026/03/viet-720x380.jpg,Gay video; Vietnam video,https://drive.google.com/file/d/18xb6t5A6CbC_TCHdnipB4DqtgLn2mgeS/view?usp=sharing,1,11,FALSE,
78440,Valerio20X fuck anh trai dâm,https://xemtrai.top/valerio20x-fuck-anh-trai-dam/,https://upload.xemtrai.top/2026/03/valerio-720x380.jpg,Gay video; Vietnam video,https://drive.google.com/file/d/1IGEfdaBsOi4P5dN6S3QOG-QNzd845hkz/view?usp=sharing,1,11,FALSE,
78411,Dylan Hoang Nguyen DarkScorpioxox – Quiet weekend,https://xemtrai.top/dylan-hoang-nguyen-darkscorpioxox-quiet-weekend/,https://upload.xemtrai.top/2026/03/WvkTUeqY-Dylan-720x380.jpg,Gay video; Vietnam video,https://drive.google.com/file/d/1EXlAFeKey0q8QBL7kR_aze9LuHpbscNW/view?usp=drive_link,1,11,FALSE,
78413,Spider drill my hole – Bevis x Sky x Kian,https://xemtrai.top/spider-drill-my-hole-bevis-x-sky-x-kian/,https://upload.xemtrai.top/2026/03/Spider-drill-my-hole-Bevis-x-Sky-x-Kian.mp4_20260327_064048.130-720x380.jpg,Gay video; Vietnam video,https://drive.google.com/file/d/11JumlvLBHeew35bciWCr2BKXT2qZD6Jo/view?usp=drive_link,1,11,FALSE,
78412,Picun x Samuel,https://xemtrai.top/picun-x-samuel/,https://upload.xemtrai.top/2026/03/picun-720x380.jpg,Gay video; Vietnam video,https://drive.google.com/file/d/1zRgIZmErRMKI3Eo2h7mX0RGZrFKHiwJ1/view?usp=drive_link,1,11,FALSE,
78414,Triet_rex x BadPbad,https://xemtrai.top/triet_rex-x-badpbad/,https://upload.xemtrai.top/2026/03/Triet-720x380.jpg,Gay video; Vietnam video,https://drive.google.com/file/d/10JtwJ9jTe-5FUtphNfGMmPKTsmt3R2xi/view?usp=drive_link,1,11,FALSE,
78363,Fusu084-WS,https://xemtrai.top/fusu084-ws/,https://upload.xemtrai.top/2026/03/fusu-720x380.jpg,Gay video; Vietnam video,https://drive.google.com/file/d/1ML6cS82iuFwgxJnhX-pAL4L-5Wqt0bbc/view?usp=sharing,1,11,FALSE,
78360,Dylan Hoang Nguyen DarkScorpioxox x Arihank,https://xemtrai.top/dylan-hoang-nguyen-darkscorpioxox-x-arihank/,https://upload.xemtrai.top/2026/03/DarkScorpioxox-x-Arihank.mp4_20260325_221209.305-720x380.jpg,Gay video; Vietnam video,https://drive.google.com/file/d/1bZZu4l-MaTSmNwUcLpYrUDAiH8CSBU18/view?usp=sharing,1,11,FALSE,
78362,Home massage – Sky x Eric,https://xemtrai.top/home-massage-sky-x-eric/,https://upload.xemtrai.top/2026/03/Sky-x-Eric.mp4_20260325_221305.760-720x380.jpg,Gay video; Vietnam video,https://drive.google.com/file/d/1Z_EmXCdbeCX2X8o4HYcnFnIM_xmcLZQV/view?usp=sharing,1,11,FALSE,
78361,Binkycum x Fuck HCM22,https://xemtrai.top/binky-cum-x-fuck-hcm22/,https://upload.xemtrai.top/2026/03/2XT6HsBP-binky-720x380.jpg,Gay video; Vietnam video,https://drive.google.com/file/d/13i3Ek_QVBV0awqtt39Xee08kEz7BrrNh/view?usp=sharing,1,11,FALSE,
78364,Seachan x New straight,https://xemtrai.top/seachan-x-new-straight-2/,https://upload.xemtrai.top/2026/03/iKdPzy0U-seachan-720x380.jpg,Gay video; Straight guys; Vietnam video,https://drive.google.com/file/d/1de0yABsnR0nHCU-gDqA9c4QbgGZHCknt/view?usp=sharing,1,11,FALSE,
78354,Dylan Hoang Nguyen DarkScorpioxox – Blindfold is the new game,https://xemtrai.top/dylan-hoang-nguyen-darkscorpioxox-blindfold-is-the-new-game/,https://upload.xemtrai.top/2026/03/DarkScorpioxox-Blindfold-is-the-new-game.mp4_20260325_065332.565-720x380.jpg,Gay video; Vietnam video,https://drive.google.com/file/d/1HZSlPtK3NuuA-4KrFbCyiquCraFlh3EK/view?usp=sharing,1,11,FALSE,
78300,BoundHeroSM x Dylan Hoang Nguyen DarkScorpioxox – New game episode 1,https://xemtrai.top/boundherosm-x-dylan-hoang-nguyen-darkscorpioxox-new-game-episode-1/,https://upload.xemtrai.top/2026/03/dylan-hoang-Nguyen-720x380.jpg,Gay video; Vietnam video,https://drive.google.com/file/d/1uEyZuRvU9sR9nJU7x9B4U-b-JQ4-x8nz/view?usp=drive_link,1,11,FALSE,
78299,Kenvin Tiến Quân x Triet_rex,https://xemtrai.top/kenvin-tien-quan-x-triet_rex/,https://upload.xemtrai.top/2026/03/Callmekenvin-x-Triet_rex.mp4_20260322_213042.156-720x380.jpg,Gay video; Vietnam video,https://drive.google.com/file/d/1RWRXd7ThBrQM6FGB7eSHHYHDmldWVF8B/view?usp=drive_link,1,11,FALSE,
78302,Painter – Bevis x Picun,https://xemtrai.top/painter-bevis-x-picun/,https://upload.xemtrai.top/2026/03/6L6jTrwh-bevis-720x380.jpg,Gay video; Vietnam video,https://drive.google.com/file/d/1gGGjhmTXBW0TYmJDTZYHgJPDpIG8Ukjy/view?usp=drive_link,1,11,FALSE,
78304,Valerio20cm đang chịch thì e ấy sướng vãi đái,https://xemtrai.top/valerio20cm-dang-chich-thi-e-ay-suong-vai-dai/,https://upload.xemtrai.top/2026/03/valerio20-720x380.jpg,Gay video; Vietnam video,https://drive.google.com/file/d/1gonRZd45d_KnCHgNxadGvLoxFIM8IUQA/view?usp=drive_link,1,11,FALSE,
78301,Caubedamdang2k5 chơi khẩu dâm với bé bot sinh viên Luật HN,https://xemtrai.top/caubedamdang2k5-choi-khau-dam-voi-be-bot-sinh-vien-luat-hn/,https://upload.xemtrai.top/2026/03/caubedam-720x380.jpg,Gay video; Vietnam video,https://drive.google.com/file/d/1E-4jy7HnDEToD0kVhSyD2ctbAWVP7j1A/view?usp=drive_link,1,11,FALSE,
78303,Seachan fuck new girl,https://xemtrai.top/seachan-fuck-new-girl/,https://upload.xemtrai.top/2026/03/seachan-x-girl-720x380.jpg,Girl video; Vietnam video,https://drive.google.com/file/d/1YbFjYz6aeX3uYS1PTjWK6m5WFRhkzQTb/view?usp=drive_link,1,11,FALSE,
78244,Spider fuck me – Sky x Bevis x Eric,https://xemtrai.top/spider-fuck-me-sky-x-bevis-x-eric/,https://upload.xemtrai.top/2026/03/Spider-fuck-me.mp4_20260321_131207.263-720x380.jpg,Gay video; Vietnam video,https://drive.google.com/file/d/1mnxQYHw_B8V2KRsvi1Q6hgBi1QqCXgx3/view?usp=drive_link,1,12,FALSE,
78234,Heizai8 x Triet_rex,https://xemtrai.top/heizai8-x-triet_rex/,https://upload.xemtrai.top/2026/03/Triet_rex-720x380.jpg,Gay video; Vietnam video,https://drive.google.com/file/d/14ouqwHMcbfW6lQxOe4ZFR0H5X_3u1Rm-/view?usp=drive_link,1,12,FALSE,
78238,Zaigym địt top 2k4 mới chia tay người yêu P1,https://xemtrai.top/zaigym-dit-top-2k4-moi-chia-tay-nguoi-yeu-p1/,https://upload.xemtrai.top/2026/03/i6ThIFyi-zaigym-720x380.jpg,Gay video; Vietnam video,https://drive.google.com/file/d/1BvmV7QFREi8SL1wf7w10-4IHsHTpej50/view?usp=drive_link,1,12,FALSE,
78236,Thetsiam_ x Fraanz56,https://xemtrai.top/thetsiam_-x-fraanz56/,https://upload.xemtrai.top/2026/03/thets--720x380.jpg,Gay video; Vietnam video,https://drive.google.com/file/d/1IpiEET0Vrplf0LktdjZavt2pxpwbhSgo/view?usp=drive_link,1,12,FALSE,
78235,Thetsiam_ x BRENTTAMAYA,https://xemtrai.top/thetsiam_-x-brenttamaya/,https://upload.xemtrai.top/2026/03/Thets-720x380.jpg,Gay video; Vietnam video,https://drive.google.com/file/d/1s2b7egE4lYwB8tMFOVldiNMqanGuGxZS/view?usp=drive_link,1,12,FALSE,
78210,Fusu084 solo,https://xemtrai.top/fusu084-solo/,https://upload.xemtrai.top/2026/03/fusu084-720x380.jpg,Gay video; Vietnam video,https://drive.google.com/file/d/1zhb2mWl8qBHelCF7BA7-umbLBhjEULjW/view?usp=drive_link,1,12,FALSE,
78211,Albert x Boytanbinh x TimXplus,https://xemtrai.top/albert-x-boytanbinh-x-timxplus/,https://upload.xemtrai.top/2026/03/Albert-720x380.jpg,Gay video; Vietnam video,https://drive.google.com/file/d/1MaartDwvHKmkbBGgDJwxNpQ9QU2L6rCn/view?usp=drive_link,1,12,FALSE,
78209,Binkycum x Fuck HCM21,https://xemtrai.top/binky-cum-x-fuck-hcm21/,https://upload.xemtrai.top/2026/03/Fzz0E3F2-binky-720x380.jpg,Gay video; Vietnam video,https://drive.google.com/file/d/1CFKwqDSauwAMHGW-xyQP7MXT1CePRgNC/view?usp=drive_link,1,12,FALSE,
78208,Seachan x straight big body,https://xemtrai.top/seachan-x-straight-big-body/,https://upload.xemtrai.top/2026/03/ddwkWAqd-seachan-720x380.jpg,Gay video; Straight guys; Vietnam video,https://drive.google.com/file/d/1kUjSIITK2A21f05YzHLClwTepievRbC_/view?usp=drive_link,1,12,FALSE,
78175,Triet_rex x Firstyouno2 (SemenX),https://xemtrai.top/triet_rex-x-firstyouno2-semenx/,https://upload.xemtrai.top/2026/03/Gm0t7yEr-triet-720x380.jpg,Gay video; Vietnam video,https://drive.google.com/file/d/1jqtp53IcYrGWg3Q2IjjmaH1OYC9KZi_g/view?usp=sharing,1,12,FALSE,
78174,Seachan x Pinky Huy,https://xemtrai.top/seachan-x-pinky-huy/,https://upload.xemtrai.top/2026/03/pinky-720x380.jpg,Gay video; Vietnam video,https://drive.google.com/file/d/1unoSLdicoJXYhI0qhPc7S6rkZwXizu_X/view?usp=sharing,1,12,FALSE,
78140,Xingfufu – Bevis x Hunter,https://xemtrai.top/xingfufu-bevis-x-hunter/,https://upload.xemtrai.top/2026/03/Hunter.mp4_20260316_214606.918-720x380.jpg,Gay video; Vietnam video,https://drive.google.com/file/d/1UTEhx-NZtva6BCGYM83B58NcBZfs2Xw7/view?usp=sharing,1,12,FALSE,
78139,Dylan Hoang Nguyen DarkScorpioxox 7some,https://xemtrai.top/dylan-hoang-nguyen-darkscorpioxox-7some/,https://upload.xemtrai.top/2026/03/Full-house.mp4_20260316_214856.171-720x380.jpg,Gay video; Vietnam video,https://drive.google.com/file/d/1z8Ph4LU-oS2AgMchkHQvBJlF-0adPP4t/view?usp=sharing,1,12,FALSE,
78123,Bevis x Lucas_big95,https://xemtrai.top/bevis-x-lucas_big95/,https://upload.xemtrai.top/2026/03/bevis-720x380.jpg,Gay video; Vietnam video,https://drive.google.com/file/d/1lQkCGGkUlTxJDdwZvF4vOpzaBE8VaORH/view?usp=sharing,1,12,FALSE,
78125,Triet_rex x Seonuditto,https://xemtrai.top/triet_rex-x-seonuditto/,https://upload.xemtrai.top/2026/03/triet-720x380.jpg,Gay video; Vietnam video,https://drive.google.com/file/d/1FsUSrp3RX6zV9GVNDQapS-jqpxI0edwc/view?usp=sharing,1,12,FALSE,
78105,Zaigym x abcxyz301193,https://xemtrai.top/zaigym-x-abcxyz301193/,https://upload.xemtrai.top/2026/03/zaigym-720x380.jpg,Gay video; Vietnam video,https://drive.google.com/file/d/1gHOEqMKHsDwLc5jXEgHMV9FJv95G5AAJ/view?usp=sharing,1,12,FALSE,
78084,Fuck me Harder – Sky x Bevis bottom,https://xemtrai.top/fuck-me-harder-sky-x-bevis-bottom/,https://upload.xemtrai.top/2026/03/Fuck-me-Harder-Sky-x-Bevis.mp4_20260312_231210.762-720x380.jpg,Gay video; Vietnam video,https://drive.google.com/file/d/1OH6AllwQKFqen4rDR_zF0OMswKgChI2z/view?usp=sharing,1,12,FALSE,
78083,Dylan Hoang Nguyen DarkScorpioxox,https://xemtrai.top/dylan-hoang-nguyen-darkscorpioxox/,https://upload.xemtrai.top/2026/03/dylan-720x380.jpg,Gay video; Vietnam video,https://drive.google.com/file/d/1-hIRF-rFwcI47Xb94Zri2Db973_MgqDk/view?usp=sharing,1,12,FALSE,
78039,Dylan Hoang Nguyen DarkScorpioxox fucks kkrobin_,https://xemtrai.top/dylan-hoang-nguyen-darkscorpioxox-fucks-kkrobin_/,https://upload.xemtrai.top/2026/03/Dylan-Hoang-Nguyen-DarkScorpioxox-kkrobin_.mp4_20260309_222118.044-720x380.jpg,Gay video; Vietnam video,https://drive.google.com/file/d/1r0DRX9SNdVRrvX_MxQhPeYWhXdySfQEA/view?usp=sharing,1,13,FALSE,
78040,Seachan fucks straight boy,https://xemtrai.top/seachan-fucks-straight-boy-3/,https://upload.xemtrai.top/2026/03/Valentine-day-Fuck-straight.mp4_20260309_222146.476-720x380.jpg,Gay video; Straight guys; Vietnam video,https://drive.google.com/file/d/1_X9lwITAEZ4OVcAyrXu_8wq8EkK6URqA/view?usp=sharing,1,13,FALSE,
78024,Seachan x Rusia boy,https://xemtrai.top/seachan-x-rusia-boy/,https://upload.xemtrai.top/2026/03/seachan-and-rusia-boy-720x380.jpg,Gay video; Vietnam video,https://drive.google.com/file/d/1jrqoV1fYQF-byYEqd1GSHWRdgMsB1PjL/view?usp=sharing,1,13,FALSE,
77981,Kong0sleep chơi em bot đẹp trai,https://xemtrai.top/kong0sleep-choi-em-bot-dep-trai/,https://upload.xemtrai.top/2026/03/kong-720x380.jpg,Gay video; Vietnam video,https://drive.google.com/file/d/1LHDKmYRHmtlX-egvX9419VMdtRwbPfeW/view?usp=sharing,1,13,FALSE,
77982,Dylan Hoang Nguyen DarkScorpioxox fucks Fitnoyzz,https://xemtrai.top/dylan-hoang-nguyen-darkscorpioxox-fucks-fitnoyzz/,https://upload.xemtrai.top/2026/03/Dylan-Hoang-Nguyen-DarkScorpioxox-Fitnoyzz.mp4_20260305_203909.444-720x380.jpg,Gay video; Vietnam video,https://drive.google.com/file/d/1BpjA1UsxIWMSxL6ZthzfoCV_wTAOy65_/view?usp=sharing,1,13,FALSE,
77954,Dylan Hoang Nguyen DarkScorpioxo x cessargutix x pec_pal,https://xemtrai.top/dylan-hoang-nguyen-darkscorpioxo-x-cessargutix-x-pec_pal/,https://upload.xemtrai.top/2026/03/Dylan-720x380.jpg,Gay video; Vietnam video,https://drive.google.com/file/d/1n7ES-8-sMG17XaiJj9Sv-ARtSnLs9i9c/view?usp=sharing,1,13,FALSE,
77956,Binkycum – Fuck HCM20,https://xemtrai.top/binkycum-fuck-hcm20/,https://upload.xemtrai.top/2026/03/binky-720x380.jpg,Gay video; Vietnam video,https://drive.google.com/file/d/1sHaOOvSCd8ugVZXez-JvquQdhQWCEZEW/view?usp=sharing,1,13,FALSE,
77955,Seachan waxing and fucked by a straight guy,https://xemtrai.top/seachan-waxing-and-fucked-by-a-straight-guy/,https://upload.xemtrai.top/2026/03/seachan-720x380.jpg,Gay video; Vietnam video,https://drive.google.com/file/d/1XJPlSOP-q84QhHOrvtJTraMF3-Gkp3zr/view?usp=sharing,1,13,FALSE,
77927,Dylan Hoang Nguyen Scorpioatplay x JackedRebbit x kkrobin,https://xemtrai.top/dylan-hoang-nguyen-scorpioatplay-x-jackedrebbit-x-kkrobin/,https://upload.xemtrai.top/2026/03/Scorpioatplay-x-JackedRebbit-x-kkrobin.mp4_20260301_225407.557-720x380.jpg,Gay video; Vietnam video,https://drive.google.com/file/d/1Wv0pMqrcf4CsWLoaVwes8PMei4rHqiiq/view?usp=sharing,1,13,FALSE,
77915,Thets x Nainoi,https://xemtrai.top/thets-x-nainoi/,https://upload.xemtrai.top/2026/02/yN7vdtFY-Thets-720x380.jpg,Gay video; Vietnam video,https://drive.google.com/file/d/1EXMtqHeBPRa1kEhRolMUuPxrWG9BeC8G/view?usp=sharing,1,13,FALSE,
77870,Albert x Pinky – Climax – Đồng hồ ngưng đọng thời gian,https://xemtrai.top/albert-x-pinky-climax-dong-ho-ngung-dong-thoi-gian/,https://upload.xemtrai.top/2026/02/Albert-x-Pinky.mp4_20260227_214926.225-720x380.jpg,Gay video; Vietnam video,https://drive.google.com/file/d/13x0Q_OW0aL8WOA0Znc8pJPCil041M5FT/view?usp=sharing,1,13,FALSE,
77867,Sữa dâu – Anh trai xăm mình Family,https://xemtrai.top/sua-dau-anh-trai-xam-minh-family/,https://upload.xemtrai.top/2026/02/suadau-720x380.jpg,Gay video; Vietnam video,https://drive.google.com/file/d/1c8PMEcH_l8AoVp2Z1E8jRolXIrFy9-E5/view?usp=sharing,1,13,FALSE,
77869,Seachan x fuck in spa with straight guy,https://xemtrai.top/seachan-x-fuck-in-spa-with-straight-guy/,https://upload.xemtrai.top/2026/02/qUZ3Ij7K-seachan-720x380.jpg,Gay video; Straight guys; Vietnam video,https://drive.google.com/file/d/1ANK_riy2felWKq8RmViHOzATaZIy9ME0/view?usp=drive_link,1,13,FALSE,
77868,Binkycum – Fuck HCM19,https://xemtrai.top/binkycum-fuck-hcm19/,https://upload.xemtrai.top/2026/02/2KNlhAvU-binky-720x380.jpg,Gay video; Vietnam video,https://drive.google.com/file/d/1aKqOKE4Eq1H50ISk9X4Vx9XEfgj7E0RK/view?usp=sharing,1,13,FALSE,
77825,Thets,https://xemtrai.top/thets-3/,https://upload.xemtrai.top/2026/02/Thets-720x380.jpg,Gay video; Vietnam video,https://drive.google.com/file/d/1NMUld34I4ZhodLCHCo7Xv4UoJzCZRzD1/view?usp=drive_link,1,13,FALSE,
77822,Binkycum – Fuck HCM18,https://xemtrai.top/binkycum-fuck-hcm18/,https://upload.xemtrai.top/2026/02/Triet-720x380.jpg,Gay video; Vietnam video,https://drive.google.com/file/d/17s0s_H-BR0bvr0_rlWAQHUANBhP2BbQY/view?usp=sharing,1,13,FALSE,
77824,MyEdging 333,https://xemtrai.top/myedging-333/,https://upload.xemtrai.top/2026/02/MyEdging-720x380.jpg,Asia video; Gay video,https://drive.google.com/file/d/1N_M4QjaDmywC0zy-1LinEgvBXE6soAWz/view?usp=drive_link,1,13,FALSE,
77823,Seachan x fuck straight hot,https://xemtrai.top/seachan-x-fuck-straight-hot/,https://upload.xemtrai.top/2026/02/MTrXYcIA-seachan-720x380.jpg,Gay video; Straight guys; Vietnam video,https://drive.google.com/file/d/1UdlP-5wlDv3VAX-MVkq9Z_ubJQ8mmyE-/view?usp=drive_link,1,13,FALSE,
77774,Sữa dâu – Anh bán xôi,https://xemtrai.top/sua-dau-anh-ban-xoi/,https://upload.xemtrai.top/2026/02/sua-720x380.jpg,Gay video; Vietnam video,https://drive.google.com/file/d/1gIR-0F4TXQV7FTJGYvXWL8OzPd7NC2j3/view?usp=sharing,1,14,FALSE,
77775,Binkycum – Fuck HCM17,https://xemtrai.top/binkycum-fuck-hcm17/,https://upload.xemtrai.top/2026/02/vAzhoBBQ-binky-720x380.jpg,Gay video; Vietnam video,https://drive.google.com/file/d/1RMZanZ77pXwck1iPoGQmSWLGG98R3zoi/view?usp=sharing,1,14,FALSE,
77773,Seachan x Fuck straight guy new clip,https://xemtrai.top/seachan-x-fuck-straight-guy-new-clip/,https://upload.xemtrai.top/2026/02/seachan-fuck-str8-720x380.jpg,Gay video; Vietnam video,https://drive.google.com/file/d/1TROZQQBg2iBxHqy9Xhe-2hlcr3vjsWr5/view?usp=sharing,1,14,FALSE,
77749,Anh trai sửa đồng hồ – Anh cầu lông,https://xemtrai.top/anh-trai-sua-dong-ho-anh-cau-long/,https://upload.xemtrai.top/2026/02/anhtrai-720x380.jpg,Gay video; Vietnam video,https://drive.google.com/file/d/1sskAiEkvxRvcrfHoV59v8OgKfJfsaWAs/view?usp=sharing,1,14,FALSE,
77750,Logan Nguyen x Albert,https://xemtrai.top/logan-nguyen-x-albert/,https://upload.xemtrai.top/2026/02/T4XDVATC-albert-720x380.jpg,Gay video; Vietnam video,https://drive.google.com/file/d/1O_aAkVSWJZw1ZUBdNMzDz9GEgextgAWK/view?usp=sharing,1,14,FALSE,
77751,Kong0sleep – Bottom 4some (Full),https://xemtrai.top/kong0sleep-bottom-4some-full/,https://upload.xemtrai.top/2026/02/BroFYfQv-kong-720x380.jpg,Gay video; Vietnam video,https://drive.google.com/file/d/17apx6hIg4M-McvtpzAyI19GycRhQY3Ox/view?usp=sharing,1,14,FALSE,
77740,MyEdging 213 – Chuoihong98,https://xemtrai.top/myedging-213-chuoihong/,https://upload.xemtrai.top/2026/02/chuoi-720x380.jpg,Gay video; Vietnam video,https://drive.google.com/file/d/1PIqWSgfmIjq1ItzfgiBHysaqgelqelqe/view?usp=sharing,1,14,FALSE,
77732,Seachan x Vanlentine boy,https://xemtrai.top/seachan-x-vanlentine-boy/,https://upload.xemtrai.top/2026/02/R6JsflSh-seachan-720x380.jpg,Gay video; Straight guys; Vietnam video,,0,14,FALSE,
77708,MyEdging 213 – Triet_Rex,https://xemtrai.top/myedging-213-triet_rex/,https://upload.xemtrai.top/2026/02/213-720x380.jpg,Gay video; Vietnam video,https://drive.google.com/file/d/1glXeS-ss2uh-ZOEuEsGexK4abBIKVrnx/view?usp=sharing,1,14,FALSE,
77668,Binkycum – Fuck HCM16 (Full),https://xemtrai.top/binkycum-fuck-hcm16-full/,https://upload.xemtrai.top/2026/02/binky-720x380.jpg,Gay video; Vietnam video,https://drive.google.com/file/d/1nSlau-rKubn-FUjiT2dyDYrXYYyacbbY/view?usp=sharing,1,14,FALSE,
77333,Kong0sleep,https://xemtrai.top/kong0sleep-8/,https://upload.xemtrai.top/2026/01/plfaXbRF-kong-720x380.jpg,Gay video; Vietnam video,https://drive.google.com/file/d/1nb-EdMajQ2QZFXk8knyHI2ZzqUIQSp2J/view?usp=sharing,1,14,FALSE,
77667,MyEdging 318,https://xemtrai.top/myedging-318/,https://upload.xemtrai.top/2026/02/myedging-720x380.jpg,Gay video; Vietnam video,https://drive.google.com/file/d/1rwh8d-zXMtSAxpVnIO6y2jW7zwdPuvyS/view?usp=sharing,1,14,FALSE,
77666,Kong0sleep fuck bot Trung Huy,https://xemtrai.top/kong0sleep-fuck-bot-trung-huy/,https://upload.xemtrai.top/2026/02/8syjbToA-kong-720x380.jpg,Gay video; Vietnam video,https://drive.google.com/file/d/1M5HPhkHOYgkc-nH4urFfnbJ8yTKz5dy4/view?usp=sharing,1,14,FALSE,
77693,Paul x AJ Xclusive,https://xemtrai.top/paul-x-aj-xclusive/,https://upload.xemtrai.top/2026/02/Paul-x-AJ-Xclusive.mp4_20260215_165404.550-720x380.jpg,Asia video; Gay video,https://drive.google.com/file/d/1e99n9cWshbJTifIlSNh4UZdIbb0uwUf0/view?usp=sharing,1,14,FALSE,
77646,Sữa dâu – Anh sửa đồng hồ xăm mình,https://xemtrai.top/sua-dau-anh-sua-dong-ho-xam-minh/,https://upload.xemtrai.top/2026/02/sua-dau-720x380.jpg,Gay video; Vietnam video,https://drive.google.com/file/d/1WL9MjREXtCYZ9uMLkhe_iD53wOCwEuaW/view?usp=sharing,1,14,FALSE,
77628,Kong0sleep – Gym-goers,https://xemtrai.top/kong0sleep-gym-goers/,https://upload.xemtrai.top/2026/02/SWh0JTub-kong-720x380.jpg,Gay video; Vietnam video,https://drive.google.com/file/d/1Cz7oNkZFwsibfIgcezII2twA_MNo3K8W/view?usp=sharing,1,14,FALSE,
77606,Hungry for cum – Daxx Nico x Bevis,https://xemtrai.top/hungry-for-cum-daxx-nico-x-bevis/,https://upload.xemtrai.top/2026/02/BRteAhmM-bevis-720x380.jpg,Gay video; Vietnam video,https://drive.google.com/file/d/1CHNXwns9KHeSSISoq02RlMrww4A0zKbD/view?usp=sharing,1,14,FALSE,
77604,Seachan x Straight tiktoker Suck and cum,https://xemtrai.top/seachan-x-straight-tiktoker-suck-and-cum/,https://upload.xemtrai.top/2026/02/seachan-720x380.jpg,Gay video; Vietnam video,https://drive.google.com/file/d/12hNuxWj0aiEYJKISkE9WoTaM6GtBJSA1/view?usp=sharing,1,14,FALSE,
77585,Albert – Anh nhân viên trạm xăng,https://xemtrai.top/albert-anh-nhan-vien-tram-xang/,https://upload.xemtrai.top/2026/02/albert-720x380.jpg,Gay video; Vietnam video,https://drive.google.com/file/d/1DrRtDGKQRNEtMW0lHt-Te9x8n1EhLygR/view?usp=sharing,1,15,FALSE,
77562,Kong0sleep – If you become my boyfriend,https://xemtrai.top/kong0sleep-if-you-become-my-boyfriend/,https://upload.xemtrai.top/2026/02/Aj1GYlPM-kong0sleep-720x380.jpg,Gay video; Vietnam video,https://drive.google.com/file/d/1gBdDogRytxrW8fbVRoXPRNqlU7AHqWGV/view?usp=sharing,1,15,FALSE,
77561,New clip 2026 Bevis Tran Duc Vuong,https://xemtrai.top/new-clip-2026-bevis-tran-duc-vuong/,https://upload.xemtrai.top/2026/02/bevis-720x380.jpg,Gay video; Vietnam video,https://drive.google.com/file/d/1jTS1V_b2bP0xt7doQ478DSqkFTbjCqk2/view?usp=sharing,1,15,FALSE,
77558,Kong0sleep – em bot sịp dây – P2 End,https://xemtrai.top/kong0sleep-em-bot-sip-day-p2-end/,https://upload.xemtrai.top/2026/02/PvLKPEIR-kong-720x380.jpg,Gay video; Vietnam video,https://drive.google.com/file/d/18Kz4jF2GWtHM6IQCrIKJI5i6StRfbj3k/view?usp=sharing,1,15,FALSE,
77551,Lucas_big95 x Mexiimus,https://xemtrai.top/lucas_big95-x-mexiimus/,https://upload.xemtrai.top/2026/02/lucas-720x380.jpg,Gay video; Vietnam video,https://drive.google.com/file/d/1fxTvTzb11lyiaDbCb8O_tldcbaBcMUf0/view?usp=sharing,1,15,FALSE,
77512,Kong0sleep – em bot sịp dây,https://xemtrai.top/kong0sleep-em-bot-sip-day/,https://upload.xemtrai.top/2026/02/kong-720x380.jpg,Gay video; Vietnam video,https://drive.google.com/file/d/1BShbaNgW1vdalLheWwv9nb_t7X95sdio/view?usp=sharing,1,15,FALSE,
77510,Caubedamdang2k5 chịch 3some trong Toilet Trung tâm thương mại,https://xemtrai.top/caubedamdang2k5-chich-3some-trong-toilet-trung-tam-thuong-mai/,https://upload.xemtrai.top/2026/02/chubedam-720x380.jpg,Gay video; Vietnam video,https://drive.google.com/file/d/1CMEd_iAeMLbfTXpLWkU6_rC64STF2AAt/view?usp=sharing,1,15,FALSE,
77511,Cock is perfect – Bevis,https://xemtrai.top/cock-is-perfect-bevis/,https://upload.xemtrai.top/2026/02/Cock-is-perfect-Bevis.mp4_20260204_213710.315-720x380.jpg,Gay video; Vietnam video,https://drive.google.com/file/d/1LaYYUy5UV28GOFzXrgAr6IiOjoyn4ETm/view?usp=sharing,1,15,FALSE,
77477,Gymer Logan Nguyễn x Picun18,https://xemtrai.top/gymer-logan-nguyen-x-picun18/,https://upload.xemtrai.top/2026/02/Gymer-Logan-Nguyen-x-Picun18.mp4_20260202_213715.680-720x380.jpg,Gay video; Vietnam video,https://drive.google.com/file/d/1DkqgNiNHsOsbQvEbJ3i7X3eBfmFq2spi/view?usp=sharing,1,15,FALSE,
77475,Dylan Hoang Nguyen Scorpioatplay,https://xemtrai.top/dylan-hoang-nguyen-scorpioatplay/,https://upload.xemtrai.top/2026/02/Dylan-720x380.jpg,Gay video; Vietnam video,https://drive.google.com/file/d/17ZpiFwntzVyjvPstfzDeCqRqH4SdCLC2/view?usp=sharing,1,15,FALSE,
77459,Kong0sleep,https://xemtrai.top/kong0sleep-7/,https://upload.xemtrai.top/2026/02/kong0sleep-720x380.jpg,Gay video; Vietnam video,https://drive.google.com/file/d/1IC6fwiNXr53sx9JToSxbgT_WXkO2Hm5P/view?usp=sharing,1,15,FALSE,
77393,Kong0sleep – The international student boy,https://xemtrai.top/kong0sleep-the-international-student-boy/,https://upload.xemtrai.top/2026/01/w2LyfFPF-kong-720x380.jpg,Gay video; Vietnam video,https://drive.google.com/file/d/1u2_jGfvrVknrwzJ234XvpKBkESsvh89M/view?usp=sharing,1,15,FALSE,
77394,Quân Gen-Z cho trai thẳng uống nước dâm xong dụ làm bot,https://xemtrai.top/quan-gen-z-cho-trai-thang-uong-nuoc-dam-xong-du-lam-bot/,https://upload.xemtrai.top/2026/01/wPJzyzqy-quan-720x380.jpg,Gay video; Vietnam video,https://drive.google.com/file/d/1ksL_oo-9hAmR7CXDlUYXqMflFviY_XN3/view?usp=sharing,1,15,FALSE,
77391,Bevis Trần Đức Vương x Araw – Addicted to fuck,https://xemtrai.top/bevis-tran-duc-vuong-x-araw-addicted-to-fuck/,https://upload.xemtrai.top/2026/01/Bevis-x-Araw-Addicted-to-fuck.mp4_20260131_211517.088-720x380.jpg,Gay video; Vietnam video,https://drive.google.com/file/d/1kZt5Xoz8PcY-WMLH1vsVNNR-XdlNuLri/view?usp=sharing,1,15,FALSE,
77392,Seachan x Christmas Hot body and big cock straight guy,https://xemtrai.top/seachan-x-christmas-hot-body-and-big-cock-straight-guy/,https://upload.xemtrai.top/2026/01/Ro9oF7Na-seachan-720x380.jpg,Gay video; Straight guys; Vietnam video,https://drive.google.com/file/d/1JkWyba2VrWtpLadbDUGbJ_Go2fMVoDQC/view?usp=sharing,1,15,FALSE,
77365,Binkycum – Malan fuck bot dâm,https://xemtrai.top/binky-cum-malan-fuck-bot-dam/,https://upload.xemtrai.top/2026/01/malan-720x380.jpg,Gay video; Vietnam video,https://drive.google.com/file/d/1hTi8aTy2wh_PSCaHPAVA6Fee7HE24YYr/view?usp=sharing,1,15,FALSE,
77361,Like a habit – Bevis x Albert,https://xemtrai.top/like-a-habit-bevis-x-albert/,https://upload.xemtrai.top/2026/01/Like-habit.mp4_20260128_223752.860-720x380.jpg,Gay video; Vietnam video,https://drive.google.com/file/d/1RzyzYr4YEHftybNRzbcoSICpEI80mLxO/view?usp=sharing,1,15,FALSE,
77342,Bevis Trần Đức Vương x Heizai,https://xemtrai.top/bevis-tran-duc-vuong-x-heizai/,https://upload.xemtrai.top/2026/01/Bevis-x-Heizai.mp4_20260127_221235.371-720x380.jpg,Gay video; Vietnam video,https://drive.google.com/file/d/135THxAQ6GRZIVGCvk1Mco6mxZfCDgzqX/view?usp=sharing,1,15,FALSE,
77330,Topgymer – Zyn,https://xemtrai.top/topgymer-zyn-2/,https://upload.xemtrai.top/2026/01/top-720x380.jpg,Gay video; Vietnam video,https://drive.google.com/file/d/1pvPpr6dtiBrqvREE5g-Wn9v3sUx9FDZI/view?usp=sharing,1,16,FALSE,
77308,Sky as a lucky salesman,https://xemtrai.top/sky-as-a-lucky-salesman/,https://upload.xemtrai.top/2026/01/Sky-as-a-lucky-salesman.mp4_20260126_220243.579-720x380.jpg,Transgender; Vietnam video,https://drive.google.com/file/d/12yKcMihvOIOxdz3hwZ3A_YI5oF21YMkc/view?usp=sharing,1,16,FALSE,
77307,Albert x Thanhcall94,https://xemtrai.top/albert-x-thanhcall94/,https://upload.xemtrai.top/2026/01/Albert-720x380.jpg,Gay video; Vietnam video,https://drive.google.com/file/d/1boIF_WddtXz7Pp5uWmCWWc6aX-MnBd5I/view?usp=sharing,1,16,FALSE,
77215,Daddy Thiện Nguyễn,https://xemtrai.top/daddy-thien-nguyen-2/,https://upload.xemtrai.top/2026/01/daddy-720x380.jpg,Gay video; Vietnam video,https://drive.google.com/file/d/1r6qrGuv6STB7NG5QFd9kD_tjOkCwkQUl/view?usp=sharing,1,16,FALSE,
77216,Horny Bitch – Sky,https://xemtrai.top/horny-bitch-sky/,https://upload.xemtrai.top/2026/01/Horny-Bitch-Sky.mp4_20260124_220800.822-720x380.jpg,Gay video; Vietnam video,https://drive.google.com/file/d/1IBd-UW6z5YM_oOYxutg7ywe4cA6dF6WX/view?usp=sharing,1,16,FALSE,
77214,Binkycum – Cum HN Boy 18 – Fusu084,https://xemtrai.top/binkycum-cum-hn-boy-18-fusu084/,https://upload.xemtrai.top/2026/01/fusu-720x380.jpg,Gay video; Vietnam video,https://drive.google.com/file/d/1YtEFQhvTLpTvG8mdMybgRkd5cZu52eVy/view?usp=sharing,1,16,FALSE,
77217,Lucas_big95 x Binkycum,https://xemtrai.top/lucas_big95-x-binkycum/,https://upload.xemtrai.top/2026/01/T4UtFtdk-lucas-720x380.jpg,Gay video; Vietnam video,https://drive.google.com/file/d/19xaBmBLXjE3NjwYLXmcTA-TT6KvCQND9/view?usp=sharing,1,16,FALSE,
77213,Seachan x Straight fuck BDSM 014,https://xemtrai.top/seachan-x-straight-fuck-bdsm-014/,https://upload.xemtrai.top/2026/01/nvYIxm4e-seachan-720x380.jpg,Gay video; Straight guys; Vietnam video,https://drive.google.com/file/d/1U7Wq7KAZ8FXA3ITRHcZ2I05-QTN3gkP_/view?usp=sharing,1,16,FALSE,
77219,Seachan x Straight 24 VIP,https://xemtrai.top/seachan-x-straight-24-vip/,https://upload.xemtrai.top/2026/01/Seachan-x-Straight-24-VIP.mp4_20260124_220747.949-720x380.jpg,Gay video; Straight guys; Vietnam video,https://drive.google.com/file/d/1w7WhvmXuhBlMW68_v7leb8tlQxEFtxO5/view?usp=sharing,1,16,FALSE,
77155,Quân Gen Z x Sinh viên năm 2 Đại Học Hutec,https://xemtrai.top/quan-gen-z-x-sinh-vien-nam-2-dai-hoc-hutec/,https://upload.xemtrai.top/2026/01/quan-720x380.jpg,Gay video; Vietnam video,https://drive.google.com/file/d/1WQM4wfLHl3edW4nJGD7gXPC2mWS-1k_Y/view?usp=sharing,1,16,FALSE,
77156,Kong0sleep,https://xemtrai.top/kong0sleep-6/,https://upload.xemtrai.top/2026/01/1X9KGjiP-kong-720x380.jpg,Gay video; Vietnam video,https://drive.google.com/file/d/1OA2tisLPzqTiICAO0MNcaZiwsdZRFoKa/view?usp=sharing,1,16,FALSE,
77157,Kenvin Tiến Quân x bot gym China Dairan,https://xemtrai.top/kenvin-tien-quan-x-bot-gym-china-dairan/,https://upload.xemtrai.top/2026/01/OnlyFans-Nguyen-Tien-Quan-du-bot-gym-China-Dairan.mp4_20260122_215551.248-720x380.jpg,Gay video; Vietnam video,https://drive.google.com/file/d/1I1b9l9mdJEx3pudBkH8kDjKjMgiUC9PU/view?usp=sharing,1,16,FALSE,
77152,Hoa nắng boy – Thoại,https://xemtrai.top/hoa-nang-boy-thoai/,https://upload.xemtrai.top/2026/01/Thoai-720x380.jpg,Solo; Vietnam video,https://drive.google.com/file/d/1tjpKZYOd7H870GKnpCwYhUh4KVmX_YfY/view?usp=sharing,1,16,FALSE,
77154,Hoa nắng boy – Minh,https://xemtrai.top/hoa-nang-boy-minh/,https://upload.xemtrai.top/2026/01/Minh-720x380.jpg,Solo; Vietnam video,https://drive.google.com/file/d/13HFxH06E5buDWn7HwFGd2dLFDI837tXr/view?usp=sharing,1,16,FALSE,
77111,Baron Anh Huy x Le Nam x Tysyifan8,https://xemtrai.top/baron-anh-huy-x-le-nam-x-tysyifan8/,https://upload.xemtrai.top/2026/01/baron-720x380.jpg,Gay video; Vietnam video,https://drive.google.com/file/d/1W_LjpOpQmy5nTmb2todsc2JLhgDZMile/view?usp=sharing,1,16,FALSE,
77113,Dylan Hoang Nguyen Scorpioatplay x Kkkrobin x October,https://xemtrai.top/dylan-hoang-nguyen-scorpioatplay-x-kkkrobin-x-october/,https://upload.xemtrai.top/2026/01/Dylan-Hoang-Nguyen-3some-Kkkrobin-_-October.mp4_20260121_212808.729-720x380.jpg,Gay video; Vietnam video,https://drive.google.com/file/d/1-6-sbSatFFDoCKiSJl25vdJFYS8gz13g/view?usp=sharing,1,16,FALSE,
77112,Sexgame – Sky x Bevis,https://xemtrai.top/sexgame-sky-x-bevis/,https://upload.xemtrai.top/2026/01/Sexgame-Sky-x-Bevis.mp4_20260121_212706.506-720x380.jpg,Gay video; Vietnam video,https://drive.google.com/file/d/1O_TJDFev3hmagew_kTgX08VIOWi9dfVh/view?usp=sharing,1,16,FALSE,
77115,Valerio20X,https://xemtrai.top/valerio20x-4/,https://upload.xemtrai.top/2026/01/valerio20x-720x380.jpg,Gay video; Vietnam video,https://drive.google.com/file/d/1YeGf_h_l-r07vDnzgDDnHnwWBIAno0tZ/view?usp=sharing,1,16,FALSE,
77114,Seachan x Santa,https://xemtrai.top/seachan-x-santa/,https://upload.xemtrai.top/2026/01/c8f5WIXU-seachan-720x380.jpg,Gay video; Vietnam video,https://drive.google.com/file/d/1zBAMw4o0HoyQ3_KPa02_jiBUFCjNGCnY/view?usp=sharing,1,17,FALSE,
77078,Athstudio 2025 – Ball – Hot sex scenes,https://xemtrai.top/athstudio-2025-ball-hot-sex-scenes/,https://upload.xemtrai.top/2026/01/ATHstudio-720x380.jpg,Girl video; Thailand video,https://drive.google.com/file/d/1wJ5AwD6-_mzgLcNlHefxZDYqKJSblbL1/view?usp=sharing,1,17,FALSE,
77081,Pinky x Fred x Bevis – Fuck that ass,https://xemtrai.top/pinky-x-fred-x-bevis-fuck-that-ass/,https://upload.xemtrai.top/2026/01/Pinky-Fred-Bevis-Fuck-that-ass.mp4_20260119_222440.436-720x380.jpg,Gay video; Vietnam video,https://drive.google.com/file/d/1M6mWG-ZZFwSGHdwRmfbFPxkacTTFds2S/view?usp=sharing,1,17,FALSE,
77079,David_lychan 3 some,https://xemtrai.top/david_lychan-3-some/,https://upload.xemtrai.top/2026/01/david-720x380.jpg,Gay video; Vietnam video,https://drive.google.com/file/d/12xKlBM-wVsF2Z6ZDuFzbyUi_KhWb9n2z/view?usp=sharing,1,17,FALSE,
77080,Binkycum – Cum HCM boy 10,https://xemtrai.top/binkycum-cum-hcm-boy-10/,https://upload.xemtrai.top/2026/01/CtSyPokn-binky-720x380.jpg,Gay video; Vietnam video,https://drive.google.com/file/d/1_pzwNVy0y7c9la6GNTzoExIeEYfEWptT/view?usp=sharing,1,17,FALSE,
77035,Pinky x Bevis x Moon – Lucky Delivery 3Some,https://xemtrai.top/pinky-x-bevis-x-moon-lucky-delivery-3some/,https://upload.xemtrai.top/2026/01/Lucky-Delivery-3Some.mp4_20260118_215729.506-720x380.jpg,Gay video; Vietnam video,https://drive.google.com/file/d/1Qvg4nVkPrca-9B8NH1pYn9F-B7SH9cv6/view?usp=sharing,1,17,FALSE,
77034,Lucas_big95 x ebonymeoww,https://xemtrai.top/lucas_big95-x-ebonymeoww/,https://upload.xemtrai.top/2026/01/lucas-720x380.jpg,Gay video; Vietnam video,https://drive.google.com/file/d/1KH307ZQf5sWKxX6Agt212ksgXYy1lIOG/view?usp=sharing,1,17,FALSE,
77033,Kong0sleep x 2 sinh viên Hutech,https://xemtrai.top/kong0sleep-x-2-sinh-vien-hutech/,https://upload.xemtrai.top/2026/01/kong-720x380.jpg,Gay video; Vietnam video,https://drive.google.com/file/d/1iK7MtT-16ccxOjG7l_tD4URT_rMUQ7cw/view?usp=sharing,1,17,FALSE,
76975,Zaigym x Bedao_hadong07,https://xemtrai.top/zaigym-x-bedao_hadong07/,https://upload.xemtrai.top/2026/01/Zaigym-720x380.jpg,Gay video; Vietnam video,https://drive.google.com/file/d/1vhy4eXuEFlahtNgPZ66X9rAF9cxPmUO1/view?usp=sharing,1,17,FALSE,
76976,Thets,https://xemtrai.top/thets-2/,https://upload.xemtrai.top/2026/01/Thetss-720x380.jpg,Gay video; Vietnam video,https://drive.google.com/file/d/1PCKMNE5VTJfVstf1r0LJp6L6Gd695ljq/view?usp=sharing,1,17,FALSE,
76977,Seachan x Straight muscle quần ren sexy,https://xemtrai.top/seachan-x-straight-muscle-quan-ren-sexy/,https://upload.xemtrai.top/2026/01/Y4tzGWqe-seachan-720x380.jpg,Gay video; Straight guys; Vietnam video,https://drive.google.com/file/d/106N6Ao937rtrUZmiPdk1HoI13lUNkEOs/view?usp=sharing,1,17,FALSE,
76959,Seachan fuck straight guy DT-55826,https://xemtrai.top/seachan-fuck-straight-guy-dt-55826/,https://upload.xemtrai.top/2026/01/uNCS82Ek-seachan-720x380.jpg,Gay video; Vietnam video,https://drive.google.com/file/d/17Njz2HLi5zs96-06meACzd22_svFJI0M/view?usp=sharing,1,17,FALSE,
76912,Zaigym – sang nhà thằng em chơi,https://xemtrai.top/zaigym-sang-nha-thang-em-choi/,https://upload.xemtrai.top/2026/01/zaigym-gay-720x380.jpg,Gay video; Vietnam video,https://drive.google.com/file/d/1uVFYsxLRhaXxuB5OwkNqWpoJrvVjbip7/view?usp=sharing,1,17,FALSE,
76896,Bevis Trần Đức Vương x Bro8 Hot fuck,https://xemtrai.top/bevis-tran-duc-vuong-x-bro8-hot-fuck/,https://upload.xemtrai.top/2026/01/bevis-720x380.jpg,Gay video; Vietnam video,https://drive.google.com/file/d/1r9Bd88TpvAFnyPRfX1yshG6Ev3IfpSJV/view?usp=sharing,1,17,FALSE,
76760,Nice couple chapter 2 – Sky x Thủy Tạ,https://xemtrai.top/nice-couple-chapter-2-sky-x-thuy-ta/,https://upload.xemtrai.top/2026/01/nicecouple2-720x380.jpg,Girl video; Vietnam video,https://drive.google.com/file/d/1M7HX4JnIUr74_qB06Mw3r5plgJA0i3p_/view?usp=sharing,1,17,FALSE,
76759,Nice couple chapter 1 – Sky x Thủy Tạ,https://xemtrai.top/nice-couple-chapter-1-sky-x-thuy-ta/,https://upload.xemtrai.top/2026/01/nice-couple1-720x380.jpg,Girl video; Vietnam video,https://drive.google.com/file/d/15ZDvWNAwx0eki9Bnq4qw_hIClSRdaMnB/view?usp=sharing,1,17,FALSE,
76762,Two of Us – Tea ladyboy x Bevis Trần Đức Vương,https://xemtrai.top/two-of-us-tea-x-bevis-tran-duc-vuong/,https://upload.xemtrai.top/2026/01/Two-of-Us-Bevis-x-Tea-Ladyboy.mp4_20260107_211455.859-720x380.jpg,Transgender; Vietnam video,https://drive.google.com/file/d/1Dq-x_8uuP8pzl74Bab6MXc7gkKBxdWL_/view?usp=sharing,1,17,FALSE,
76758,Binkycum x boy gym Bình Tân,https://xemtrai.top/binkycum-x-boy-gym-binh-tan/,https://upload.xemtrai.top/2026/01/binky-720x380.jpg,Gay video; Vietnam video,https://drive.google.com/file/d/1qsMn1HcyJL4XLBjIiIFjwRCT6M4uCBPd/view?usp=sharing,1,17,FALSE,
76761,Seachan x chịch cầu thủ đá banh,https://xemtrai.top/seachan-x-chich-cau-thu-da-banh/,https://upload.xemtrai.top/2026/01/MuvscZnO-seachan-720x380.jpg,Gay video; Vietnam video,https://drive.google.com/file/d/1TzClfK_VOLMD4rBbToRjnjg-h8Kt6Kvr/view?usp=sharing,1,18,FALSE,
76714,Hoa nắng boy – Thac loan,https://xemtrai.top/hoa-nang-boy-thac-loan/,https://upload.xemtrai.top/2026/01/hoanang-720x380.jpg,Gay video; Vietnam video,https://drive.google.com/file/d/1IFHbAjJdogpxsCVB21HaOBlhUyOu0fuo/view?usp=sharing,1,18,FALSE,
76715,Seachan x Hot straight beer fuck me,https://xemtrai.top/seachan-x-hot-straight-beer-fuck-me/,https://upload.xemtrai.top/2026/01/beer-720x380.jpg,Gay video; Vietnam video,https://drive.google.com/file/d/1RbKCJdGSsEQEUn9BWsH3K7KLA9MlBHQC/view?usp=sharing,1,18,FALSE,
76716,Seachan x Straight HP-7494705,https://xemtrai.top/seachan-x-straight-hp-7494705/,https://upload.xemtrai.top/2026/01/QN3CElUa-seachan-720x380.jpg,Gay video; Vietnam video,https://drive.google.com/file/d/1uEt9zrnPlT805bz9sKke0k6laeBCUqpX/view?usp=sharing,1,18,FALSE,
76717,Viet_203,https://xemtrai.top/viet_203-2/,https://upload.xemtrai.top/2026/01/Viet_203.mp4_20260104_222644.313-720x380.jpg,Gay video; Vietnam video,https://drive.google.com/file/d/1u4oiUdjn6vuESEIGwMW9ffSZAtKqml2H/view?usp=sharing,1,18,FALSE,
76659,Nice couple – Sky x Bevis bottom,https://xemtrai.top/nice-couple-sky-x-bevis-bottom/,https://upload.xemtrai.top/2026/01/Nice-couple-Sky-x-Bevis-bottom.mp4_20260103_213404.326-720x380.jpg,Gay video; Vietnam video,https://drive.google.com/file/d/1LNNXBMJTINVfNg1z6RKpUFTyjP8NnHde/view?usp=sharing,1,18,FALSE,
76657,Athstudio- Benz,https://xemtrai.top/athstudio-benz/,https://upload.xemtrai.top/2026/01/ath-720x380.jpg,Asia video; Straight guys,https://drive.google.com/file/d/19RMJzaOMdkXHW-OfZ0q4Q-0pOh8j9tug/view?usp=sharing,1,18,FALSE,
76666,Seachan x Mexiimus,https://xemtrai.top/seachan-x-mexiimus/,https://upload.xemtrai.top/2026/01/seachan-720x380.jpg,Gay video; Vietnam video,https://drive.google.com/file/d/1qKlz-0Zu8KLYOLIlI8v5dHw7vUdNspYv/view?usp=sharing,1,18,FALSE,
76658,Binkycum x Cum Hanoi Boy 09,https://xemtrai.top/binkycum-x-cum-hanoi-boy-09/,https://upload.xemtrai.top/2026/01/BINKY-720x380.jpg,Gay video; Vietnam video,https://drive.google.com/file/d/18u2wQUzKyln3EcKWy15GT8yX7IjIiIBN/view?usp=sharing,1,18,FALSE,
76660,Samuel22112002 threesome,https://xemtrai.top/samuel22112002-threesome/,https://upload.xemtrai.top/2026/01/samuel-720x380.jpg,Gay video; Vietnam video,https://drive.google.com/file/d/1Gk7dfuWRWFWmNy4xMkd6p3JkpEfD7p0w/view?usp=sharing,1,18,FALSE,
76640,Dark Fighter Fucked Japanese Muscle Hunk – Daigo,https://xemtrai.top/dark-fighter-fucked-japanese-muscle-hunk-daigo/,https://upload.xemtrai.top/2025/12/Daigo-Dark-Fighter-Fucked-Japanese-Muscle-Hunk.mp4_20251231_222237.254-720x380.jpg,Asia video; Gay video,https://drive.google.com/file/d/15bEwu_zhAopoT4u14nEuMNWapktJZZFQ/view?usp=sharing,1,18,FALSE,
76600,Lucky shipper – Sky,https://xemtrai.top/lucky-shipper-sky/,https://upload.xemtrai.top/2025/12/Lucky-shipper-Sky.mp4_20251230_222651.331-720x380.jpg,Gay video; Vietnam video,https://drive.google.com/file/d/1SzOBiQysBjOnPLcNYz2EGdzXpDucO9eN/view?usp=sharing,1,18,FALSE,
76599,Nhphucloc2k,https://xemtrai.top/nhphucloc2k/,https://upload.xemtrai.top/2025/12/nhphucloc-720x380.jpg,Gay video; Vietnam video,https://drive.google.com/file/d/1Dag02E3n8diKOmg2gxsM5oID_J_uvdiW/view?usp=sharing,1,18,FALSE,
76601,Sleep over – Bevis Trần Đức Vương x Nainoi,https://xemtrai.top/sleep-over-bevis-tran-duc-vuong-x-nainoi/,https://upload.xemtrai.top/2025/12/Sleep-over-Bevis-x-Nainoi.mp4_20251230_222705.223-720x380.jpg,Gay video; Vietnam video,https://drive.google.com/file/d/1nyaVj2tk9BxG0dxJl4ozWYnWhec0s3yM/view?usp=sharing,1,18,FALSE,
76563,Kenvin Tiến Quân x bot gym China Lockedhunk,https://xemtrai.top/kenvin-tien-quan-x-bot-gym-china-lockedhunk/,https://upload.xemtrai.top/2025/12/kenvin-720x380.jpg,Gay video; Vietnam video,https://drive.google.com/file/d/1rv0_Wxkh7wsNnZx6d1O_x64BuLXaMCzI/view?usp=sharing,1,18,FALSE,
76564,Lucas_big95 x Pecpal,https://xemtrai.top/lucas_big95-x-pecpal/,https://upload.xemtrai.top/2025/12/qJGlTzef-lucas-720x380.jpg,Gay video; Vietnam video,https://drive.google.com/file/d/1qKlz-0Zu8KLYOLIlI8v5dHw7vUdNspYv/view?usp=sharing,1,18,FALSE,
76534,Seachan fuck in spa with slim boy,https://xemtrai.top/seachan-fuck-in-spa-with-slim-boy/,https://upload.xemtrai.top/2025/12/6D8zFCb4-seachan-720x380.jpg,Gay video; Vietnam video,https://drive.google.com/file/d/1Vbd4lFmDhO5BKI55I_M3KKFpMT0xjwp6/view?usp=sharing,1,18,FALSE,
76533,Triet_rex x Arihank,https://xemtrai.top/triet_rex-x-arihank/,https://upload.xemtrai.top/2025/12/Triet_rex-x-AriHank.mp4_20251228_221135.548-720x380.jpg,Gay video; Vietnam video,https://drive.google.com/file/d/1AG3A3_UlRk-4Y4wKPtthmlM3KRKSSklk/view?usp=sharing,1,18,FALSE,
76493,Triet_rex x HLV Thể hình Thái HazHuiBojili -AfterDarkHui,https://xemtrai.top/triet_rex-x-hlv-the-hinh-thai-hazhuibojili-afterdarkhui/,https://upload.xemtrai.top/2025/12/Triet-720x380.jpg,Gay video; Vietnam video,https://drive.google.com/file/d/1sbIw6mL6CjNwxbcmQAnDzg2fW0jNfjvZ/view?usp=sharing,1,19,FALSE,
76490,Lucas_big95 x Straight gym on top,https://xemtrai.top/lucas_big95-x-straight-gym-on-top/,https://upload.xemtrai.top/2025/12/9UIa5d2c-lucas-720x380.jpg,Gay video; Vietnam video,https://drive.google.com/file/d/1AGADfxyRB--vbD9SsDqaqIpWAfF6Qtvu/view?usp=sharing,1,19,FALSE,
76492,Topgymer – Zyn,https://xemtrai.top/topgymer-zyn/,https://upload.xemtrai.top/2025/12/topgymer-720x380.jpg,Gay video; Vietnam video,https://drive.google.com/file/d/1WjhKq73z6jzg9tHbgj8GqzNMCTby1d1E/view?usp=sharing,1,19,FALSE,
76491,Seachan x Straight MN24112025,https://xemtrai.top/seachan-x-straight-mn24112025/,https://upload.xemtrai.top/2025/12/5Ot1Ns7p-seachan-720x380.jpg,Gay video; Vietnam video,https://drive.google.com/file/d/1SyqSB-DrUGJ-AlmSsvNXjMgc6Jc3vBuN/view?usp=sharing,1,19,FALSE,
76440,Xingfufu – Time Wizard – Pinky x Logan x Albert,https://xemtrai.top/xingfufu-time-wizard-pinky-x-logan-x-albert/,https://upload.xemtrai.top/2025/12/XINGFUFU-TIME-WIZARD-FULLWITH-LOGAN-X-ALBERT.mp4_20251225_223423.215-720x380.jpg,Gay video; Vietnam video,https://drive.google.com/file/d/1Uoonzwh_oaDpu83Wmwd2T3juSB4GMXkE/view?usp=sharing,1,19,FALSE,
76439,Nastyhunk – Sky,https://xemtrai.top/nastyhunk-sky/,https://upload.xemtrai.top/2025/12/Nastyhunk-Sky.mp4_20251225_223221.776-720x380.jpg,Solo; Vietnam video,https://drive.google.com/file/d/1ZMr-slIC02YFrNBCVuetSpAQgzu4hGC2/view?usp=sharing,1,19,FALSE,
76438,Hothouse – Bevis x Winson,https://xemtrai.top/hothouse-bevis-x-winson/,https://upload.xemtrai.top/2025/12/Hothouse-Bevis-x-Winson.mp4_20251225_223351.008-720x380.jpg,Gay video; Vietnam video,https://drive.google.com/file/d/1jSlsKEmwZscBHYSHz4bTG20sXKnkc1P2/view?usp=sharing,1,19,FALSE,
76403,Lucas_big95 x Seachan,https://xemtrai.top/lucas_big95-x-seachan/,https://upload.xemtrai.top/2025/12/fN0GpHcD-seachan-720x380.jpg,Gay video; Vietnam video,https://drive.google.com/file/d/1ABbhJ-F_5sD0AjVZgQ_p-5sq7R5101wy/view?usp=sharing,1,19,FALSE,
76401,Thằng bạn trai thẳng slim 6 múi cặc khủng chịch em bot rên thảm,https://xemtrai.top/thang-ban-trai-thang-slim-6-mui-cac-khung-chich-em-bot-ren-tham/,https://upload.xemtrai.top/2025/12/mdQ6JoOx-bot-720x380.jpg,Gay video; Vietnam video,https://drive.google.com/file/d/1yusrfAADBX4bIHzXwujJJWyJImtllxDj/view?usp=sharing,1,19,FALSE,
76402,Alantop1069 x David_lychan x Triet_rex,https://xemtrai.top/alantop1069-x-david_lychan-x-triet_rex/,https://upload.xemtrai.top/2025/12/alantop-720x380.jpg,Gay video; Vietnam video,https://drive.google.com/file/d/1nN-xqBRMACIS1H7d45XxfzR-gjaWiLMt/view?usp=sharing,1,19,FALSE,
76389,Triet_Rex x Straight tattoo by S_chan1992,https://xemtrai.top/triet_rex-x-straight-tattoo-by-s_chan1992/,https://upload.xemtrai.top/2025/12/UkIdcUM6-triet-720x380.jpg,Gay video; Vietnam video,https://drive.google.com/file/d/1vC4F5N9b8P8ad5zEo27rpNZc9hfK6Y0R/view?usp=sharing,1,19,FALSE,
76345,Hoa nắng boy – Phú,https://xemtrai.top/hoa-nang-boy-phu/,https://upload.xemtrai.top/2025/12/hoannag-720x380.jpg,Solo; Vietnam video,https://drive.google.com/file/d/1WqdskMjQ_SeK6yxBG_QB0xAmTxUZAPls/view?usp=sharing,1,19,FALSE,
76341,David_lychan x Samuel22112002 x Viet_203 thereesome,https://xemtrai.top/david_lychan-x-samuel22112002-x-viet_203-thereesome/,https://upload.xemtrai.top/2025/12/david-720x380.jpg,Gay video; Vietnam video,https://drive.google.com/file/d/1njsnXsNfXrTSk9YpupJRlwwtLNio4dqY/view?usp=sharing,1,19,FALSE,
76342,Triet_rex x Semenx,https://xemtrai.top/triet_rex-x-semenx/,https://upload.xemtrai.top/2025/12/triet-720x380.jpg,Gay video; Vietnam video,https://drive.google.com/file/d/1VgM_de-RxT1lZ8RTCYPBHRa2aNFN1zgl/view?usp=sharing,1,19,FALSE,
76328,David_lychan x Trọng Ryo 3some,https://xemtrai.top/david_lychan-x-trong-ryo-3some/,https://upload.xemtrai.top/2025/12/page-720x380.jpg,Gay video; Vietnam video,https://drive.google.com/file/d/10DlTtZbHoZsStzKqXv1EOCZVeBgiyoL9/view?usp=sharing,1,19,FALSE,
76304,Lucas_big95 x Cheesebiite,https://xemtrai.top/lucas_big95-x-cheesebiite/,https://upload.xemtrai.top/2025/12/Emp7ulQj-lucas-720x380.jpg,Gay video; Vietnam video,https://drive.google.com/file/d/1NIVBm0esz8VzFBCTU484M4joRW-9Fxyr/view?usp=sharing,1,19,FALSE,
76303,"Chịch bot gym lực lưỡng menly rên dâm “thốn, đau anh”",https://xemtrai.top/chich-bot-gym-luc-luong-menly-ren-dam-thon-dau-anh/,https://upload.xemtrai.top/2025/12/bot-720x380.jpg,Gay video; Vietnam video,https://drive.google.com/file/d/1Zd98d0aORT0ytQmG2Y_j6ZF6zCEU3VX7/view?usp=sharing,1,19,FALSE,
76305,Seachan x Straight TP050905,https://xemtrai.top/seachan-x-straight-tp050905/,https://upload.xemtrai.top/2025/12/r6Zv0Ypd-seachan-720x380.jpg,Gay video; Straight guys; Vietnam video,https://drive.google.com/file/d/1oPJIrEIIn9riNVCW1zlIalIc6SiJxm3F/view?usp=sharing,1,19,FALSE,
76275,Hoa nắng boy – Linh,https://xemtrai.top/hoa-nang-boy-linh/,https://upload.xemtrai.top/2025/12/Hoa-nang-boy-720x380.jpg,Solo; Vietnam video,,0,20,FALSE,
76253,Kong0sleep,https://xemtrai.top/kong0sleep-5/,https://upload.xemtrai.top/2025/12/wfn8SCw2-kong-720x380.jpg,Gay video; Vietnam video,https://drive.google.com/file/d/1Z0a4DQLhov-cev-UxlEP8yvUTJNdkGCr/view?usp=sharing,1,20,FALSE,
76252,Binkycum – Phá trinh trai gym lol khít,https://xemtrai.top/binkycum-pha-trinh-trai-gym-lol-khit/,https://upload.xemtrai.top/2025/12/JVm0fxZf-binky-720x380.jpg,Gay video; Vietnam video,https://drive.google.com/file/d/1RKclZACw7CAG3oboIWwEiznSIQJSUkKy/view?usp=sharing,1,20,FALSE,
76251,Seachan x straight HP180905,https://xemtrai.top/seachan-x-straight-hp180905/,https://upload.xemtrai.top/2025/12/seachan--720x380.jpg,Gay video; Vietnam video,https://drive.google.com/file/d/1kw4nRUkQgsile2n6w8F3OPcuxMS6TOYg/view?usp=sharing,1,20,FALSE,
76190,Hoa nắng boy – Trung,https://xemtrai.top/hoa-nang-boy-trung/,https://upload.xemtrai.top/2025/12/Hoanangboy-720x380.jpg,Solo; Vietnam video,https://drive.google.com/file/d/1X6HADi9D8FMNZYA0yWiFCOX63OCXcD6u/view?usp=sharing,1,20,FALSE,
76188,Daddy Thiện Nguyễn,https://xemtrai.top/daddy-thien-nguyen/,https://upload.xemtrai.top/2025/12/daddy-720x380.jpg,Gay video; Vietnam video,https://drive.google.com/file/d/1q0AadshN15CiTNQOD5wcL95cx70bhD00/view?usp=sharing,1,20,FALSE,
76191,Gaydar – MGC001 Superman – Jiayo x Leo,https://xemtrai.top/gaydar-mgc001-superman-jiayo-x-leo/,https://upload.xemtrai.top/2025/12/MGC-001-720x380.jpg,Asia video; Gay video,https://drive.google.com/file/d/1lAki7oavo2tFV17W6wdCChDKoq6yr7w5/view?usp=sharing,1,20,FALSE,
76187,Binkycum – Triet_Rex x Some 2 boy,https://xemtrai.top/binkycum-triet_rex-x-some-2-boy/,https://upload.xemtrai.top/2025/12/bnky-720x380.jpg,Gay video; Vietnam video,https://drive.google.com/file/d/13p9paHTAgVrjzSHvRT5qg0YLREqHaeer/view?usp=sharing,1,20,FALSE,
76189,Seachan fuck straight guy,https://xemtrai.top/seachan-fuck-straight-guy-3/,https://upload.xemtrai.top/2025/12/bJNyCGth-seachan-720x380.jpg,Gay video; Straight guys; Vietnam video,https://drive.google.com/file/d/13L30DcqpNKk0DT1rg8hfKLaJrVWUbxrc/view?usp=sharing,1,20,FALSE,
76170,Xingfufu – Sky x Bevis – WET COUPLE,https://xemtrai.top/xingfufu-sky-x-bevis-wet-couple/,https://upload.xemtrai.top/2025/12/Wet-couble-Bevis-x-Sky.mp4_20251213_221003.558-720x380.jpg,Gay video; Vietnam video,https://drive.google.com/file/d/1Dg1PVdoFdgyp52UwSYbtEXsPIno2U0ie/view?usp=sharing,1,20,FALSE,
76147,Xingfufu – Sky x Thuy Ta – Straight’s Diary Ep 1: Honey Moon,https://xemtrai.top/xingfufu-sky-x-thuy-ta-straights-diary-ep-1-honey-moon/,https://upload.xemtrai.top/2025/12/Sky-720x380.jpg,Straight guys; Vietnam video,https://drive.google.com/file/d/1owXTICVHcHDd6Xue8Qi7segSnIOEzfyB/view?usp=sharing,1,20,FALSE,
76096,Lucas x IT,https://xemtrai.top/lucas-x-it/,https://upload.xemtrai.top/2025/12/hq1bz7Je-lucas-720x380.jpg,Gay video; Vietnam video,https://drive.google.com/file/d/1dac9Ih55byZflIyeqhy0jvXrznEWqZwi/view?usp=sharing,1,20,FALSE,
76099,Thets,https://xemtrai.top/thets/,https://upload.xemtrai.top/2025/12/Thets.mp4_20251210_215808.267-720x380.jpg,Gay video; Vietnam video,https://drive.google.com/file/d/19Fp8Twi8ee7TU5iu00haxUb7w3KyC7Ix/view?usp=sharing,1,20,FALSE,
76097,Kong0sleep,https://xemtrai.top/kong0sleep-4/,https://upload.xemtrai.top/2025/12/aw3WvmBX-kong-720x380.jpg,Gay video; Vietnam video,https://drive.google.com/file/d/1U0bZ3vuzziLQQC9X19p0BVlO4PODkYet/view?usp=sharing,1,20,FALSE,
76098,Seachan x New movie straight hot,https://xemtrai.top/seachan-x-new-movie-straight-hot/,https://upload.xemtrai.top/2025/12/bAYb9PCU-seachan-720x380.jpg,Gay video; Straight guys; Vietnam video,https://drive.google.com/file/d/1o0B2vRGO_9aAShONd7qbkYdm5TlNq72N/view?usp=sharing,1,20,FALSE,
76095,Seachan x Model AN-271100,https://xemtrai.top/seachan-x-model-an-271100/,https://upload.xemtrai.top/2025/12/seachan-x-An-720x380.jpg,Gay video; Vietnam video,https://drive.google.com/file/d/1pvBuCeVU1wKm-vap-GD2nao9mrKWUoV3/view?usp=sharing,1,20,FALSE,
76064,Đậu – Duy Tân,https://xemtrai.top/dau-duy-tan/,https://upload.xemtrai.top/2025/12/dau-UY-tan-720x380.jpg,Gay video; Vietnam video,https://drive.google.com/file/d/1XmotZ6sv9l7BIpsBK6Qa_ZB5EZFqKTdr/view?usp=sharing,1,20,FALSE,
76063,Binkycum – Trai thẳng có vợ chịch gay boy,https://xemtrai.top/binkycum-trai-thang-co-vo-chich-gay-boy/,https://upload.xemtrai.top/2025/12/lF7TapUS-binky-720x380.jpg,Gay video; Vietnam video,https://drive.google.com/file/d/1IVnf4Ux4zMrOeIqYAsDc-1EQSTPbiA6o/view?usp=sharing,1,20,FALSE,
76050,Pinky Quoc Nguyen x Fan meeting,https://xemtrai.top/pinky-quoc-nguyen-x-fan-meeting/,https://upload.xemtrai.top/2025/12/PinkyNguyen-x-Fan-meeting.mp4_20251206_220418.422-720x380.jpg,Gay video; Vietnam video,https://drive.google.com/file/d/1OhBNGl-EnQ3W1A7v6nwS5wNCtsk7DVaI/view?usp=sharing,1,21,FALSE,
76049,Seachan x New hot Straight,https://xemtrai.top/seachan-x-new-hot-straight/,https://upload.xemtrai.top/2025/12/jacAHHU1-seachan-720x380.jpg,Gay video; Straight guys; Vietnam video,https://drive.google.com/file/d/1g1YvCcoIASjmb-OIh8e-j6zxUVkpXkwL/view?usp=sharing,1,21,FALSE,
75981,Hin – Hoihinn,https://xemtrai.top/hin-hoihinn/,https://upload.xemtrai.top/2025/12/hin-720x380.jpg,Gay video; Vietnam video,https://drive.google.com/file/d/1yFAHHPWUVVGzisXolM1HlYiSX1IRKylL/view?usp=sharing,1,21,FALSE,
75973,Viet_203,https://xemtrai.top/viet_203/,https://upload.xemtrai.top/2025/12/viet-720x380.jpg,Gay video; Vietnam video,https://drive.google.com/file/d/11n_pUx49ty5NblpQtotssYPsOHFa9UpD/view?usp=sharing,1,21,FALSE,
75971,Binkycum Trai 6 múi,https://xemtrai.top/binkycum-trai-6-mui/,https://upload.xemtrai.top/2025/12/iu6Zqa3u-binky-720x380.jpg,Gay video; Vietnam video,https://drive.google.com/file/d/1tI2VJN9RZ7KQHXap2XfS152RkKrwpZFO/view?usp=sharing,1,21,FALSE,
75972,Seachan x Hot tattoo straight,https://xemtrai.top/seachan-x-hot-tattoo-straight/,https://upload.xemtrai.top/2025/12/seachan-720x380.jpg,Gay video; Straight guys; Vietnam video,https://drive.google.com/file/d/1ct-ALNDndVK5YI30iHKWjEej0R5hXr4A/view?usp=sharing,1,21,FALSE,
75970,Gaydar-GD-021,https://xemtrai.top/gaydar-gd-021/,https://upload.xemtrai.top/2025/12/GD-021-crop-21-720x380.jpg,Asia video; Gay video,https://drive.google.com/file/d/1-LODXg5UnJPT0xZ0vp75q9gtJzcl223Z/view?usp=sharing,1,21,FALSE,
75950,Lucas_big95 x BombieMann,https://xemtrai.top/lucas_big95-x-bombiemann/,https://upload.xemtrai.top/2025/12/lucas-720x380.jpg,Gay video; Vietnam video,https://drive.google.com/file/d/1Z3o9Ik-6GpNOGPP6m0ztSSBQ2HnYjmCw/view?usp=sharing,1,21,FALSE,
75951,Kong0sleep,https://xemtrai.top/kong0sleep-3/,https://upload.xemtrai.top/2025/12/kong-720x380.jpg,Gay video; Vietnam video,https://drive.google.com/file/d/1jjRQJ-nJJUSBgqK384_Bx4CRoLaDN2b1/view?usp=sharing,1,21,FALSE,
75913,Ruby Thiên Phạm – Quán cafe dâm dục,https://xemtrai.top/ruby-thien-pham-quan-cafe-dam-duc/,https://upload.xemtrai.top/2025/12/Ruby_ThienPham-Quan-cafe-dam-duc.mp4_20251201_215139.867-720x380.jpg,Gay video; Vietnam video,https://drive.google.com/file/d/1Y2XvmENyP0UYJ_2TXPgy-fRgG7g7vA-u/view?usp=sharing,1,21,FALSE,
75914,Binkycum x Triet_Rex x Dominic,https://xemtrai.top/binkycum-x-triet_rex-x-dominic/,https://upload.xemtrai.top/2025/12/binky-720x380.jpg,Gay video; Vietnam video,https://drive.google.com/file/d/1SvQibIA9rOWieqI0JNaLUFJhix2cxxPi/view?usp=sharing,1,21,FALSE,
75898,Kong – Hairy straight guy has a girlfriend but likes anal,https://xemtrai.top/kong-hairy-straight-guy-has-a-girlfriend-but-likes-anal/,https://upload.xemtrai.top/2025/11/6pfjUfhT-kong-720x380.jpg,Gay video; Vietnam video,https://drive.google.com/file/d/1g-qbnLswOD5qSXwawJ_idViPvaqceCEe/view?usp=sharing,1,21,FALSE,
75897,Seachan x Laser Hair By Schan,https://xemtrai.top/seachan-x-laser-hair-by-schan/,https://upload.xemtrai.top/2025/11/d9pF4MrK-seachan-720x380.jpg,Gay video; Vietnam video,https://drive.google.com/file/d/1SCMNlQLi70bj9mQNHUHjg3Uv54Nf9n6l/view?usp=sharing,1,21,FALSE,
75867,BossDamSaiGon,https://xemtrai.top/bossdamsaigon/,https://upload.xemtrai.top/2025/11/boss-720x380.jpg,Gay video; Vietnam video,https://drive.google.com/file/d/1PeT3eJDjfqzt_RBK4TUf4C3Y3pPz9W3T/view?usp=sharing,1,21,FALSE,
75862,Valerio20X,https://xemtrai.top/valerio20x-3/,https://upload.xemtrai.top/2025/11/valerio-720x380.jpg,Gay video; Vietnam video,https://drive.google.com/file/d/1hsU4GW1LXLq9qhDuhTjZAfA_wpFCkoMT/view?usp=sharing,1,21,FALSE,
75863,Seachan x Straight boy slimfix,https://xemtrai.top/seachan-x-straight-boy-slimfix/,https://upload.xemtrai.top/2025/11/ZSKP5OjR-seachan-720x380.jpg,Gay video; Straight guys; Vietnam video,https://drive.google.com/file/d/1fGbEfnUDOmie97X1mUeCJBaqfpylwuO9/view?usp=sharing,1,21,FALSE,
75826,Lucas_big95 x Rop,https://xemtrai.top/lucas_big95-x-rop/,https://upload.xemtrai.top/2025/11/P6mCXBze-lucas-720x380.jpg,Gay video; Vietnam video,https://drive.google.com/file/d/1qQMK8yqSJenLYGkKGR59w92ltlndFCJm/view?usp=sharing,1,21,FALSE,
75828,Kong0sleep – Chinese top wants to try being a bottom,https://xemtrai.top/kong0sleep-chinese-top-wants-to-try-being-a-bottom/,https://upload.xemtrai.top/2025/11/caq0T9p4-kong-720x380.jpg,Gay video; Vietnam video,https://drive.google.com/file/d/1BiCaMVIbbqQ93aGymax4ZYnQZnneLYWL/view?usp=sharing,1,21,FALSE,
75827,Cheesebiite,https://xemtrai.top/cheesebiite/,https://upload.xemtrai.top/2025/11/CHEESEBIITE.mp4_20251125_203551.614-720x380.jpg,Asia video; Gay video,https://drive.google.com/file/d/1xMJurjF81knfUova_Ji6gcTrPXiWY8Kk/view?usp=sharing,1,22,FALSE,
75813,Kon0sleep – Trai thẳng ở quê,https://xemtrai.top/kon0sleep-trai-thang-o-que/,https://upload.xemtrai.top/2025/11/ynjbLoc3-kong-720x380.jpg,Gay video; Vietnam video,https://drive.google.com/file/d/1vdFa3xijl3Ft-Hyen1IbG5_Djov3QjtR/view?usp=sharing,1,22,FALSE,
75776,Lucas_big95 x Theonlypattx,https://xemtrai.top/lucas_big95-x-theonlypattx/,https://upload.xemtrai.top/2025/11/nV6HrM5p-lucas-720x380.jpg,Gay video; Vietnam video,https://drive.google.com/file/d/124H6KPiWffWOyPhWDA21Ms-s4X3lS8je/view?usp=sharing,1,22,FALSE,
75775,Ruby Thiên Phạm – Anh shipper & vị khách dâm đãng,https://xemtrai.top/ruby-thien-pham-anh-shipper-dam-dang/,https://upload.xemtrai.top/2025/11/RubyThienPham-x-ANh-shipper-dam.mp4_20251121_211933.077-720x380.jpg,Gay video; Vietnam video,https://drive.google.com/file/d/1XQh-Lb5A9KVpdhH_hUx__ATJPk8YdJ3n/view?usp=sharing,1,22,FALSE,
75774,Scorpioatplay x Armtattguy,https://xemtrai.top/scorpioatplay-x-armtattguy/,https://upload.xemtrai.top/2025/11/scorpioatplay-_-armtattguy.mp4_20251121_212102.568-720x380.jpg,Gay video; Vietnam video,https://drive.google.com/file/d/1FtTtwR9gQAH0lO3HYOT2kW18EMb4TDv-/view?usp=sharing,1,22,FALSE,
75773,Seachan x Straight – LYNH 374047,https://xemtrai.top/seachan-x-straight-lynh-374047/,https://upload.xemtrai.top/2025/11/1Zn5IhRG-seachan-720x380.jpg,Gay video; Straight guys; Vietnam video,https://drive.google.com/file/d/1I6pm20DYyrOhWOHnAvkxqT4A4ISnCEb7/view?usp=sharing,1,22,FALSE,
75741,Lê Ngọc Minh x Trọng Ryo,https://xemtrai.top/le-ngoc-minh-x-trong-ryo/,https://upload.xemtrai.top/2025/11/LeNgocMinh-720x380.jpg,Gay video; Vietnam video,https://drive.google.com/file/d/1zzVQ276D6KL4fB2sNI2RmCkUEpnURoU5/view?usp=sharing,1,22,FALSE,
75740,Binkycum x Trai gym 6 múi,https://xemtrai.top/binkycum-x-trai-gym-6-mui/,https://upload.xemtrai.top/2025/11/RZSzVTJO-binky-720x380.jpg,Gay video; Straight guys; Vietnam video,https://drive.google.com/file/d/1z16yl8DqTubAXJRmNRDxdQ261O1hrTW4/view?usp=sharing,1,22,FALSE,
75708,Lucas_big95 x Superballmaling,https://xemtrai.top/lucas_big95-x-superballmaling/,https://upload.xemtrai.top/2025/11/Lucas-720x380.jpg,Gay video; Vietnam video,https://drive.google.com/file/d/1vSCJEYCWejOpAi5P9O8PeJwI9ojWYDl8/view?usp=sharing,1,22,FALSE,
75709,Seachan x Straight22947,https://xemtrai.top/seachan-x-seachan-x-straight22947/,https://upload.xemtrai.top/2025/11/Yy8L4vBM-Seachan-720x380.jpg,Gay video; Straight guys; Vietnam video,https://drive.google.com/file/d/1dfiG1JP7bgLVkd_R5VUfu39GEcyomA0s/view?usp=sharing,1,22,FALSE,
75689,Cheesebiite – Ep27 Oneday 001 Ayutthaya,https://xemtrai.top/cheesebiite-ep27-oneday-001-ayutthaya/,https://upload.xemtrai.top/2025/11/CHEESEBIITE-EP27.ONEDAY-001-AYUTTHAYA.mp4_20251117_223645.300-720x380.jpg,Asia video; Gay video,https://drive.google.com/file/d/1N1wT-GHnTFMZxEiR6pERYzBAOrGMLFti/view?usp=sharing,1,22,FALSE,
75687,Triet_rex x Swang,https://xemtrai.top/triet_rex-x-swang/,https://upload.xemtrai.top/2025/11/Triet-720x380.jpg,Gay video; Vietnam video,https://drive.google.com/file/d/1eqg8WUFJ0DWolEg6yFvycuoU_jxVTYzQ/view?usp=sharing,1,22,FALSE,
75648,Baker – LongTongueBoyVN x Ladyboy (cậu bé lưỡi dài),https://xemtrai.top/baker-longtongueboyvn-x-ladyboy-cau-be-luoi-dai-2/,https://upload.xemtrai.top/2025/11/Baker.mp4_20251115_220036.714-720x380.jpg,Transgender; Vietnam video,https://drive.google.com/file/d/1nrvWU3LuWgbBICrvZTqQ0S4ViwcN8Dt2/view?usp=sharing,1,22,FALSE,
75647,Kong0sleep x Japanese guy,https://xemtrai.top/kong0sleep-x-japanese-guy/,https://upload.xemtrai.top/2025/11/LvE6wa0v-kong-720x380.jpg,Gay video; Vietnam video,https://drive.google.com/file/d/1MBLo6BkZ01TBfL9J_58m5Xza7uwE7xWJ/view?usp=sharing,1,22,FALSE,
75620,Lucas_big95 x Hot gay Korean,https://xemtrai.top/lucas_big95-x-hot-gay-korean/,https://upload.xemtrai.top/2025/11/gNJ0wJ99-lucas-720x380.jpg,Gay video; Vietnam video,https://drive.google.com/file/d/1e2KvGe-zr2CAc6oRFAXNBiqVbSm00Wj6/view?usp=sharing,1,22,FALSE,
75617,Bevis Trần Đức Vương x Swang,https://xemtrai.top/bevis-tran-duc-vuong-x-swang/,https://upload.xemtrai.top/2025/11/Bevis-x-Swang.mp4_20251113_213141.098-720x380.jpg,Gay video; Vietnam video,https://drive.google.com/file/d/1Mo6_KX3NsQb2nJ_yS8GG8uoGNPehfglC/view?usp=sharing,1,22,FALSE,
75618,Seachan x Straight LYNH649347,https://xemtrai.top/seachan-x-straight-lynh649347/,https://upload.xemtrai.top/2025/11/Seachan-720x380.jpg,Gay video; Straight guys; Vietnam video,https://drive.google.com/file/d/13YTjNP8eaUUbLxU7DNxQLrmR2TDiydRY/view?usp=sharing,1,22,FALSE,
75619,Binkycum x Trai gym cơ bắp 6 múi,https://xemtrai.top/binkycum-x-trai-gym-co-bap-6-mui/,https://upload.xemtrai.top/2025/11/Binky-720x380.jpg,Gay video; Vietnam video,https://drive.google.com/file/d/1bjv2KZYbX5uY9Cg8PSNRff3KA9M5aScv/view?usp=sharing,1,22,FALSE,
75604,Xingfufu – Sky x Albert – Rent Men,https://xemtrai.top/xingfufu-sky-x-albert-rent-men/,https://upload.xemtrai.top/2025/11/Rent-Men.mp4_20251112_223632.125-720x380.jpg,Gay video; Vietnam video,https://drive.google.com/file/d/1eMtNSP6ArBo-KRtTgV5ME140Zuxn8nxT/view?usp=sharing,1,23,FALSE,
75574,David_lychan – Thợ sửa ống nước,https://xemtrai.top/david_lychan-tho-sua-ong-nuoc/,https://upload.xemtrai.top/2025/11/David-720x380.jpg,Transgender; Vietnam video,https://drive.google.com/file/d/1Vg_CeFQjBKkXjK3U2C8sVZ4uTXpcVeoM/view?usp=sharing,1,23,FALSE,
75575,Kong0sleep x Kiệt Gucci,https://xemtrai.top/kong0sleep-x-kiet-gucci/,https://upload.xemtrai.top/2025/11/B33h93oe-kong-720x380.jpg,Gay video; Vietnam video,https://drive.google.com/file/d/1JExwnkNZR57kKQg5qnBDdOnWcJJ2SHYE/view?usp=sharing,1,23,FALSE,
75537,Lucas_big95 x Frxng89,https://xemtrai.top/lucas_big95-x-frxng89/,https://upload.xemtrai.top/2025/11/lucas-720x380.jpg,Gay video; Vietnam video,https://drive.google.com/file/d/18OPqL3uoDPqGrF9WlcZHe2XE161HUURr/view?usp=sharing,1,23,FALSE,
75539,Samuel cosplay Inosuke trong mùa lễ hội Halloween x Boy Ha noi Tungvzz,https://xemtrai.top/samuel-cosplay-inosuke-trong-mua-le-hoi-halloween-x-boy-ha-noi-tungvzz/,https://upload.xemtrai.top/2025/11/samuel-720x380.jpg,Gay video; Vietnam video,https://drive.google.com/file/d/141rOMBRwenXb7QqrTw1r7F43iTMCyzNr/view?usp=sharing,1,23,FALSE,
75536,Kong- Bot chơi đá banh,https://xemtrai.top/kong-bot-choi-da-banh/,https://upload.xemtrai.top/2025/11/ulNFt77e-kong-720x380.jpg,Gay video; Vietnam video,https://drive.google.com/file/d/1J5oNh8ZbExJeN-GHLtgU0hrx1aKTyG5h/view?usp=sharing,1,23,FALSE,
75538,Seachan x Straight RM230905 – Part 2,https://xemtrai.top/seachan-x-straight-rm230905-part-2/,https://upload.xemtrai.top/2025/11/hhn7DoZr-seachan-720x380.jpg,Gay video; Straight guys; Vietnam video,https://drive.google.com/file/d/1If9FX82bGq6mQ1dw8bLXVtQ_aHfxUZNF/view?usp=sharing,1,23,FALSE,
75535,Gaydar-GD-020,https://xemtrai.top/gaydar-gd-020/,https://upload.xemtrai.top/2025/11/photo_2025-07-28_02-16-53-720x380.jpg,Asia video; Gay video,https://drive.google.com/file/d/1Qwh9ZEXRXB0MBOc8pv8dwrAh3BAZFcP8/view?usp=sharing,1,23,FALSE,
75534,Gaydar-GD-019,https://xemtrai.top/gaydar-gd-019/,https://upload.xemtrai.top/2025/11/photo_2025-05-30_15-38-38-720x380.jpg,Asia video; Gay video,https://drive.google.com/file/d/18O9_AotzOWwmwg_r-bCYq1T51A45PKTS/view?usp=sharing,1,23,FALSE,
75492,Thets x Tarta boy Thailand,https://xemtrai.top/thets-x-tarta-boy-thailand/,https://upload.xemtrai.top/2025/11/thets-720x380.jpg,Gay video; Vietnam video,https://drive.google.com/file/d/1oTmHgH--TMQkGGwUOvf6QI8Qnj3aJCVS/view?usp=sharing,1,23,FALSE,
75490,Hin – Hoihinn x Hinz0101,https://xemtrai.top/hin-hoihinn-x-hinz0101/,https://upload.xemtrai.top/2025/11/hin-720x380.jpg,Gay video; Vietnam video,https://drive.google.com/file/d/17z8zc2Cj8PhGMxxOvD50hDJNUmDX318I/view?usp=sharing,1,23,FALSE,
75494,Daivid_lychan x Ladyboy,https://xemtrai.top/daivid_lychan-x-ladyboy/,https://upload.xemtrai.top/2025/11/david-720x380.jpg,Transgender; Vietnam video,https://drive.google.com/file/d/1nDbW0iu0avVOGvwRU9UgW0Ekd1eFKF3Z/view?usp=sharing,1,23,FALSE,
75491,Seachan x New clip fuck straight,https://xemtrai.top/seachan-x-new-clip-fuck-straight/,https://upload.xemtrai.top/2025/11/EmyXNRBF-seachan-720x380.jpg,Gay video; Straight guys; Vietnam video,https://drive.google.com/file/d/1855W_TtqAFbl5TPrbq-aDBIU2sQPC7pZ/view?usp=sharing,1,23,FALSE,
75493,Binkycum x Cum HCM Boy 14,https://xemtrai.top/binkycum-x-cum-hcm-boy-14/,https://upload.xemtrai.top/2025/11/binky-720x380.jpg,Gay video; Straight guys; Vietnam video,https://drive.google.com/file/d/18FHNmmjJhtB_nKh2igpYDDjyyHTUiK2P/view?usp=sharing,1,23,FALSE,
75446,Kong0sleep x Good Student,https://xemtrai.top/kong0sleep-x-good-student/,https://upload.xemtrai.top/2025/11/WAfbTZbF-kong-720x380.jpg,Gay video; Vietnam video,https://drive.google.com/file/d/1kLFd2hFhPfrakuXP3oLNMgUSd6hSB9SK/view?usp=sharing,1,23,FALSE,
75444,Scorpioatplay x Semenx,https://xemtrai.top/scorpioatplay-x-semenx/,https://upload.xemtrai.top/2025/11/KNxX7Gn-720x380.jpg,Gay video; Vietnam video,https://drive.google.com/file/d/1EhTQv9mG0tTx9tyv06k7DsNcSIqw9nUC/view?usp=sharing,1,23,FALSE,
75445,Seachan – Straight TN190905,https://xemtrai.top/seachan-straight-tn190905/,https://upload.xemtrai.top/2025/11/SHuqmYkA-seachan-720x380.jpg,Gay video; Straight guys; Vietnam video,https://drive.google.com/file/d/1uxI1s22q9wgdoVOVL363Sdj47eBZkdWx/view?usp=sharing,1,23,FALSE,
75447,Binkycum – iammrpeach fuck collab with my boy,https://xemtrai.top/binkycum-iammrpeach-fuck-collab-with-my-boy/,https://upload.xemtrai.top/2025/11/pinky-720x380.jpg,Gay video; Vietnam video,https://drive.google.com/file/d/1Gx00dG75-u7veGby4pJTFYw4bDwhP5d4/view?usp=sharing,1,23,FALSE,
75419,Viet_203 x 150k21884,https://xemtrai.top/viet_203-x-150k21884/,https://upload.xemtrai.top/2025/11/TNLFhWlA-viet-720x380.jpg,Gay video; Vietnam video,https://drive.google.com/file/d/1zfBkjSDVgTdHsBwdsuxaLrTlFZ0NIw9B/view?usp=sharing,1,24,FALSE,
75403,Kong0sleep – Vắt sữa em bot vừa gặp ở phòng gym,https://xemtrai.top/kong0sleep-vat-sua-em-bot-vua-gap-o-phong-gym/,https://upload.xemtrai.top/2025/11/kong-720x380.jpg,Gay video; Vietnam video,https://drive.google.com/file/d/1U2j_2X2H_uiCoOScLEYQnZTWZGXSql6W/view?usp=sharing,1,24,FALSE,
75405,Lạc Lạc x Top chịch từ ban công tới sofa,https://xemtrai.top/lac-lac-x-top-chich-tu-ban-cong-toi-sofa/,https://upload.xemtrai.top/2025/11/Lac-Lac-720x380.jpg,Gay video; Vietnam video,https://drive.google.com/file/d/1yNKIW74BWidhgV8vOBktowEEsqog8oO8/view?usp=sharing,1,24,FALSE,
75389,Scorpioatplay x Evan Liu,https://xemtrai.top/scorpioatplay-x-evan-liu/,https://upload.xemtrai.top/2025/11/Scorpioatplay-x-Evan-Liu.mp4_20251102_223516.872-720x380.jpg,Gay video; Vietnam video,https://drive.google.com/file/d/1hgTRDnssGhlGAuJ6iwX-lI6LjG2bRYcs/view?usp=sharing,1,24,FALSE,
75388,Viet_203 x Ssuper_f2,https://xemtrai.top/viet_203-x-ssuper_f2/,https://upload.xemtrai.top/2025/11/viet-720x380.jpg,Gay video; Vietnam video,https://drive.google.com/file/d/199ZP3h_S6MSO8e6IzTE0uFNDpkqp1GJg/view?usp=sharing,1,24,FALSE,
75313,Seachan x Straight RM230905,https://xemtrai.top/seachan-x-straight-rm230905/,https://upload.xemtrai.top/2025/11/seachan-720x380.jpg,Gay video; Vietnam video,https://drive.google.com/file/d/1ALtXY3_SVePv8XRPq6k6ak-APeAOh9Ny/view?usp=sharing,1,24,FALSE,
75278,Topgymer – Mr_Zyn 3some làm bot,https://xemtrai.top/topgymer-mr_zyn-3some-lam-bot/,https://upload.xemtrai.top/2025/10/mr-Zyn-720x380.jpg,Gay video; Vietnam video,https://drive.google.com/file/d/10zDV3qATDILVBPGoV7WRKcnqlu6-JJyS/view?usp=sharing,1,24,FALSE,
75276,Scorpioatplay x Nainoi x Arihank 4some,https://xemtrai.top/scorpioatplay-x-nainoi-x-arihank-4some/,https://upload.xemtrai.top/2025/10/Scorpioatplay-Dylan-4some.mp4_20251031_221654.869-720x380.jpg,Gay video; Vietnam video,https://drive.google.com/file/d/18MQgqde-_gqfVPpbKCJ6UD-zqG8gMVMF/view?usp=sharing,1,24,FALSE,
75267,Tus_gunn x Bernardwanggx – Meeting the cute babe,https://xemtrai.top/tus_gunn-x-bernardwanggx-meeting-the-cute-babe/,https://upload.xemtrai.top/2025/10/Meeting-the-cute-babe-720x380.jpg,Gay video; Vietnam video,https://drive.google.com/file/d/1uiccMBp-XmoOFAPo_tq4msySGQbSHZbt/view?usp=sharing,1,24,FALSE,
75234,Lucas_big95 x HailiJiang,https://xemtrai.top/lucas_big95-x-hailijiang/,https://upload.xemtrai.top/2025/10/Lucas-720x380.jpg,Gay video; Vietnam video,https://drive.google.com/file/d/1vd05y8PL2NbRzLuOgAMGCV3FhQaoUmjp/view?usp=sharing,1,24,FALSE,
75228,Kong0sleep – The husband led his wife to let another man fuck,https://xemtrai.top/kong0sleep-the-husband-led-his-wife-to-let-another-man-fuck/,https://upload.xemtrai.top/2025/10/Kong-720x380.jpg,Gay video; Vietnam video,https://drive.google.com/file/d/15e2l-5lt0uoikE8HSiUJUAky1VcH2JUo/view?usp=sharing,1,24,FALSE,
75230,Seachan x Straight RM230805,https://xemtrai.top/seachan-x-straight-rm230805/,https://upload.xemtrai.top/2025/10/Seachan-x-RM-720x380.jpg,Gay video; Straight guys; Vietnam video,https://drive.google.com/file/d/1cP_0abhvdtemPXjShC7NrWWrbxywsXCc/view?usp=sharing,1,24,FALSE,
75232,Gaydar-GD-018,https://xemtrai.top/gaydar-gd-018/,https://upload.xemtrai.top/2025/10/photo_2025-09-26_19-56-17-720x380.jpg,Asia video; Gay video,https://drive.google.com/file/d/1fsI-n-GLP4_sSzmoh4YacF2-8VSN8jfA/view?usp=sharing,1,24,FALSE,
75195,Kong0sleep 3some,https://xemtrai.top/kong0sleep-3some/,https://upload.xemtrai.top/2025/10/Cgot9vGN-kong-720x380.jpg,Gay video; Vietnam video,https://drive.google.com/file/d/1-kIiHhPbscsvyQBVI0sjRCgxgXatkUOm/view?usp=sharing,1,24,FALSE,
75196,Xingfufu – Mr Fix Hole – Anh thợ sửa ổng nước | Sky x Triet_rex,https://xemtrai.top/xingfufu-mr-fix-hole-anh-tho-sua-ong-nuoc-sky-x-triet_rex/,https://upload.xemtrai.top/2025/10/Sky-720x380.jpg,Gay video; Vietnam video,https://drive.google.com/file/d/1ET5iVSxlmoIOYFOyVXYzziSv5JsTWRW5/view?usp=sharing,1,24,FALSE,
75194,Triet_rex x Schan,https://xemtrai.top/triet_rex-x-schan/,https://upload.xemtrai.top/2025/10/Treit-720x380.jpg,Gay video; Vietnam video,https://drive.google.com/file/d/1hCFryDFM7u9RWFrugGxIi2B2JTAjStv9/view?usp=sharing,1,24,FALSE,
75197,Binkycum x Trai dân tộc da ngăm,https://xemtrai.top/binkycum-x-trai-dan-toc-da-ngam/,https://upload.xemtrai.top/2025/10/z9zJeJXs-binky-720x380.jpg,Gay video; Vietnam video,https://drive.google.com/file/d/1h0FuKVG5bBfpiXZ2u8DilMn_M7iaMXhY/view?usp=sharing,1,24,FALSE,
75121,Binkycum x Lucas_big95,https://xemtrai.top/binkycum-x-lucas_big95/,https://upload.xemtrai.top/2025/10/BInky-x-Lucas-720x380.jpg,Gay video; Vietnam video,https://drive.google.com/file/d/1TItcHEG9UQ1-sGAWCdeNPJlhos1K0B9m/view?usp=sharing,1,24,FALSE,
75110,Pecpal ft Baron Anh Huy,https://xemtrai.top/pecpal-ft-baron-anh-huy/,https://upload.xemtrai.top/2025/10/Pecpal-ft-baron-lee-720x380.jpg,Gay video; Vietnam video,https://drive.google.com/file/d/1DYWFL9Y4p0M8NTEctPBSJ6TupNEu885G/view?usp=sharing,1,25,FALSE,
75076,Kong0sleep – Bot sơ mi trắng,https://xemtrai.top/kong0sleep-bot-so-mi-trang/,https://upload.xemtrai.top/2025/10/Otx37QBX-kong-720x380.jpg,Gay video; Vietnam video,https://drive.google.com/file/d/1p5rfNwsNthHXDx7qtiEqMoj-4IU453k6/view?usp=sharing,1,25,FALSE,
75078,Lucas_big95,https://xemtrai.top/lucas_big95/,https://upload.xemtrai.top/2025/10/lucas95-720x380.jpg,Solo; Vietnam video,https://drive.google.com/file/d/1bBxM7J3mvi8R44dDw72TE-Nw485sr5Bi/view?usp=sharing,1,25,FALSE,
75077,Seachan x Boy slim sip hồng,https://xemtrai.top/seachan-x-boy-slim-sip-hong/,https://upload.xemtrai.top/2025/10/pkv8oOTr-seachan-720x380.jpg,Gay video; Vietnam video,https://drive.google.com/file/d/1f-KzMQkifV5MLEZLCfF7pIVTMwBHM_2d/view?usp=sharing,1,25,FALSE,
75075,Ruby Thiên Phạm – Mượn tiền đại ca,https://xemtrai.top/ruby-thien-pham-muon-tien-dai-ca/,https://upload.xemtrai.top/2025/10/2025-10-24-720x380.png,Gay video; Vietnam video,https://drive.google.com/file/d/1bROVL78VQL7bmf0KekDX44wlp8fEfDuv/view?usp=sharing,1,25,FALSE,
75059,Dennis x Swang,https://xemtrai.top/dennis-x-swang/,https://upload.xemtrai.top/2025/10/swang-720x380.jpg,Asia video; Gay video,https://drive.google.com/file/d/1R4kp0C1L9PCrffDgGfYkqeyCyrRV_ydJ/view?usp=sharing,1,25,FALSE,
75040,Tus_gunn x Mario Thái Cường (mariosugar2107) – The date in the countryside,https://xemtrai.top/tus_gunn-x-mario-thai-cuong-mariosugar2107-the-date-in-the-countryside/,https://upload.xemtrai.top/2025/10/The-date-in-the-countryside.mp4_20251022_213530.067-720x380.jpg,Gay video; Vietnam video,https://drive.google.com/file/d/1weMVTWjQxIxHs-U7Vzk69AsTUvb1hDkX/view?usp=sharing,1,25,FALSE,
75041,Hin x Anh top 6 múi dập như máy,https://xemtrai.top/hin-x-anh-top-6-mui-dap-nhu-may/,https://upload.xemtrai.top/2025/10/hin-720x380.jpg,Gay video; Vietnam video,https://drive.google.com/file/d/1QO23IsXLS1iM2HddLuyx8eDl386nYP6W/view?usp=sharing,1,25,FALSE,
75022,Kong0sleep – Bot Hanoi,https://xemtrai.top/kong0sleep-bot-hanoi-2/,https://upload.xemtrai.top/2025/10/dzJ0pWWy-kong-720x380.jpg,Gay video; Vietnam video,https://drive.google.com/file/d/1f2Z6wafDR-kOOWOTFB_5tnqG-fzeh9uB/view?usp=sharing,1,25,FALSE,
75023,Seachan x bigcock boy,https://xemtrai.top/seachan-x-bigcock-boy-5/,https://upload.xemtrai.top/2025/10/seachan-x-bigcock-720x380.jpg,Gay video; Vietnam video,https://drive.google.com/file/d/1Jf28c-DjTEprtqf0N6TtqEeqS1wQeMM9/view?usp=sharing,1,25,FALSE,
75024,Seachan x my girl,https://xemtrai.top/seachan-x-my-girl/,https://upload.xemtrai.top/2025/10/YsWjrDUD-seachan-720x380.jpg,Girl video; Vietnam video,https://drive.google.com/file/d/1FVqKi10FpkpUu4JA-A3hg9522BZVz-3H/view?usp=sharing,1,25,FALSE,
74983,Viet_203 x Lê Nam,https://xemtrai.top/viet_203-x-le-nam/,https://upload.xemtrai.top/2025/10/viet_203-720x380.jpg,Gay video; Vietnam video,https://drive.google.com/file/d/1tde88tWIjfECA07uwcUaHivCE3pRxjNl/view?usp=sharing,1,25,FALSE,
74986,Xingfufu – Time Wizard – Pinky x Bevis x Nhut,https://xemtrai.top/xingfufu-time-wizard-pinky-x-bevis-x-nhut/,https://upload.xemtrai.top/2025/10/Full-Time-Wizard-New-Story.mp4_20251018_214750.986-720x380.jpg,Gay video; Vietnam video,https://drive.google.com/file/d/1pxcb9P0q6l--NsLrZmPGb4mbOr40XIzs/view?usp=sharing,1,25,FALSE,
74984,Binkycum – Trai gym có vợ bị fuck clip2,https://xemtrai.top/binkycum-trai-gym-co-vo-bi-fuck-clip2/,https://upload.xemtrai.top/2025/10/VejxC5B2-binky-720x380.jpg,Gay video; Vietnam video,https://drive.google.com/file/d/1fV9Y5Yu0fQK1WqfzGK9galIxWp80E7S4/view?usp=sharing,1,25,FALSE,
74954,Gym Pro – Pinky Quoc Nguyen x Bevis,https://xemtrai.top/gym-pro-pinky-quoc-nguyen-x-bevis/,https://upload.xemtrai.top/2025/10/Pinky-Gym-Pro-Besvis-Bottom.mp4_20251016_215747.019-720x380.jpg,Gay video; Vietnam video,https://drive.google.com/file/d/1u6BUAhWM9yPIF4pQF_8aHXMj76Y2Nlj6/view?usp=sharing,1,25,FALSE,
74955,Samuel22112002 x Viet_203 x EbonyMeoww,https://xemtrai.top/samuel22112002-x-viet_203-x-ebonymeoww/,https://upload.xemtrai.top/2025/10/page-720x380.jpg,Gay video; Vietnam video,https://drive.google.com/file/d/1fdNVnX6Md_dCnLEMOTWU43erek-uKB9J/view?usp=sharing,1,25,FALSE,
74953,Seachan x Straight HP230805,https://xemtrai.top/seachan-x-straight-hp230805/,https://upload.xemtrai.top/2025/10/4iaB1uDe-Seachan-720x380.jpg,Gay video; Straight guys; Vietnam video,https://drive.google.com/file/d/1EYX2iQTIANKzhemopPrPbG_ZWM0WRAds/view?usp=sharing,1,25,FALSE,
74956,Binkycum – Trai gym có vợ bị fuck clip1,https://xemtrai.top/binkycum-trai-gym-co-vo-bi-fuck-clip1/,https://upload.xemtrai.top/2025/10/HmQRfwwR-binky-720x380.jpg,Gay video; Vietnam video,https://drive.google.com/file/d/1RE19Osxdk3vsRw2u2SuC_SJdbYImaKIV/view?usp=sharing,1,25,FALSE,
74921,Jkab Ethan Dale x TantanEvan,https://xemtrai.top/jkab-ethan-dale-x-tantanevan/,https://upload.xemtrai.top/2025/10/JkabEthanDale-x-Tantan.mp4_20251015_212429.468-720x380.jpg,Asia video; Gay video,https://drive.google.com/file/d/1X0FjUPD1EeDfqM_4Kr9ZWD5DNHMaDvC7/view?usp=sharing,1,26,FALSE,
74919,Kong0sleep x Old love burns strong,https://xemtrai.top/kong0sleep-x-old-love-burns-strong/,https://upload.xemtrai.top/2025/10/kong-720x380.jpg,Gay video; Vietnam video,https://drive.google.com/file/d/1OgZRsuYH3MYcJmiRFgUNuhegGT6uBJ95/view?usp=sharing,1,26,FALSE,
74920,Baker – LongTongueBoyVN x Ladyboy (cậu bé lưỡi dài),https://xemtrai.top/baker-longtongueboyvn-x-ladyboy-cau-be-luoi-dai/,https://upload.xemtrai.top/2025/10/Baker.mp4_20251015_212407.044-720x380.jpg,Transgender; Vietnam video,https://drive.google.com/file/d/1sSG7mdRcwu_KlcQLPJUv0nTnpt5hp_j2/view?usp=sharing,1,26,FALSE,
74918,Seachan x New clip with Lucas_big95,https://xemtrai.top/seachan-x-new-clip-with-lucas_big95/,https://upload.xemtrai.top/2025/10/v6zpOJ2w-Seachan-720x380.jpg,Gay video; Vietnam video,https://drive.google.com/file/d/1rIhN2jbC_cyp8iY4falbeR95lh93BCXu/view?usp=sharing,1,26,FALSE,
74922,Samuel22112002 x Swang,https://xemtrai.top/samuel22112002-x-swang/,https://upload.xemtrai.top/2025/10/samuel22112002-x-swang.mp4_20251015_212644.983-720x380.jpg,Gay video; Vietnam video,https://drive.google.com/file/d/1S3BkJID_utY9uqDQD5XgbbtKg9UFqbnE/view?usp=sharing,1,26,FALSE,
74886,Friendlymen – Ball – P2,https://xemtrai.top/friendlymen-ball-p2/,https://upload.xemtrai.top/2025/10/Ball2-720x380.jpg,Straight guys; Thailand video,https://drive.google.com/file/d/1lvrGp6ZDiVd0paMap9GS4c3UY1u2Rv4z/view?usp=sharing,1,26,FALSE,
74793,Friendlymen – Ball – P1,https://xemtrai.top/friendlymen-ball-p1/,https://upload.xemtrai.top/2025/10/Ball-720x380.jpg,Straight guys; Thailand video,https://drive.google.com/file/d/18tU6d1XM8dmFU6XrcGaYSHsNMoywgGry/view?usp=sharing,1,26,FALSE,
74794,Tus_gunn – A wild date,https://xemtrai.top/tus_gunn-a-wild-date/,https://upload.xemtrai.top/2025/10/A-wild-date.mp4_20251011_220053.547-720x380.jpg,Gay video; Vietnam video,https://drive.google.com/file/d/15ebMMTyN7wiCpYa82m5ii_fsdjPnQq1N/view?usp=sharing,1,26,FALSE,
74747,Friendlymen,https://xemtrai.top/friendlymen-18/,https://upload.xemtrai.top/2025/10/Friend-720x380.jpg,Straight guys; Thailand video,https://drive.google.com/file/d/16LXylVV2icAwKckJMFvq5CRPSOudhJQl/view?usp=sharing,1,26,FALSE,
74746,Hin x em phi công,https://xemtrai.top/hin-x-em-phi-cong/,https://upload.xemtrai.top/2025/10/Hin-720x380.jpg,Gay video; Vietnam video,https://drive.google.com/file/d/1ayhUrHkNOtq031-3_jeRvDldq2S8EFsL/view?usp=sharing,1,26,FALSE,
74745,ScorpioAtPlay x Picun1069,https://xemtrai.top/scorpioatplay-x-heizai/,https://upload.xemtrai.top/2025/10/ScorpioAtPlay-x-Heizai.mp4_20251008_204311.301-720x380.jpg,Gay video; Vietnam video,https://drive.google.com/file/d/193gz7iwXSopKIYqbihNp4WRqZTYfvZ6s/view?usp=sharing,1,26,FALSE,
74748,Seachan x Straight-VT-310805,https://xemtrai.top/seachan-x-straight-vt-310805/,https://upload.xemtrai.top/2025/10/seachan-720x380.jpg,Gay video; Straight guys; Vietnam video,https://drive.google.com/file/d/1u4ywpEQDNrAIVX71ORnXkB94WLYzFk2j/view?usp=sharing,1,26,FALSE,
74721,Friendlymen,https://xemtrai.top/friendlymen-17/,https://upload.xemtrai.top/2025/10/Friendly-720x380.jpg,Straight guys photo; Thailand video,https://drive.google.com/file/d/1kSIlsH6A70z-8uqoz3NPcqRQCg5P6UYZ/view?usp=sharing,1,26,FALSE,
74720,Pinky Quoc Nguyen x Thuy Ta – Oh my kiss,https://xemtrai.top/pinky-quoc-nguyen-x-thuy-ta-oh-my-kiss/,https://upload.xemtrai.top/2025/10/pinky-720x380.jpg,Girl video; Vietnam video,https://drive.google.com/file/d/1AU6UCQQRYUHcNegml9tAFLcQIDlZCkU1/view?usp=sharing,1,26,FALSE,
74700,Binkycum – Trai gym ngực to,https://xemtrai.top/binkycum-trai-gym-nguc-to/,https://upload.xemtrai.top/2025/10/binky-720x380.jpg,Gay video; Vietnam video,https://drive.google.com/file/d/1or-8srfDpkMdSYgIuUMVwx0HqfcjsvpN/view?usp=sharing,1,26,FALSE,
74697,Gaydar-GD-017 – Swang,https://xemtrai.top/gaydar-gd-017-swang/,https://upload.xemtrai.top/2025/10/oFg7Z2bN-photo_2025-10-04_20-45-55-720x380.jpg,Asia video; Gay video,https://drive.google.com/file/d/1-BCT4klvDh58RQ8j6dKKD4mpv_m6UYsj/view?usp=sharing,1,26,FALSE,
74680,Viet_203 x Samuel22112002,https://xemtrai.top/viet_203-x-samuel22112002/,https://upload.xemtrai.top/2025/10/Viet_203-720x380.jpg,Gay video; Vietnam video,https://drive.google.com/file/d/1e_HgOces5AD6sPM5qjCDNjYWm_y9rxYD/view?usp=sharing,1,26,FALSE,
74681,Seachan x Straight TN-050905EP1,https://xemtrai.top/seachan-x-straight-tn-050905ep1/,https://upload.xemtrai.top/2025/10/Seachan-720x380.jpg,Gay video; Straight guys; Vietnam video,https://drive.google.com/file/d/1fXcYe_yZ4x78cHhDLSi7FfW3e15STpUb/view?usp=sharing,1,26,FALSE,
74638,Kong0sleep chịch em trai sắp lấy vợ,https://xemtrai.top/kong0sleep-chich-em-trai-sap-lay-vo/,https://upload.xemtrai.top/2025/09/VaxXrjDn-kong0sleep-720x380.jpg,Gay video; Vietnam video,https://drive.google.com/file/d/115uPfaFzN6Bb7c1BKhMmDwYkHub-4MD_/view?usp=sharing,1,27,FALSE,
74636,"Xingfufu – Hunky Orgy 5Some – Sky, Bevis, Albert, Triet Rex, Anh ca chep",https://xemtrai.top/xingfufu-hunky-orgy-5some-sky-bevis-albert-triet-rex-anh-ca-chep/,https://upload.xemtrai.top/2025/09/Hunky-Orgy-5Some.mp4_20250930_203144.621-720x380.jpg,Gay video; Vietnam video,https://drive.google.com/file/d/1J8yZ7TTXZLEPJ9mBXH20BwtNgnb3RO7s/view?usp=sharing,1,27,FALSE,
74607,Kong0sleep – Bot slim big cock,https://xemtrai.top/kong0sleep-bot-slim-big-cock/,https://upload.xemtrai.top/2025/09/XVV2NjaG-kong-720x380.jpg,Gay video; Vietnam video,https://drive.google.com/file/d/1OxWDVEsk0l7TH_LaAa47iIxwyNJFrfio/view?usp=sharing,1,27,FALSE,
74610,Hunt Series EP.33 – The collector,https://xemtrai.top/hunt-series-ep-33-the-collector/,https://upload.xemtrai.top/2025/09/Hunt33.mp4_20250929_204933.244-720x380.jpg,Asia video; Gay video,https://drive.google.com/file/d/1ZfGn_tnaqqArsGVbR22bm2kr4LyinXtk/view?usp=sharing,1,27,FALSE,
74609,Seachan x Hot straight,https://xemtrai.top/seachan-x-hot-straight-2/,https://upload.xemtrai.top/2025/09/Imlv5b1l-seachan-720x380.jpg,Gay video; Straight guys; Vietnam video,https://drive.google.com/file/d/1WC6Zz2QrXPF_696ToynZZop-Kh7c2-sS/view?usp=sharing,1,27,FALSE,
74608,Reborn x Pecpal,https://xemtrai.top/reborn-x-pecpal/,https://upload.xemtrai.top/2025/09/Reborn-x-Pecpal.mp4_20250929_204037.376-720x380.jpg,Asia video; Gay video,https://drive.google.com/file/d/1ZT9DtZQoBOQ7Vc93wug8CScK-Ngh7Zgj/view?usp=sharing,1,27,FALSE,
74606,Binkycum – Trai Biên Hòa 2k – clip3,https://xemtrai.top/binkycum-trai-bien-hoa-2k-clip3/,https://upload.xemtrai.top/2025/09/sEwZHunU-Binky-720x380.jpg,Gay video; Vietnam video,https://drive.google.com/file/d/1_Z6VCVNMYtzCRvU-nedEMR2HTFgzDOTn/view?usp=sharing,1,27,FALSE,
74546,Friendlymen – Bank,https://xemtrai.top/friendlymen-bank/,https://upload.xemtrai.top/2025/09/friendlyMen-bank-720x380.jpg,Straight guys; Thailand video,https://drive.google.com/file/d/1CVJ5qNKo1-FN27o6JteArO6xxej70aXK/view?usp=sharing,1,27,FALSE,
74547,Tus_gunn x Sky x Anh cá chép,https://xemtrai.top/tus_gunn-x-sky-x-anh-ca-chep/,https://upload.xemtrai.top/2025/09/Tus-Sky-Anhcachep-.mp4_20250928_183941.223-720x380.jpg,Gay video; Vietnam video,https://drive.google.com/file/d/1CnwElncdi3ScQYSjKa7YdVlJH0vnnBoL/view?usp=sharing,1,27,FALSE,
74549,Bevis Trần Đức Vương x Kilianobaby,https://xemtrai.top/bevis-tran-duc-vuong-x-kilianobaby/,https://upload.xemtrai.top/2025/09/Bevis-720x380.jpg,Gay video; Vietnam video,https://drive.google.com/file/d/1C7ktq7Xu5SU5ngwOUhcpuesz_dEdi8oS/view?usp=sharing,1,27,FALSE,
74550,Binkycum – Trai Biên Hòa 2k – clip2,https://xemtrai.top/binkycum-trai-bien-hoa-2k-clip2/,https://upload.xemtrai.top/2025/09/Binky-720x380.jpg,Gay video; Vietnam video,https://drive.google.com/file/d/1Pw0m0YN4b8RpORxk70iFd-TKSzuZduQ-/view?usp=sharing,1,27,FALSE,
74548,Valerio20X – Video 5,https://xemtrai.top/valerio20x-video-5/,https://upload.xemtrai.top/2025/09/valerio20X-720x380.jpg,Gay video; Vietnam video,https://drive.google.com/file/d/1x8fcrWBbcU0zg3JAnlVXkcbIxiF63-FD/view?usp=sharing,1,27,FALSE,
74545,Gaydar-GD-016,https://xemtrai.top/gaydar-gd-016/,https://upload.xemtrai.top/2025/09/Gaydar-GD016-720x380.png,Asia video; Gay video,https://drive.google.com/file/d/1s7x3VkuxIVLJqpgbVfHH7yEG_-R1665k/view?usp=sharing,1,27,FALSE,
74514,Fitnoyz & Andrechou79 flip flop,https://xemtrai.top/fitnoyz-andrechou79-flip-flop/,https://upload.xemtrai.top/2025/09/fitnoyz-andrechou79-flip-flop.mp4_20250925_212135.891-720x380.jpg,Asia video; Gay video,https://drive.google.com/file/d/1dD0aDFIAdIhrKWmSrrKvFzNbBXKmztIr/view?usp=sharing,1,27,FALSE,
74513,Friendlymen,https://xemtrai.top/friendlymen-16/,https://upload.xemtrai.top/2025/09/Friendly-Men-720x380.jpg,Straight guys; Thailand video,https://drive.google.com/file/d/1dMTJWOsLgQSOh25bBWzq_WCshxngpbTM/view?usp=sharing,1,27,FALSE,
74493,Kong0sleep – Handsome Bisexual,https://xemtrai.top/kong0sleep-handsome-bisexual/,https://upload.xemtrai.top/2025/09/kong0sleep-720x380.jpg,Gay video; Vietnam video,https://drive.google.com/file/d/15gx8gh6EeuS9y2Ps0LwcBFu8BVuZt7FI/view?usp=sharing,1,27,FALSE,
74491,Binkycum – Trai Biên Hòa 2k – clip1,https://xemtrai.top/binkycum-trai-bien-hoa-2k-clip1/,https://upload.xemtrai.top/2025/09/El6mVLsU-binky-720x380.jpg,Gay video; Straight guys; Vietnam video,https://drive.google.com/file/d/10u-LGD2yxe0IUSqTNaMAqHAO-drhX8o1/view?usp=sharing,1,27,FALSE,
74492,Seachan – Straight BT84939,https://xemtrai.top/seachan-straight-bt84939/,https://upload.xemtrai.top/2025/09/Seachan-720x380.jpg,Gay video; Straight guys; Vietnam video,https://drive.google.com/file/d/11INusavWi-Dz1h0IzN0KS6pdeqqLpHBe/view?usp=sharing,1,27,FALSE,
74477,Valerio20X – Video 4,https://xemtrai.top/valerio20x-video-4-2/,https://upload.xemtrai.top/2025/09/valerio20X-4-720x380.jpg,Gay video; Vietnam video,https://drive.google.com/file/d/1ggcTLMU6oUNIBP1pvxFnbT4QSQOU9Zbl/view?usp=sharing,1,28,FALSE,
74413,Binkycum – Triet_Rex x Tan – P3,https://xemtrai.top/binkycum-triet_rex-x-tan-p3/,https://upload.xemtrai.top/2025/09/Triet-720x380.jpg,Gay video; Vietnam video,https://drive.google.com/file/d/1nxp4Cgp0pI8y8nn11hCI60ApKF9sGi-c/view?usp=sharing,1,28,FALSE,
74351,Kong0sleep – Angel,https://xemtrai.top/kong0sleep-angel/,https://upload.xemtrai.top/2025/09/qBEgl5Li-kong-720x380.jpg,Gay video; Vietnam video,https://drive.google.com/file/d/1W4A13bwBtq3tsapzbmRJqx92TT3UGQT-/view?usp=sharing,1,28,FALSE,
74353,Scorpioatplay x Triet_rex x AriHank,https://xemtrai.top/scorpioatplay-x-triet_rex-x-arihank/,https://upload.xemtrai.top/2025/09/Scorpioatplay-x-Triet-x-AriHank.mp4_20250921_172216.090-720x380.jpg,Vietnam video,https://drive.google.com/file/d/1SOqI5gfcXP-PjLMVbgakpMKV4ex7Z64L/view?usp=sharing,1,28,FALSE,
74352,Ho Vinh Khoa x Rhonee x Finn Harding,https://xemtrai.top/ho-vinh-khoa-x-rhonee-x-finn-harding/,https://upload.xemtrai.top/2025/09/rhoneeandkhoa-collab-with-Finn-Harding.mp4_20250921_163416.909-720x380.jpg,Gay video; Vietnam video,https://drive.google.com/file/d/1II9fXkMNhQk1mjFRzchcoWKrjOY9Quta/view?usp=sharing,1,28,FALSE,
74354,VincentTWH (WingHong Tang) fuck Sam Vu,https://xemtrai.top/vincenttwh-winghong-tang-fuck-sam-vu/,https://upload.xemtrai.top/2025/09/VincentTWH-fuck-Sam-Vu.mp4_20250921_163440.775-720x380.jpg,Gay video; Vietnam video,https://drive.google.com/file/d/10hOa50yDMr04Gs6PKI1ThCY3oWIYZj8d/view?usp=sharing,1,28,FALSE,
74356,Hin hoinhinn Ep.6,https://xemtrai.top/hin-ep-6/,https://upload.xemtrai.top/2025/09/hin-720x380.jpg,Gay video; Vietnam video,https://drive.google.com/file/d/1oOMnSCBD1CMLx2UCDkLamzEe1ZNTKIFm/view?usp=sharing,1,28,FALSE,
74355,Ruby Thiên Phạm – Phát hiện thằng bạn thân là hot X – Part 2,https://xemtrai.top/ruby-thien-pham-phat-hien-thang-ban-than-la-hot-x-part-2/,https://upload.xemtrai.top/2025/09/RuBy-ThangbanthanP2.mp4_20250921_164855.264-720x380.jpg,Gay video; Vietnam video,https://drive.google.com/file/d/1pcKl1zg5Wv24tUfNt4xqzW-KjXjRhQW6/view?usp=sharing,1,28,FALSE,
74350,Binkycum – Triet_Rex x Tan – P2,https://xemtrai.top/binkycum-triet_rex-x-tan-p2/,https://upload.xemtrai.top/2025/09/EPdK2v2s-binky-720x380.jpg,Gay video; Vietnam video,https://drive.google.com/file/d/1flFolxUC2kra7q_LofGJwwkMeT8Qmzni/view?usp=sharing,1,28,FALSE,
74329,Binkycum – Triet_Rex x Tan – P1,https://xemtrai.top/binkycum-triet_rex-x-tan-p1/,https://upload.xemtrai.top/2025/09/dbUPS91h-binky-720x380.jpg,Gay video; Vietnam video,https://drive.google.com/file/d/13eCpkWG6u7MzAgDHg69u14HhJcA4Vjbq/view?usp=sharing,1,28,FALSE,
74294,Valerio20X chịch em trai sắp lấy vợ,https://xemtrai.top/valerio20x-chich-em-trai-sap-lay-vo/,https://upload.xemtrai.top/2025/09/egPlZGDm-Valerio20X-720x380.jpg,Gay video; Vietnam video,https://drive.google.com/file/d/11d-_XcvNpxNDcjKz7bEFKI_wviCIdyZF/view?usp=sharing,1,28,FALSE,
74313,Binkycum – Trai IT 6 múi,https://xemtrai.top/binkycum-trai-it-6-mui/,https://upload.xemtrai.top/2025/09/bInky-cum-720x380.jpg,Gay video; Vietnam video,https://drive.google.com/file/d/1HnNF_pf3rP9GfjFN27sTC8RVlwTcfQ_b/view?usp=sharing,1,28,FALSE,
74296,Nguyen Khai Bot2k3,https://xemtrai.top/nguyen-khai-bot2k3/,https://upload.xemtrai.top/2025/09/NguyenKhai-720x380.jpg,Gay video; Vietnam video,https://drive.google.com/file/d/1xAzpeOq9Zu3lmxU10VIPNCGwp-mLg-v2/view?usp=sharing,1,28,FALSE,
74265,Ruby Thiên Phạm – Phát hiện thằng bạn thân là hot X – Part 1,https://xemtrai.top/ruby-thien-pham-phat-hien-thang-ban-than-la-hot-x-part-1/,https://upload.xemtrai.top/2025/09/RubyThienPham-Thangbanthan-P1.mp4_20250916_214516.256-720x380.jpg,Gay video; Vietnam video,https://drive.google.com/file/d/1s4RhiR5Ng9tPE7_mam4xm01MxwE-YLx6/view?usp=sharing,1,28,FALSE,
74258,Friendlymen – Souppeace – P2,https://xemtrai.top/friendlymen-souppeace-p2/,https://upload.xemtrai.top/2025/09/Friend-1-720x380.jpg,Straight guys; Thailand video,https://drive.google.com/file/d/1KvHBBpSg8IufdbVKkR6sRxHBGum_LHfO/view?usp=sharing,1,28,FALSE,
74262,"Pinky Quoc Nguyen, Bevis Trần Đức Vương – Cosplay Game Day 2",https://xemtrai.top/pinky-quoc-nguyen-bevis-tran-duc-vuong-cosplay-game-day-2/,https://upload.xemtrai.top/2025/09/pinky-720x380.jpg,Gay video; Vietnam video,https://drive.google.com/file/d/1XwUqzOJps8yT7QdOWAYGDdqbxzIMDU1L/view?usp=sharing,1,28,FALSE,
74260,Seachan – Straight guy muscle 20,https://xemtrai.top/seachan-straight-guy-muscle-20/,https://upload.xemtrai.top/2025/09/strai20-720x380.jpg,Gay video; Straight guys; Vietnam video,https://drive.google.com/file/d/1fvmmRE8OSQDchG9RNb0nKQd2haXxuJaG/view?usp=sharing,1,28,FALSE,
74479,Valerio20X – Video 2,https://xemtrai.top/valerio20x-video-2/,https://upload.xemtrai.top/2025/09/valerio-720x380.jpg,Gay video; Vietnam video,https://drive.google.com/file/d/12ApdsxdWXkoF2CcZ0tYHCk_Kb2eYGdq0/view?usp=sharing,1,28,FALSE,
74231,Baker – LongTongueBoyVN – Great trip (cậu bé lưỡi dài),https://xemtrai.top/baker-longtongueboyvn-great-trip-cau-be-luoi-dai/,https://upload.xemtrai.top/2025/09/Baker-720x380.jpg,Girl video; Vietnam video,https://drive.google.com/file/d/1YYWGDSdlqHsQ6HYwnmn_EzlwhMZ2hZH9/view?usp=sharing,1,29,FALSE,
74193,Friendlymen – Souppeace – P1,https://xemtrai.top/friendlymen-souppeace-p1/,https://upload.xemtrai.top/2025/09/Friend-720x380.jpg,Straight guys; Thailand video,https://drive.google.com/file/d/1vvMfAkRFeuAi55kI3Noqx8F6q4kJllsh/view?usp=sharing,1,29,FALSE,
74225,Kong0Sleep – Em sịp trắng (khẩu dâm),https://xemtrai.top/kong0sleep-em-sip-trang-khau-dam/,https://upload.xemtrai.top/2025/09/PsgT7v9N-Kong-720x380.jpg,Gay video; Vietnam video,https://drive.google.com/file/d/1lb4Fo6QMyGLF5N4BcBVxbOZH20Qu32AE/view?usp=sharing,1,29,FALSE,
74232,Seachan – Straight VIP SG 008473,https://xemtrai.top/seachan-straight-vip-sg-008473/,https://upload.xemtrai.top/2025/09/Straight-VIP-SG-720x380.jpg,Gay video; Straight guys; Vietnam video,https://drive.google.com/file/d/14cAheXGN6kcEmpjRQv4II197W27aVxdY/view?usp=sharing,1,29,FALSE,
74194,Kong0Sleep – Dark Santa,https://xemtrai.top/kong0sleep-dark-santa/,https://upload.xemtrai.top/2025/09/Kong-720x380.jpg,Gay video; Vietnam video,https://drive.google.com/file/d/1pnLBaYPCCvyQh-OxR5gHLAH-SnF-m-wk/view?usp=sharing,1,29,FALSE,
74197,Valerio20X,https://xemtrai.top/valerio20x/,https://upload.xemtrai.top/2025/09/Valerio20X-720x380.jpg,Gay video; Vietnam video,https://drive.google.com/file/d/1YNNhZ0pFv90yj2bNdl-CTjuBn6JLfV4z/view?usp=sharing,1,29,FALSE,
74168,Scorpioatplay x Nainoi,https://xemtrai.top/scorpioatplay-x-nainoi/,https://upload.xemtrai.top/2025/09/Scorpioatplay-x-nainoi.mp4_20250911_212237.677-720x380.jpg,Gay video; Vietnam video,https://drive.google.com/file/d/1fFK7ayZcfT_YRylegje4KXG1xY4GEFEQ/view?usp=sharing,1,29,FALSE,
74169,Bjpipi98,https://xemtrai.top/bjpipi98/,https://upload.xemtrai.top/2025/09/page-720x380.jpg,Gay video; Vietnam video,https://drive.google.com/file/d/1jtx-EBK1yf3y_ERLIthyxYjOcEkUadrj/view?usp=sharing,1,29,FALSE,
74171,Kong0Sleep – Barber,https://xemtrai.top/kong0sleep-barber/,https://upload.xemtrai.top/2025/09/9LAizVZ9-kong-720x380.jpg,Gay video; Vietnam video,https://drive.google.com/file/d/1qA2jDfm4BXztqBgke8XXPlkaQ6hMAH9D/view?usp=sharing,1,29,FALSE,
74170,Seachan – Straight boy HN04-EP2 VIP – lucas_big95,https://xemtrai.top/seachan-straight-boy-hn04-ep2-vip-lucas_big95/,https://upload.xemtrai.top/2025/09/seachan-720x380.jpg,Gay video; Straight guys; Vietnam video,https://drive.google.com/file/d/1tpNxnnT19UNVtffQXXj8hqOBJNrqViCt/view?usp=sharing,1,29,FALSE,
74130,Hin Ep.2 – Anh top bi 6 múi,https://xemtrai.top/hin-ep-2-anh-top-bi-6-mui/,https://upload.xemtrai.top/2025/09/2Y5qWHoS-Hin-720x380.jpg,Gay video; Vietnam video,https://drive.google.com/file/d/1d7Qr_m_ZWAaif8g28nIIRzE9bMBItXVx/view?usp=sharing,1,29,FALSE,
74133,Binkycum – Outdoor,https://xemtrai.top/binkycum-outdoor/,https://upload.xemtrai.top/2025/09/2vzkS8eP-binky-720x380.jpg,Gay video; Vietnam video,https://drive.google.com/file/d/1V81oM1ynwhEXgrOBsL5l5UObKYiPHNAq/view?usp=sharing,1,29,FALSE,
74132,Seachan – Straight boy 06,https://xemtrai.top/seachan-straight-boy-06/,https://upload.xemtrai.top/2025/09/str8-06-720x380.jpg,Gay video; Straight guys; Vietnam video,https://drive.google.com/file/d/19PtpVWjwJ7r5-haFe17Q5rMp6cVAxhfu/view?usp=sharing,1,29,FALSE,
74045,Scorpioatplay x Bagelijun,https://xemtrai.top/scorpioatplay-x-bagelijun/,https://upload.xemtrai.top/2025/09/Scorpio-720x380.jpg,Gay video; Vietnam video,https://drive.google.com/file/d/1oXtsjTzca7jjnVQc65Fu4zkz0IhyCEyw/view?usp=sharing,1,29,FALSE,
74044,Pinky Quoc Nguyen x Triet_Rex,https://xemtrai.top/pinky-quoc-nguyen-x-triet_rex/,https://upload.xemtrai.top/2025/09/Pinky-x-TrietRex.mp4_20250905_200149.295-720x380.jpg,Gay video; Vietnam video,https://drive.google.com/file/d/1pG0iPfryOed9OQ0AGfZuewb-qAE2gC1v/view?usp=sharing,1,29,FALSE,
74043,Kong0Sleep – Boy slim big cock,https://xemtrai.top/kong0sleep-boy-slim-big-cock/,https://upload.xemtrai.top/2025/09/kong-720x380.jpg,Gay video; Vietnam video,https://drive.google.com/file/d/142qF6v9_LqEzUs_WYN-uJKbnCKNFQK-S/view?usp=sharing,1,29,FALSE,
74042,Hin Ep.1 – Anh top bi 6 múi,https://xemtrai.top/hin-ep1-anh-top-bi-6-mui/,https://upload.xemtrai.top/2025/09/Hin1-720x380.jpg,Gay video; Vietnam video,https://drive.google.com/file/d/1p-PzUDzvdZ2H2JSP62NlmkgkuuBIAMfe/view?usp=sharing,1,29,FALSE,
74041,AriDHK – Dream,https://xemtrai.top/aridhk-dream/,https://upload.xemtrai.top/2025/09/Ari-720x380.jpg,Asia video; Gay video,https://drive.google.com/file/d/1bnaVMO-M7uwV4mlb3dpGSC3AqboBCxiV/view?usp=sharing,1,29,FALSE,
74046,Seachan – Straight guy HN02 Ep 2,https://xemtrai.top/seachan-straight-guy-hn02-ep-2/,https://upload.xemtrai.top/2025/09/Straight-HN2-2-720x380.jpg,Gay video; Straight guys; Vietnam video,https://drive.google.com/file/d/1PzNJigcNiPCBEMNsZyIDawTTKthsD-iG/view?usp=sharing,1,30,FALSE,
73994,Baker – LongTongueBoyVN x Female fan,https://xemtrai.top/baker-longtongueboyvn-x-female-fan/,https://upload.xemtrai.top/2025/09/baker2-720x380.jpg,Girl video; Vietnam video,https://drive.google.com/file/d/1KWT3NCDK_3F5S4pkzEluYoloPVT86fXe/view?usp=sharing,1,30,FALSE,
73996,HIN hoinhinn – Ep.4 Collab with tattoo boy 20cm,https://xemtrai.top/hin-hoinhinn-ep-4-collab-with-tattoo-boy-20cm/,https://upload.xemtrai.top/2025/09/Hin-720x380.jpg,Gay video; Vietnam video,https://drive.google.com/file/d/1xcZo9UI2WXRqQjSX9h5E_3dKGrRO0-_b/view?usp=sharing,1,30,FALSE,
73995,Binkycum – Anh công nhân cơ bắp P3 – Clip 3,https://xemtrai.top/binkycum-anh-cong-nhan-co-bap-p3-clip-3/,https://upload.xemtrai.top/2025/09/binky-720x380.jpg,Gay video; Vietnam video,https://drive.google.com/file/d/1pjTcUx30s5a1ANixAtLMb3bhezWbRENq/view?usp=sharing,1,30,FALSE,
73961,Ruby Thiên Phạm – Anh Bat Man,https://xemtrai.top/ruby-thien-pham-anh-bat-man/,https://upload.xemtrai.top/2025/08/ThienPham-AnhBatMan.mp4_20250831_191156.099-720x380.jpg,Gay video; Vietnam video,https://drive.google.com/file/d/1OIAqJVmmYJlfJc5v0WDbkfwl4ciHvfsK/view?usp=sharing,1,30,FALSE,
73962,Pinky Quoc Nguyen – Cosplay Game Hồng Tỷ – Day 1,https://xemtrai.top/pinky-quoc-nguyen-cosplay-game-hong-ty-day-1/,https://upload.xemtrai.top/2025/08/gkPMWsn1-pinky-720x380.jpg,Gay video; Vietnam video,https://drive.google.com/file/d/1gHagalwXABVmlhJ8o5aAz9CO_E2VM942/view?usp=sharing,1,30,FALSE,
73960,Kong0sleep – Soccer boy,https://xemtrai.top/kong0sleep-soccer-boy/,https://upload.xemtrai.top/2025/08/4tZ8llah-kong-720x380.jpg,Gay video; Vietnam video,https://drive.google.com/file/d/1M6b1QfDWdtJAJHAALBZgZsyPARcLz8ol/view?usp=sharing,1,30,FALSE,
73959,Binkycum – Anh công nhân cơ bắp P3 – Clip 2,https://xemtrai.top/binkycum-anh-cong-nhan-co-bap-p3-clip-2/,https://upload.xemtrai.top/2025/08/QuYnPDmy-binky-720x380.jpg,Gay video; Vietnam video,https://drive.google.com/file/d/1dzimxw2s8Q4zsTCgcoYrTQV5gsRQYZd-/view?usp=sharing,1,30,FALSE,
73963,Seachan – Straight guy HN02 Ep 1,https://xemtrai.top/seachan-straight-guy-hn02-ep-1/,https://upload.xemtrai.top/2025/08/seachan-HN02-1-720x380.jpg,Gay video; Straight guys; Vietnam video,https://drive.google.com/file/d/1-de3voWC1C8eFgR0KpPlqnlGffe3dQ7Z/view?usp=sharing,1,30,FALSE,
73927,Kong0sleep – Smooth boy,https://xemtrai.top/kong0sleep-smooth-boy/,https://upload.xemtrai.top/2025/08/Kong0sleep-Smooth-720x380.jpg,Gay video; Vietnam video,https://drive.google.com/file/d/1mG16G9N3g-v3OrzWyQbRQtQhikBfIjld/view?usp=sharing,1,30,FALSE,
73926,Binkycum – Anh công nhân cơ bắp P3 – Clip 1,https://xemtrai.top/binkycum-anh-cong-nhan-co-bap-p3-clip-1/,https://upload.xemtrai.top/2025/08/binkycump1-720x380.jpg,Gay video; Vietnam video,https://drive.google.com/file/d/1MvxeMfzBam_Q8C2mlG3yv_iH8GZ8Fvjk/view?usp=sharing,1,30,FALSE,
73905,David_lychan x Tus Gunn x Bernard Wanggx,https://xemtrai.top/david_lychan-x-tus-gunn-x-bernard-wanggx/,https://upload.xemtrai.top/2025/08/Untitled-1-720x380.jpg,Gay video; Vietnam video,https://drive.google.com/file/d/1ptmYbWEUElrxB6kEwbDa_42vDgjlr7e5/view?usp=sharing,1,30,FALSE,
73904,Binkycum,https://xemtrai.top/binkycum/,https://upload.xemtrai.top/2025/08/UfjpTGX7-binky-720x380.jpg,Gay video; Vietnam video,https://drive.google.com/file/d/14OdopRWgMS-1lRfkWd4utRstqmL_lVE3/view?usp=sharing,1,30,FALSE,
73906,Seachan with straight men playing soccer,https://xemtrai.top/seachan-with-straight-men-playing-soccer/,https://upload.xemtrai.top/2025/08/5vT9JF9y-seachan-720x380.jpg,Gay video; Straight guys; Vietnam video,https://drive.google.com/file/d/1KkN5e9ZfFbIWXYJVcl2zWomNRxb0eF9_/view?usp=sharing,1,30,FALSE,
73885,Kong0sleep – Student Abroad,https://xemtrai.top/kong0sleep-student-abroad/,https://upload.xemtrai.top/2025/08/HDteMtWw-kong-720x380.jpg,Gay video; Vietnam video,https://drive.google.com/file/d/1gkRWeGa9waug03GmtIP0c3QpkY38cOCo/view?usp=sharing,1,30,FALSE,
73883,HIN – hoinhinn,https://xemtrai.top/hin-hoinhinn/,https://upload.xemtrai.top/2025/08/iFvtIhei-hin-720x380.jpg,Gay video; Vietnam video,https://drive.google.com/file/d/1-sQ7gfeyPTpqiY0Q2h-fVo70zVigvn33/view?usp=sharing,1,30,FALSE,
73884,Seachan x Straight boy 23 – KK11088,https://xemtrai.top/seachan-x-straight-boy-23-kk11088/,https://upload.xemtrai.top/2025/08/YvJ4qiek-seachan-720x380.jpg,Gay video; Vietnam video,https://drive.google.com/file/d/1i3Z_8PZfk8e-sxtq_EPkarOkJVMWgqyk/view?usp=sharing,1,30,FALSE,
37935,OF Pinky Nguyen fucks tattoo girl (Link fixed),https://xemtrai.top/of-pinky-nguyen-fucks-tattoo-girl/,https://xemtrai.top/wp-content/uploads/2022/12/PinkyNguyen-720x380.jpg,Girl video; Vietnam video,https://drive.google.com/file/d/1DWHua0ZEAamR-QI_bdkC0Ue93Mlc75Ck/view?usp=sharing,1,30,FALSE,
73844,HIN – Anh ma 6 múi chịch bé thỏ tơi tả,https://xemtrai.top/hin-anh-ma-6-mui-chich-be-tho/,https://upload.xemtrai.top/2025/08/hin-720x380.jpg,Gay video; Vietnam video,https://drive.google.com/file/d/19CcfIh7Z4Vx-jRp9lxwLn4lC6GPCjqy0/view?usp=sharing,1,31,FALSE,
73843,Seachan x Straight boy 06 first kiss,https://xemtrai.top/seachan-x-straight-boy-06-first-kiss/,https://upload.xemtrai.top/2025/08/Seachan-720x380.jpg,Gay video; Straight guys; Vietnam video,https://drive.google.com/file/d/1_1hGp0-GLoyrhBE6sud0yEIXEaGP1oMx/view?usp=sharing,1,31,FALSE,
73795,Hunt Series EP.32 – Sculptor,https://xemtrai.top/hunt-series-ep-32-sculptor/,https://upload.xemtrai.top/2025/08/HUNT-SERIES-EP.32-The-SCULPTOR-雕刻家.mp4_20250824_080102.429-720x380.jpg,Asia video; Gay video,https://drive.google.com/file/d/10gVMhU9-ewuS00Ou0_002zAWYdFYEXh6/view?usp=sharing,1,31,FALSE,
73799,Pinky Quoc Nguyen x Albert – The rapist,https://xemtrai.top/pinky-quoc-nguyen-x-albert-the-rapist/,https://upload.xemtrai.top/2025/08/pinky-720x380.jpg,Gay video; Vietnam video,https://drive.google.com/file/d/1s3BVa2AxeInjD0xUzORJf_7MzAP75t70/view?usp=sharing,1,31,FALSE,
73793,Seachan fuck straight guy 16 – BJ3749,https://xemtrai.top/seachan-fuck-straight-guy-bj3749/,https://upload.xemtrai.top/2025/08/KV07hcdY-seachan-720x380.jpg,Gay video; Vietnam video,https://drive.google.com/file/d/1gh5AYLxC_blZbHyaO8xBs9sjllFvjcx4/view?usp=sharing,1,31,FALSE,
73831,Binkycum – Anh công nhân cơ bắp P2,https://xemtrai.top/binkycum-anh-cong-nhan-co-bap-p2/,https://upload.xemtrai.top/2025/08/UWDKJ1Z5-binky-720x380.jpg,Gay video; Vietnam video,https://drive.google.com/file/d/1th2nTgrOTLNbwdft1TuvPA3Iowu_f3dX/view?usp=sharing,1,31,FALSE,
73796,Kong0sleep – Bot Hanoi,https://xemtrai.top/kong0sleep-bot-hanoi/,https://upload.xemtrai.top/2025/08/Yywqhqfx-kong-720x380.jpg,Gay video; Vietnam video,https://drive.google.com/file/d/1u8AgXm2zrDswPFJHDJl_HoNn1MAw-1gy/view?usp=sharing,1,31,FALSE,
73792,Cutotop1991,https://xemtrai.top/cutotop1991-2/,https://upload.xemtrai.top/2025/08/RDqbTzNj-cutotop1991-720x380.jpg,Gay video; Vietnam video,https://drive.google.com/file/d/1gD4WH9HXybMCgQ27necFNOhCsf6NMn3z/view?usp=sharing,1,31,FALSE,
73770,Pinky Quoc Nguyen x Papy x Anh cá chép,https://xemtrai.top/pinky-quoc-nguyen-x-papy-x-anh-ca-chep/,https://upload.xemtrai.top/2025/08/Pinky-x-Papy-x-Anh-ca-chep-720x380.jpg,Gay video; Vietnam video,https://drive.google.com/file/d/176_TL76Wn63ry2MCuFlxW3rpSeptAEOG/view?usp=sharing,1,31,FALSE,
73769,Binkycum – Anh công nhân cơ bắp P1,https://xemtrai.top/binkycum-anh-cong-nhan-co-bap-p1/,https://upload.xemtrai.top/2025/08/fWCJM5tt-binky-720x380.jpg,Gay video; Vietnam video,https://drive.google.com/file/d/1jmZ4HIWvtYbicQ52ArAVpesV5AEIGveS/view?usp=sharing,1,31,FALSE,
73771,Seachan x Straight boy 05,https://xemtrai.top/seachan-x-straight-boy-05-2/,https://upload.xemtrai.top/2025/08/Xc2AWIeC-seachan-720x380.jpg,Gay video; Straight guys; Vietnam video,https://drive.google.com/file/d/1b4Y8qWZdB-NgQZym5m2O3Es--UzcQSNs/view?usp=sharing,1,31,FALSE,
73733,Hunt Series EP.31 – The Craftsman 2,https://xemtrai.top/hunt-series-ep-31-the-craftsman-2/,https://upload.xemtrai.top/2025/08/Hunt_Series_31_The_CRAFTSMAN_I.mp4_20250819_200636.030-720x380.jpg,Asia video; Gay video,https://drive.google.com/file/d/18EpvOFNjjPTnY6RjwVEutaQfw447zE2K/view?usp=sharing,1,31,FALSE,
73729,Cutotop1991,https://xemtrai.top/cutotop1991/,https://upload.xemtrai.top/2025/08/cutotop1991-720x380.jpg,Gay video; Vietnam video,https://drive.google.com/file/d/1jznM5Wpihb2OMR3V2uBkRpCM4EKdok3R/view?usp=sharing,1,31,FALSE,
73731,Kong0Sleep- slim top down to the bottom,https://xemtrai.top/kong0sleep-slim-top-down-to-the-bottom/,https://upload.xemtrai.top/2025/08/ATF77xAI-kong-720x380.jpg,Gay video; Vietnam video,https://drive.google.com/file/d/1ldI4XM2eH2mUKQ_acHdubrnPoHtgbE9L/view?usp=sharing,1,31,FALSE,
73732,Seachan x New straight,https://xemtrai.top/seachan-x-new-straight/,https://upload.xemtrai.top/2025/08/ybrtbSQn-seachan-720x380.jpg,Gay video; Vietnam video,https://drive.google.com/file/d/11f9PIaf-polPLrYIbfVCkzIVxXwHWuT2/view?usp=sharing,1,31,FALSE,
73722,Topgymer – Mr_Zyn,https://xemtrai.top/topgymer-mr_zyn/,https://upload.xemtrai.top/2025/08/Topgymer.mp4_20250818_220633.882-720x380.jpg,Gay video; Vietnam video,https://drive.google.com/file/d/1OSjPIso9OIBVsRN3INb_pcESHKu0nVg9/view?usp=sharing,1,31,FALSE,
73685,Kong0sleep,https://xemtrai.top/kong0sleep-2/,https://upload.xemtrai.top/2025/08/MrA3qz7H-kong-720x380.jpg,Gay video; Vietnam video,https://drive.google.com/file/d/1ikod4uRPzQjzKqUi8UlVZMkvg0CypuiW/view?usp=sharing,1,31,FALSE,
73683,Seachan x Lady boy yuki,https://xemtrai.top/seachan-x-lady-boy-yuki/,https://upload.xemtrai.top/2025/08/seachan-x-lady-720x380.jpg,Transgender; Vietnam video,https://drive.google.com/file/d/1MnWE-qigR6-UD-En26d2qTfE48Kj3iHb/view?usp=sharing,1,31,FALSE,
73682,Seachan x Chiko x Dyu,https://xemtrai.top/seachan-x-chiko-x-dyu/,https://upload.xemtrai.top/2025/08/seachan2-720x380.jpg,Gay video; Vietnam video,https://drive.google.com/file/d/1tQFgfHYGd58p7z2tzbJDkQunCnZfSHbG/view?usp=sharing,1,32,FALSE,
73684,Binkycum – Sinh viên KT – P2 clip 2,https://xemtrai.top/binkycum-sinh-vien-kt-p2-clip-2/,https://upload.xemtrai.top/2025/08/binky-720x380.jpg,Gay video; Vietnam video,https://drive.google.com/file/d/1chtt0KJ1vKqgOzkTqN08_eJ5jryEHZ1-/view?usp=sharing,1,32,FALSE,
73641,Kong0sleep – threesome with couple,https://xemtrai.top/kong0sleep-threesome-with-couple/,https://upload.xemtrai.top/2025/08/kong-720x380.jpg,Gay video; Vietnam video,https://drive.google.com/file/d/1K1NpnSUDSxdFjsPGz-caJ70r_KedxFgb/view?usp=sharing,1,32,FALSE,
73640,Binkycum – Sinh viên KT – P2 clip 1,https://xemtrai.top/binkycum-sinh-vien-kt-p2-clip-1/,https://upload.xemtrai.top/2025/08/fNKf6ZfW-binky2-720x380.jpg,Gay video; Vietnam video,https://drive.google.com/file/d/1C6Fge9xj8qalegZN-joJyjtIJVDKPvee/view?usp=sharing,1,32,FALSE,
73642,Seachan – threesome with Picun & Heizai,https://xemtrai.top/seachan-threesome-with-picun-heizai/,https://upload.xemtrai.top/2025/08/seachan-720x380.jpg,Gay video; Vietnam video,https://drive.google.com/file/d/1ue2lSP0QD3595uZRYrvVSrp5eV9gtLLB/view?usp=sharing,1,32,FALSE,
73630,Ruby Thiên Phạm – Vụng trộm trước sân nhà,https://xemtrai.top/ruby-thien-pham-vung-trom-truoc-san-nha/,https://upload.xemtrai.top/2025/08/2025-08-12-720x380.png,Gay video; Vietnam video,https://drive.google.com/file/d/1pUqZ8gUoxlxuFgdIBDOQSHRkZlZs0PYI/view?usp=sharing,1,32,FALSE,
73594,Xingfufu – 3 Some Pinky x TusGunn x Albert,https://xemtrai.top/xingfufu-3-some-pinky-x-tusgunn-x-albert/,https://upload.xemtrai.top/2025/08/3-SOME-PINKY-TUS-ALBERT.mp4_20250810_194707.104-720x380.jpg,Gay video; Vietnam video,https://drive.google.com/file/d/19eXbg6YDmszZIbVjlplDS-DSNlib2kvA/view?usp=sharing,1,32,FALSE,
73558,Wei2aes,https://xemtrai.top/wei2aes/,https://upload.xemtrai.top/2025/08/wei2as-720x380.jpg,Asia video; Gay video,https://drive.google.com/file/d/1nunZvc3BCqoOQLdxVTI5ztXChZoo1IAZ/view?usp=sharing,1,32,FALSE,
73557,Seachan – Straight boy Special 04,https://xemtrai.top/seachan-straight-special-04/,https://upload.xemtrai.top/2025/08/Seachan2-720x380.jpg,Gay video; Straight guys; Vietnam video,https://drive.google.com/file/d/1nesW8G4dri2bv5_9IbfP6Wv30ZndjEd8/view?usp=sharing,1,32,FALSE,
73556,Binkycum Boy gym zú to,https://xemtrai.top/binkycum-boy-gym-zu-to/,https://upload.xemtrai.top/2025/08/binky2-720x380.jpg,Gay video; Vietnam video,https://drive.google.com/file/d/1Q4fww8J0RLzYWneEOoiObWCqnl8rIp-9/view?usp=sharing,1,32,FALSE,
73519,Gaydar-GD-008,https://xemtrai.top/gaydar-gd-008/,https://upload.xemtrai.top/2025/08/Gaydar_GD008-720x380.png,Asia video; Gay video,https://drive.google.com/file/d/1OBBhUVlRnJqwoFuKOp7yVKsFi9hWs8kl/view?usp=sharing,1,32,FALSE,
73515,Xingfufu – Triet_rex x Kan,https://xemtrai.top/xingfufu-triet_rex-x-kan/,https://upload.xemtrai.top/2025/08/Triet_rex-Lady-boy-720x380.jpg,Transgender; Vietnam video,https://drive.google.com/file/d/1zE6Fak7Fnk_BfDiss468YH_MTJdRX-Pp/view?usp=sharing,1,32,FALSE,
73498,Seachan – Two straight guy,https://xemtrai.top/seachan-two-straight-guy/,https://upload.xemtrai.top/2025/08/seachan-2-720x380.jpg,Gay video; Straight guys; Vietnam video,https://drive.google.com/file/d/1GDoE7nKVsEzX91-41p3mG7FDkaJ90N6e/view?usp=sharing,1,32,FALSE,
73496,Binkycum – Chơi slim boy trong phòng gym,https://xemtrai.top/binkycum-choi-slim-boy-trong-phong-gym/,https://upload.xemtrai.top/2025/08/slimboy-720x380.jpg,Gay video; Vietnam video,https://drive.google.com/file/d/1B4a7hShTfyKotPhxPwX6Aa6mVPKaLRCb/view?usp=sharing,1,32,FALSE,
73466,Xingfufu – Housemaid – Bevis x Topgymer,https://xemtrai.top/xingfufu-housemaid-bevis-x-topgymer/,https://upload.xemtrai.top/2025/08/Xingfufu-Bevis-x-Topgymer.mp4_20250801_221933.234-720x380.jpg,Gay video; Vietnam video,https://drive.google.com/file/d/1BAIaEodNXNuI4HaJTofpiH93pkLAQjJu/view?usp=sharing,1,32,FALSE,
73460,Hunt Series EP.30 – The Craftsman,https://xemtrai.top/hunt-series-ep-30-the-craftsman/,https://upload.xemtrai.top/2025/07/photo_2025-07-31_20-20-46-720x380.jpg,Asia video; Gay video,https://drive.google.com/file/d/1au46nYTqmgmUC84pNpD4sXDtv_sHuK9l/view?usp=sharing,1,32,FALSE,
73436,Asian foursome – Trietrex x Samuel x viet2003 x GaysianHole,https://xemtrai.top/asian-foursome-trietrex-x-samuel-x-viet2003-x-gaysianhole/,https://upload.xemtrai.top/2025/07/Asian-foursome-trietrex-x-Samuel-x-viet2003-x-GaysianHole.mp4_20250730_201458.951-720x380.jpg,Gay video; Vietnam video,https://drive.google.com/file/d/17c2yT4I6Bt81TyK5sAnJPlLG3P-hCUg_/view?usp=sharing,1,32,FALSE,
73435,Binkycum – Sinh viên KT – P1,https://xemtrai.top/binkycum-sinh-vien-kt-p1/,https://upload.xemtrai.top/2025/07/30tLN1GZ-binky-720x380.jpg,Gay video; Vietnam video,https://drive.google.com/file/d/1atQvkXC_WvrtXkyaGxSLWKxSTnxrSW9R/view?usp=sharing,1,32,FALSE,
73434,Seachan x Straight boy Special 01,https://xemtrai.top/seachan-x-straight-boy-special-01/,https://upload.xemtrai.top/2025/07/seachan-SP-01-720x380.jpg,Gay video; Straight guys; Vietnam video,https://drive.google.com/file/d/18wPHRSdebSBXnOWyHXLLmLxElTIVt3m1/view?usp=sharing,1,33,FALSE,
73405,Binkycum Trai gym 2k3 Q9 – P3,https://xemtrai.top/binkycum-trai-gym-2k3-q9-p3/,https://upload.xemtrai.top/2025/07/FA5f4bdP-BInky-720x380.jpg,Gay video; Vietnam video,https://drive.google.com/file/d/1XgsLQAQtLLcN4NpC_o-nWPseMPsqPteo/view?usp=sharing,1,33,FALSE,
73399,Seachan Straight VIP 1174,https://xemtrai.top/seachan-straight-vip-1174/,https://upload.xemtrai.top/2025/07/4CQaIjnF-Seachan-720x380.jpg,Gay video; Straight guys; Vietnam video,https://drive.google.com/file/d/11K7eNqkyce8HthTK4Nem7qnOTQWVd2zt/view?usp=sharing,1,33,FALSE,
73352,Kenvin Tiến Quân x Araw x Chen x Wan,https://xemtrai.top/kenvin-tien-quan-x-araw-x-chen-x-wan/,https://upload.xemtrai.top/2025/07/ArawQuanChenWan.mp4_20250725_200649.418-720x380.jpg,Gay video; Vietnam video,https://drive.google.com/file/d/1bHDPezqThcPlCI4avx7AFEbUE02j7KHa/view?usp=sharing,1,33,FALSE,
73354,Binkycum Trai gym 2k3 Q9 – P2,https://xemtrai.top/binkycum-trai-gym-2k3-q9-p2/,https://upload.xemtrai.top/2025/07/ynESxoiw-BInky-720x380.jpg,Gay video; Vietnam video,https://drive.google.com/file/d/16Zlnl4mdL5Lr5xJ9TsNhmxjUICt21SZ-/view?usp=sharing,1,33,FALSE,
73356,GAYDAR – GDSR-004-2,https://xemtrai.top/gaydar-gdsr-004-2/,https://upload.xemtrai.top/2025/07/GtsplNiaQAACORNaaa-720x380.jpg,Asia video; Gay video,https://drive.google.com/file/d/1zcBSH_DQ2qhG1_2ruyN5JDDS0zBOeFA5/view?usp=sharing,1,33,FALSE,
73355,GAYDAR – GDSR-004-1,https://xemtrai.top/gaydar-gdsr-004-1/,https://upload.xemtrai.top/2025/07/photo_2025-06-16_22-25-35-720x380.jpg,Asia video; Gay video,https://drive.google.com/file/d/1OEOu5y_Lk2ppKJkL2wfG0StZsT9t2egQ/view?usp=sharing,1,33,FALSE,
73337,Louis x Swang,https://xemtrai.top/louis-x-swang/,https://upload.xemtrai.top/2025/07/louis-720x380.jpg,Asia video; Gay video,https://drive.google.com/file/d/1xr2LeM7M4lICbTbrJGu1lV0xUb29Yeul/view?usp=sharing,1,33,FALSE,
73319,Binkycum Trai gym 2k3 Q9 – P1,https://xemtrai.top/binkycum-trai-gym-2k3-q9-p1/,https://upload.xemtrai.top/2025/07/BInky-720x380.jpg,Gay video; Vietnam video,https://drive.google.com/file/d/1KmtVef8YC8bOnYzxBm1B2Bn2RhPHyvW8/view?usp=sharing,1,33,FALSE,
73318,Seachan x Straight boy HN04-EP1 VIP,https://xemtrai.top/seachan-x-straight-boy-hn04-vip/,https://upload.xemtrai.top/2025/07/StrsiHN04-720x380.jpg,Gay video; Straight guys; Vietnam video,https://drive.google.com/file/d/1bivrzfoLMOJfbbCz2aZ3SVey_JBhDWn1/view?usp=sharing,1,33,FALSE,
73279,Seachan x Straight boy VIP 21,https://xemtrai.top/seachan-x-straight-boy-vip-21/,https://upload.xemtrai.top/2025/07/Strai-21-720x380.jpg,Gay video; Straight guys; Vietnam video,https://drive.google.com/file/d/1pRtm3WAj40k0N3lv1YzY_D0i8OwDl1A_/view?usp=sharing,1,33,FALSE,
73275,GAYDAR – GDSR-003-2,https://xemtrai.top/gaydar-gdsr-003-2/,https://upload.xemtrai.top/2025/07/photo_2025-02-11_13-27-49-720x380.jpg,Asia video; Gay video,https://drive.google.com/file/d/1Oyh6Zdd3-NyOkd3TlEGh_H4QAOE1C7io/view?usp=sharing,1,33,FALSE,
73276,GAYDAR – GDSR-003-1,https://xemtrai.top/gaydar-gdsr-003-1/,https://upload.xemtrai.top/2025/07/photo_2025-01-28_15-27-06-720x380.jpg,Asia video; Gay video,https://drive.google.com/file/d/1qmGiNUXYWhlWfFuP_wu495kdktuEmRBE/view?usp=sharing,1,33,FALSE,
73236,Seachan with fan boy,https://xemtrai.top/seachan-with-fan-boy/,https://upload.xemtrai.top/2025/07/XkPjUoZl-Seachan-720x380.jpg,Gay video; Vietnam video,https://drive.google.com/file/d/1XUf_7IZ49QZdKuF6OO6r3j1Y6n7dvrO8/view?usp=sharing,1,33,FALSE,
73237,Binkycum – Trai gym fuck sinh viên P3,https://xemtrai.top/binky-cum-trai-gym-fuck-sinh-vien-p3/,https://upload.xemtrai.top/2025/07/TKZWJW9Z-binky-720x380.jpg,Gay video; Vietnam video,https://drive.google.com/file/d/1DKAFUm8syO57ybd-LsmejUYmpD3QE43N/view?usp=sharing,1,33,FALSE,
73213,Binkycum – Trai gym fuck sinh viên P2,https://xemtrai.top/binky-cum-trai-gym-fuck-sinh-vien-p2/,https://upload.xemtrai.top/2025/07/7zMRlGgI-binky-720x380.jpg,Gay video; Vietnam video,https://drive.google.com/file/d/1lnMgD319VFXorzFo7wR0Ff94RNkoFpDx/view?usp=sharing,1,33,FALSE,
73197,Seachan x Straight boy HN1134,https://xemtrai.top/seachan-x-straight-boy-hn1134/,https://upload.xemtrai.top/2025/07/fMkIpzT8-Seachan-720x380.jpg,Gay video; Vietnam video,https://drive.google.com/file/d/1-cMTDa66zhfr0egq3cD92h_XEPNk6K-Q/view?usp=sharing,1,33,FALSE,
73198,Binkycum – Trai gym fuck sinh viên P1,https://xemtrai.top/binky-cum-trai-gym-fuck-sinh-vien-p1/,https://upload.xemtrai.top/2025/07/binky-720x380.jpg,Gay video; Vietnam video,https://drive.google.com/file/d/1THuue4KVngaLACNCMKwAgs32KPLJ1jBE/view?usp=sharing,1,33,FALSE,
73146,Swang x Enzo,https://xemtrai.top/swang-x-enzo/,https://upload.xemtrai.top/2025/07/photo_2025-05-14_09-53-23-720x380.jpg,Asia video; Gay video,https://drive.google.com/file/d/1QF_w5S_VxyWzAtb9eOCx2zRZgTdH8fss/view?usp=sharing,1,34,FALSE,
73147,Body Builder Fucked Docter – Pinky Nguyen x Play,https://xemtrai.top/body-builder-fucked-docter-pinky-nguyen-x-play/,https://upload.xemtrai.top/2025/07/Pinky-x-Play.mp4_20250701_212907.627-720x380.jpg,Gay video; Vietnam video,https://drive.google.com/file/d/10NyIycJPZcwaBik-q3RLiDqv8d1neK4L/view?usp=sharing,1,34,FALSE,
73148,Seachan x bigcock boy,https://xemtrai.top/seachan-x-bigcock-boy-4/,https://upload.xemtrai.top/2025/07/Seachan-BIGCOCK-720x380.jpg,Gay video; Vietnam video,https://drive.google.com/file/d/1hQR-_oMmk9CWaMFIHEFSSdwogaNo9y2K/view?usp=sharing,1,34,FALSE,
73100,Baronvn95 x Playwiththeboy,https://xemtrai.top/baronvn95-x-playwiththeboy/,https://upload.xemtrai.top/2025/06/baron-720x380.jpg,Gay video; Vietnam video,https://drive.google.com/file/d/1SmxcKPFw8PlaVod04UjAcyZhA717WGYJ/view?usp=sharing,1,34,FALSE,
73102,Seachan x Straight boy 05,https://xemtrai.top/seachan-x-straight-boy-05/,https://upload.xemtrai.top/2025/06/seachan-str5-720x380.jpg,Gay video; Vietnam video,https://drive.google.com/file/d/1sjEAo3JgZo_TVY2nNTleOMw7vFAXD3AD/view?usp=sharing,1,34,FALSE,
73080,Triet_rex chơi threesome,https://xemtrai.top/triet_rex-choi-threesome/,https://upload.xemtrai.top/2025/06/Triet-720x380.jpg,Gay video; Vietnam video,https://drive.google.com/file/d/1mn6nzSncb2NULVGdSVBOWljIb8mfYQz1/view?usp=sharing,1,34,FALSE,
73045,Pec_pal48,https://xemtrai.top/pec_pal48/,https://upload.xemtrai.top/2025/06/pec_pal48-720x380.jpg,Asia video; Gay video,https://drive.google.com/file/d/1u-fCdYZi3t81Coj2zOi2nrNTRgcemPaf/view?usp=sharing,1,34,FALSE,
73044,Seachan x Payu_1998,https://xemtrai.top/seachan-x-payu_1998/,https://upload.xemtrai.top/2025/06/pec-720x380.jpg,Gay video; Vietnam video,https://drive.google.com/file/d/15fY12azNi2u2qbnLU1c9Vpgxdzpfi9Co/view?usp=sharing,1,34,FALSE,
73043,Binkycum x boy slim áo trắng cặc to,https://xemtrai.top/binky-cum-x-boy-slim-ao-trang-cac-to/,https://upload.xemtrai.top/2025/06/Binky-cum-720x380.jpg,Gay video; Vietnam video,https://drive.google.com/file/d/13oNqr4LJM3Vxyy7nocFgVHzhZx_P5x7T/view?usp=sharing,1,34,FALSE,
73013,Binkycum x boy slim cặc to,https://xemtrai.top/binky-cum-x-boy-slim-cac-to/,https://upload.xemtrai.top/2025/06/yduYrHNO-binky-720x380.jpg,Gay video; Vietnam video,https://drive.google.com/file/d/1qdTYBFf3oMIv2VE7DYP7mDcMoO8ZJia3/view?usp=sharing,1,34,FALSE,
73012,Seachan x chiafu,https://xemtrai.top/seachan-x-chiafu/,https://upload.xemtrai.top/2025/06/0CMQqkJn-Seachan-720x380.jpg,Gay video; Vietnam video,https://drive.google.com/file/d/15QGxcpODFML0OeWfhWTT5tDV0aiuOv6Z/view?usp=sharing,1,34,FALSE,
72982,XIngfufu – Love Triangle – Bevis x Lady boy,https://xemtrai.top/xingfufu-love-triangle-bevis-x-lady-boy/,https://upload.xemtrai.top/2025/06/XIngfufu-Love-Triangle.mp4_20250617_211236.928-720x380.jpg,Transgender; Vietnam video,https://drive.google.com/file/d/1KfdB25GzvJzpHp8DSlrbVYFDxy_hAqdC/view?usp=sharing,1,34,FALSE,
72983,Seachan x memyself_studio,https://xemtrai.top/seachan-x-memyself_studio-2/,https://upload.xemtrai.top/2025/06/seachan-720x380.jpg,Gay video; Vietnam video,https://drive.google.com/file/d/1e3kLpPdXlg3-669Gpl0H6r3VY7lYiKj1/view?usp=sharing,1,34,FALSE,
72910,Binkycum – Em trai 2k4 x boy đá banh,https://xemtrai.top/binky-cum-em-trai-2k4-x-boy-da-banh/,https://upload.xemtrai.top/2025/06/binky-720x380.jpg,Gay video; Vietnam video,https://drive.google.com/file/d/1F-491j5KRBHJhcOn0BIg0Qodu5LxJKd1/view?usp=sharing,1,34,FALSE,
72912,LockedHunk P2,https://xemtrai.top/lockedhunk-p2/,https://upload.xemtrai.top/2025/06/LockedHUnk-P2.mp4_20250614_210149.267-720x380.jpg,Asia video; Gay video,https://drive.google.com/file/d/1Sw837EeG7SaIT-22VaiMM1vTArOhV_WJ/view?usp=sharing,1,34,FALSE,
72911,LockedHunk P1,https://xemtrai.top/lockedhunk-p1/,https://upload.xemtrai.top/2025/06/LockedHUnk-P1.mp4_20250614_210137.974-720x380.jpg,Asia video; Gay video,https://drive.google.com/file/d/1Q0KEQPYB3jOm26yV3ubcXOCp_PFOlosQ/view?usp=sharing,1,34,FALSE,
72883,Araw – Twink’s hardcore fuck,https://xemtrai.top/araw-twinks-hardcore-fuck/,https://upload.xemtrai.top/2025/06/Araw.mp4_20250612_215824.368-720x380.jpg,Asia video; Gay video,https://drive.google.com/file/d/1yb6HsrozPPxse_86Al-L8x73dbKKlGLM/view?usp=sharing,1,34,FALSE,
72885,Xingfufu –  Father In Law P2 – Sky x Anh cá chép,https://xemtrai.top/xingfufu-father-in-law-p2-sky-x-anh-ca-chep/,https://upload.xemtrai.top/2025/06/Father-IN-Law-2-720x380.jpg,Gay video; Vietnam video,https://drive.google.com/file/d/19QWnTIVhFDWC8T-9c64w1Jh8UfneWQXG/view?usp=sharing,1,34,FALSE,
72884,Seachan fuck straight boy 07,https://xemtrai.top/seachan-fuck-straight-boy-07/,https://upload.xemtrai.top/2025/06/Seachan07-720x380.jpg,Gay video; Vietnam video,https://drive.google.com/file/d/1EY6yA2zw3vKkr5W3EaNjYANmQVG1n9oJ/view?usp=sharing,1,35,FALSE,
72841,Chiluo x Shay P2,https://xemtrai.top/chiluo-x-shay-p2/,https://upload.xemtrai.top/2025/06/ChiluoShay-2.mp4_20250609_220228.481-720x380.jpg,Asia video; Gay video,https://drive.google.com/file/d/1rKnG6SZPoeOZAefWwRGxxSbtvmNQ-gun/view?usp=sharing,1,35,FALSE,
72840,Chiluo x Shay P1,https://xemtrai.top/chiluo-x-shay-p1/,https://upload.xemtrai.top/2025/06/ChiluoShay-1.mp4_20250609_220200.650-720x380.jpg,Asia video; Gay video,https://drive.google.com/file/d/1i8u4is3V2hyO0FqWpk5BlWZ2CsMA-byx/view?usp=sharing,1,35,FALSE,
72842,Seachan x big cock boy,https://xemtrai.top/seachan-x-big-cock-boy-2/,https://upload.xemtrai.top/2025/06/Seachan-720x380.jpg,Gay video; Vietnam video,https://drive.google.com/file/d/1_TfJ_UbLR5AmADLsX6S1SahOt7W5pzzA/view?usp=sharing,1,35,FALSE,
72779,Myedging,https://xemtrai.top/myedging/,https://upload.xemtrai.top/2025/06/Myedging-720x380.jpg,Asia video; Gay video,https://drive.google.com/file/d/1A-Jp2P-LpbBHwu0kRdmL70ZHdz79D6Yg/view?usp=sharing,1,35,FALSE,
72782,Ducal – imyour_seven x Winson95,https://xemtrai.top/ducal-imyour_seven-x-winson95/,https://upload.xemtrai.top/2025/06/Ducal-720x380.jpg,Gay video; Vietnam video,https://drive.google.com/file/d/1XzDwAIReoJPqHRSm39QljavHSVTAInq4/view?usp=sharing,1,35,FALSE,
72781,Vegan-Twinks,https://xemtrai.top/vegan-twinks/,https://upload.xemtrai.top/2025/06/photo_2024-12-06_00-25-46-720x380.jpg,Asia video; Gay video,https://drive.google.com/file/d/1W3p8IR3xR2HVj0FsBVgDfbn4H-7nsJA2/view?usp=sharing,1,35,FALSE,
72780,Binkycum x boy thể thao cặc bự,https://xemtrai.top/binky-cum-x-boy-the-thao-cac-bu/,https://upload.xemtrai.top/2025/06/BInkycum-720x380.jpg,Gay video; Vietnam video,https://drive.google.com/file/d/14Lof892keTyORn4kBrd8SO8dI4cDwfX1/view?usp=sharing,1,35,FALSE,
72745,Xingfufu – Soccer Player – Bevis x Triet_rex,https://xemtrai.top/xingfufu-soccer-player-bevis-x-triet_rex/,https://upload.xemtrai.top/2025/06/Xingfufu-Soccer-Player-Bevis-x-Triet_rex-.mp4_20250602_204315.743-720x380.jpg,Gay video; Vietnam video,https://drive.google.com/file/d/10Cr-UaHz0uarkET9jqld31rQjN2szkfY/view?usp=sharing,1,35,FALSE,
72744,Seachan x Logan Nguyen,https://xemtrai.top/seachan-x-logan-nguyen/,https://upload.xemtrai.top/2025/06/Seachan-x-Logan-720x380.jpg,Gay video; Vietnam video,https://drive.google.com/file/d/16Pj9-EfkurnYiIMd-TdWqljG1GsdmJwC/view?usp=sharing,1,35,FALSE,
72743,Seachan x Danny big cock,https://xemtrai.top/seachan-x-danny-big-cock/,https://upload.xemtrai.top/2025/06/Seachan-x-Danny-720x380.jpg,Gay video; Vietnam video,https://drive.google.com/file/d/1Ro12qex8Rt_HVT4flTFq2xSW21UMANvA/view?usp=sharing,1,35,FALSE,
72695,Xingfufu – Daddy In Law – Sky x Anh cá chép,https://xemtrai.top/xingfufu-daddy-in-law-sky-x-anh-ca-chep/,https://upload.xemtrai.top/2025/05/Xingfufu-720x380.jpg,Gay video; Vietnam video,https://drive.google.com/file/d/1mkKuDpra2jqCHUMTJYlX3iUXrXDQdvFx/view?usp=sharing,1,35,FALSE,
72697,Seachan x big cock yuki_henmi,https://xemtrai.top/seachan-x-big-cock-yuki_henmi/,https://upload.xemtrai.top/2025/05/Seachan-yuki-720x380.jpg,Gay video; Vietnam video,https://drive.google.com/file/d/1UA0lB5SYotPxbrIqPJg_AT916kqrDadI/view?usp=sharing,1,35,FALSE,
72696,The boy love by Seachan,https://xemtrai.top/the-boy-love-by-seachan/,https://upload.xemtrai.top/2025/05/boy-love-720x380.jpg,Gay video; Vietnam video,https://drive.google.com/file/d/1E079NkimRLqkfC7Vd3-FJDQ908E4ZOKO/view?usp=sharing,1,35,FALSE,
72667,Kenvin Tiến Quân x Morgen,https://xemtrai.top/kenvin-tien-quan-x-morgen/,https://upload.xemtrai.top/2025/05/TienQuanxMorgen.mp4_20250529_213339.829-720x380.jpg,Gay video; Vietnam video,https://drive.google.com/file/d/1FjAB6fFEATWNhOl021TlXxvEJhnYmQoK/view?usp=sharing,1,35,FALSE,
72664,Josephmrkao,https://xemtrai.top/josephmrkao/,https://upload.xemtrai.top/2025/05/jose-720x380.jpg,Asia video; Gay video,https://drive.google.com/file/d/1KADmlTiEuKJC38FoX0U2-K-K5-3tC0A9/view?usp=sharing,1,35,FALSE,
72665,Ladyboy 3some,https://xemtrai.top/ladyboy-3some/,https://upload.xemtrai.top/2025/05/photo_2025-05-21_14-00-43-720x380.jpg,Asia video; Transgender,https://drive.google.com/file/d/1lvtuwp-zN8I7-AouKNacUxgmLVjRugc2/view?usp=sharing,1,35,FALSE,
72666,Seachan x Straight guy big cock tattoo TT78,https://xemtrai.top/seachan-x-straight-guy-big-cock-tattoo-tt78/,https://upload.xemtrai.top/2025/05/LJfRrNqH-Seachan-720x380.jpg,Gay video; Vietnam video,https://drive.google.com/file/d/1Hm3kCtcW1sKqYNpet_D7QMhOA_OHdOfM/view?usp=sharing,1,35,FALSE,
72620,Gaydar-GD-014,https://xemtrai.top/gaydar-gd-014/,https://upload.xemtrai.top/2025/05/photo_2025-05-05_01-57-33-720x380.jpg,Asia video; Gay video,https://drive.google.com/file/d/1KQx5cdsOB21Zp7AwovR0UgiP79QNYQ_g/view?usp=sharing,1,36,FALSE,
72621,Diandi1069,https://xemtrai.top/diandi1069/,https://upload.xemtrai.top/2025/05/di-720x380.jpg,Asia video; Gay video,https://drive.google.com/file/d/1OyCEYmgLOjRPPNdc5Bqlk2fFsIawkkWz/view?usp=sharing,1,36,FALSE,
72623,Xingfufu – The Plumber Mr Fix – Sky,https://xemtrai.top/xingfufu-the-plumber-mr-fix-sky/,https://upload.xemtrai.top/2025/05/Xingfufu-The-Plumber-Mr-Fix.mp4_20250527_210452.370-720x380.jpg,Gay video; Vietnam video,https://drive.google.com/file/d/1inqC2Aryyb8PNchtbLbKYHH5lnqf4z5x/view?usp=sharing,1,36,FALSE,
72622,Seachan x Straight guys ejaculating 4 times in one cumcontrol session,https://xemtrai.top/seachan-x-straight-guys-ejaculating-4-times-in-one-cumcontrol-session/,https://upload.xemtrai.top/2025/05/nefZPK4K-Seachan-720x380.jpg,Gay video; Vietnam video,https://drive.google.com/file/d/1L3D8cJgiHv4Judfh8ajbcN83bzPzdjOq/view?usp=sharing,1,36,FALSE,
72578,Seahan x slim boy bigcock with tatto,https://xemtrai.top/seahan-x-slim-boy-bigcock-with-tatto/,https://upload.xemtrai.top/2025/05/LvpvKh8r-seachan-720x380.jpg,Gay video; Vietnam video,https://drive.google.com/file/d/1IL6mCxbJXGubVN1ZldrHP2hmdxZlAH7S/view?usp=sharing,1,36,FALSE,
72577,Binkycum x 2 boy slim P2,https://xemtrai.top/binky-cum-x-2-boy-slim-p2/,https://upload.xemtrai.top/2025/05/Binky-cum-720x380.jpg,Gay video; Vietnam video,https://drive.google.com/file/d/1a0wiL-nR9QR4LRbS-2PxU_GRFnE8g22E/view?usp=sharing,1,36,FALSE,
72570,Seachan x Straight boy hot movie,https://xemtrai.top/seachan-x-straight-boy-hot-movie/,https://upload.xemtrai.top/2025/05/aZxRFsAe-seachan-720x380.jpg,Gay video; Vietnam video,https://drive.google.com/file/d/1lxCftY_NxKKdR6uYev3nWOh6JzFQgqOO/view?usp=sharing,1,36,FALSE,
72519,Baronvn95 x Leevn x Bernardwangg,https://xemtrai.top/baronvn95-x-leevn-x-bernardwangg/,https://upload.xemtrai.top/2025/05/baron-720x380.jpg,Gay video; Vietnam video,https://drive.google.com/file/d/1GAvPJ-1Xc18gmGr_86gL2BCsu5VmHf3-/view?usp=sharing,1,36,FALSE,
72518,Binkycum x 2 boy slim P1,https://xemtrai.top/binky-cum-x-2-boy-slim-p1/,https://upload.xemtrai.top/2025/05/0yo9aT1N-binky-720x380.jpg,Gay video; Vietnam video,https://drive.google.com/file/d/14DCXqti2EcGffFz9_b5bDGvjGxLJpVR6/view?usp=sharing,1,36,FALSE,
72517,Xingfufu – Sex course P2 – Bevis x Sky,https://xemtrai.top/xingfufu-sex-course-p2-bevis-x-sky/,https://upload.xemtrai.top/2025/05/0av1TtCi-xingfufu-720x380.jpg,Gay video; Vietnam video,https://drive.google.com/file/d/17UlVvaZrYVR1s3DsCuUW6dcKGxKzjxFW/view?usp=sharing,1,36,FALSE,
72477,Binkycum x Santa cơ bắp cặc bự,https://xemtrai.top/binky-cum-x-santa-co-bap-cac-bu/,https://upload.xemtrai.top/2025/05/Binky-santa-720x380.jpg,Gay video; Vietnam video,https://drive.google.com/file/d/1WOMzKp51SCyGyrUvlsBd1OhY5nWvQsiJ/view?usp=sharing,1,36,FALSE,
72479,Xingfufu – Sex course P1 – Bevis x Sky,https://xemtrai.top/xingfufu-sex-course-p1-bevis-x-sky/,https://upload.xemtrai.top/2025/05/xingfufu-720x380.jpg,Gay video; Vietnam video,https://drive.google.com/file/d/1KjRMy7Gue7Qn-jrqOWCG1q1_ZZpsbP8k/view?usp=sharing,1,36,FALSE,
72478,Seachan x Straight guys cry the first time they get fucked,https://xemtrai.top/seachan-x-straight-guys-cry-the-first-time-they-get-fucked/,https://upload.xemtrai.top/2025/05/Seachan-720x380.jpg,Gay video; Vietnam video,https://drive.google.com/file/d/1l7IOu7AtBBFCFx_RQkXCCesIMPBuVkn5/view?usp=sharing,1,36,FALSE,
72437,Triet_rex x Trai body slim,https://xemtrai.top/triet_rex-x-trai-body-slim/,https://upload.xemtrai.top/2025/05/Triet-720x380.jpg,Gay video; Vietnam video,https://drive.google.com/file/d/1E1QwPGOFNaxGtNoBsggFayiQFLCnqvUt/view?usp=sharing,1,36,FALSE,
72436,Binkycum x boy đá banh cặc bự,https://xemtrai.top/binky-cum-x-boy-da-banh-cac-bu/,https://upload.xemtrai.top/2025/05/IMPLbLae-binky-720x380.jpg,Gay video; Vietnam video,https://drive.google.com/file/d/14hSzDtg1-8cIc_MxHgl8M6N393G76bH5/view?usp=sharing,1,36,FALSE,
72438,Xingfufu – Wildride – Bevis x Bobby,https://xemtrai.top/xingfufu-wildride-bevis-x-bobby/,https://upload.xemtrai.top/2025/05/Xingfufu-Wild_ride.mp4_20250515_200615.490-720x380.jpg,Gay video; Vietnam video,https://drive.google.com/file/d/1KLko94o-jmagvcATiFfTrILuqPu1IvZ-/view?usp=sharing,1,36,FALSE,
72392,Binkycum – Datkin_05 x em trai 2k4,https://xemtrai.top/binky-cum-datkin_05-x-em-trai-2k4/,https://upload.xemtrai.top/2025/05/Binky-720x380.jpg,Gay video; Vietnam video,https://drive.google.com/file/d/1TJYtQKW9qPXZxlRWqcBaNMnli1LQSGna/view?usp=sharing,1,36,FALSE,
72391,Hunk Channel – OND25003 – Hiroomi 大臣,https://xemtrai.top/hunk-channel-ond25003-hiroomi-%e5%a4%a7%e8%87%a3/,https://upload.xemtrai.top/2025/05/2-720x380.jpg,Asia video; Gay video,https://drive.google.com/file/d/1EKTO1EKJLGaKfmQLe69xNJmwRbBLyvhY/view?usp=sharing,1,36,FALSE,
72390,Hunk Channel – OAV1191 – Hiroomi 大臣,https://xemtrai.top/hunk-channel-oav1191-hiroomi-%e5%a4%a7%e8%87%a3/,https://upload.xemtrai.top/2025/05/1-720x380.jpg,Asia video; Gay video,https://drive.google.com/file/d/1TWkeXNbA_0d_v9d7wUis0t1uXIR__75A/view?usp=sharing,1,37,FALSE,
72371,Lê Ngọc Minh x Straight gymer,https://xemtrai.top/le-ngoc-minh-x-straight-gymer-2/,https://upload.xemtrai.top/2025/05/Le-Ngoc-Minh-720x380.jpg,Gay video; Vietnam video,https://drive.google.com/file/d/1sEEld9bo_Hs4rnwxDksUUF7aacVjvsJp/view?usp=sharing,1,37,FALSE,
72372,Xingfufu x Hot guy fuck – Bevis,https://xemtrai.top/xingfufu-x-hot-guy-fuck-bevis/,https://upload.xemtrai.top/2025/05/Xingfufu-Hot-guy-fuck.mp4_20250512_193136.964-720x380.jpg,Gay video; Vietnam video,https://drive.google.com/file/d/1WZDymTKEjBN5CEKrSiIhbXLiWhSza0vm/view?usp=sharing,1,37,FALSE,
72349,Seachan x Some fuck straight guy,https://xemtrai.top/seachan-x-some-fuck-straight-guy/,https://upload.xemtrai.top/2025/05/0tOQlxoq-seachan-720x380.jpg,Gay video; Vietnam video,https://drive.google.com/file/d/132mDtwJbZQYJ9Ojx5KzuhGihPQ_j_r3F/view?usp=sharing,1,37,FALSE,
72326,Binkycum – 2k3 x straight gym 2k1,https://xemtrai.top/binky-cum-x-2k3-choi-straight-gym-2k1/,https://upload.xemtrai.top/2025/05/binky-cum-720x380.jpg,Gay video; Vietnam video,https://drive.google.com/file/d/1Hk93SMjiG__l4nNjkKo5adhpsW2RUaBQ/view?usp=sharing,1,37,FALSE,
72259,Binkycum x Trai gym sịp trắng P3,https://xemtrai.top/binky-cum-x-trai-gym-sip-trang-p3/,https://upload.xemtrai.top/2025/05/binky-720x380.jpg,Gay video; Vietnam video,https://drive.google.com/file/d/1ersjbstxNlO11AywlxqtzFwIfnTcMy2m/view?usp=sharing,1,37,FALSE,
72260,Seachan x Dany fuck hot straight boy,https://xemtrai.top/seachan-x-dany-fuck-hot-straight-boy/,https://upload.xemtrai.top/2025/05/seachan-720x380.jpg,Gay video; Vietnam video,https://drive.google.com/file/d/1X30K22cO9bn84RrtDQzgghkVa5-6A6wD/view?usp=sharing,1,37,FALSE,
72261,Xingfufu x Straight to my bed – Sky,https://xemtrai.top/xingfufu-x-straight-to-my-bed-sky/,https://upload.xemtrai.top/2025/05/Xingfufu-x-Straight-to-my-bed.mp4_20250502_221048.832-720x380.jpg,Gay video; Vietnam video,https://drive.google.com/file/d/1FC0oUxFEkD0ZMMTNFLakZbk4wPUHn-On/view?usp=sharing,1,37,FALSE,
72227,Seachan x Triet_rex,https://xemtrai.top/seachan-x-triet_rex/,https://upload.xemtrai.top/2025/04/6yMXUGHi-Seachan-720x380.jpg,Gay video; Vietnam video,https://drive.google.com/file/d/1QMiAMdEIdDL_FpBUPXhnpVWaxdqtH-qO/view?usp=sharing,1,37,FALSE,
72226,JJRhyth,https://xemtrai.top/jjrhyth/,https://upload.xemtrai.top/2025/04/JJ-720x380.jpg,Asia video; Gay video,https://drive.google.com/file/d/1UlXfe0MSMrX0eyph8O_Bkn475Y0EXfc1/view?usp=sharing,1,37,FALSE,
72225,Evan Liu x Tysyifan88,https://xemtrai.top/evan-liu-x-tysyifan88/,https://upload.xemtrai.top/2025/04/page-720x380.jpg,Asia video; Gay video,https://drive.google.com/file/d/1Fatw36OuRAnifcJyAfB54FFBGNk1zl8b/view?usp=sharing,1,37,FALSE,
72218,Binkycum x Trai gym sịp trắng P2,https://xemtrai.top/binky-cum-x-trai-gym-sip-trang-p2/,https://upload.xemtrai.top/2025/04/YwDKsKW7-binky-720x380.jpg,Gay video; Vietnam video,https://drive.google.com/file/d/1RDbmvi3QVnrk-TOMsp3IWMH0mXDO7MQ9/view?usp=sharing,1,37,FALSE,
72185,Binkycum x Trai gym sịp trắng P1,https://xemtrai.top/binky-cum-x-trai-gym-sip-trang-p1/,https://upload.xemtrai.top/2025/04/HbnL6AEo-binky-cum-720x380.jpg,Gay video; Vietnam video,https://drive.google.com/file/d/16n7qprtBMujyWEfyN3ixynGqguUPCZo-/view?usp=sharing,1,37,FALSE,
72186,Seachan x Ahamove delivery man,https://xemtrai.top/seachan-x-ahamove-delivery-man/,https://upload.xemtrai.top/2025/04/seachanx-720x380.jpg,Gay video; Vietnam video,https://drive.google.com/file/d/1yK1MqsabNLPK8wFhZ-35G46nNnpbqyqq/view?usp=sharing,1,37,FALSE,
72187,Seachan x Straight guy,https://xemtrai.top/seachan-x-straight-guy-6/,https://upload.xemtrai.top/2025/04/seachan-x-str8-720x380.jpg,Gay video; Vietnam video,https://drive.google.com/file/d/1hXyXIsGonpjPF2fT6HhgQksNc9TU6Q1w/view?usp=sharing,1,37,FALSE,
72156,Binkycum x Trai gym P3,https://xemtrai.top/binky-cum-x-trai-gym-p3/,https://upload.xemtrai.top/2025/04/wCAKnjq9-binky-cum-720x380.jpg,Gay video; Vietnam video,https://drive.google.com/file/d/1FTvUGnFeIOzgsoh12SjJzZP-MGUfvTpQ/view?usp=sharing,1,37,FALSE,
72135,Binkycum x Trai gym P2,https://xemtrai.top/binky-cum-x-trai-gym-p2/,https://upload.xemtrai.top/2025/04/binky-cum-720x380.jpg,Gay video; Vietnam video,https://drive.google.com/file/d/18Degd4tI3uwk7bBj8ry5Tyy9nXw3QLH0/view?usp=sharing,1,37,FALSE,
72105,Baronvn95 x Bagelijun x Hiroshi_koh,https://xemtrai.top/baronvn95-x-bagelijun-x-hiroshi_koh/,https://upload.xemtrai.top/2025/04/baron-720x380.jpg,Gay video; Vietnam video,https://drive.google.com/file/d/1NSeYPProMEdnAyARYOWanMlv3NGfjxEv/view?usp=sharing,1,37,FALSE,
72104,Pinky Nguyen x Winson95,https://xemtrai.top/pinky-nguyen-x-winson95/,https://upload.xemtrai.top/2025/04/Pinky-x-Winson.mp4_20250423_210606.603-720x380.jpg,Gay video; Vietnam video,https://drive.google.com/file/d/1szEik5Vjvc3at0HrP2irVa5ORxyALwpa/view?usp=sharing,1,38,FALSE,
72106,Seachan x Tattoo boy so long big cock,https://xemtrai.top/seachan-x-tattoo-boy-so-long-big-cock/,https://upload.xemtrai.top/2025/04/S4SgLRk1-seachan-720x380.jpg,Gay video; Vietnam video,https://drive.google.com/file/d/1c1fl_s5jnkBUnQONpd0_riJ0hH8ErJ96/view?usp=sharing,1,38,FALSE,
72107,Seachan x Chian x Kem,https://xemtrai.top/seachan-x-chian-x-kem/,https://upload.xemtrai.top/2025/04/seachan-danny-kem-720x380.jpg,Gay video; Vietnam video,https://drive.google.com/file/d/1txSJGXFhngtvEZgRqCv73uCKZF_Dmcct/view?usp=sharing,1,38,FALSE,
72076,Binkycum x Trai gym P1,https://xemtrai.top/binky-cum-x-trai-gym-p1/,https://upload.xemtrai.top/2025/04/Ff2tRaYa-binky-720x380.jpg,Gay video; Vietnam video,https://drive.google.com/file/d/1ptimQfpuYtrQLaUiclGxm8FO2aG29hC1/view?usp=sharing,1,38,FALSE,
72075,Xingfufu – Fuck My Dildo – Bevis,https://xemtrai.top/xingfufu-fuck-my-dildo-bevis/,https://upload.xemtrai.top/2025/04/Xingfufu-Fuck-My-Dildo.mp4_20250421_210520.759-720x380.jpg,Gay video; Vietnam video,https://drive.google.com/file/d/1jsbXb6dCSqrdAhHec1ZXzXftRpW78lPL/view?usp=sharing,1,38,FALSE,
72050,Saeroi x Dowon,https://xemtrai.top/saeroi-x-dowon/,https://upload.xemtrai.top/2025/04/Saeroi-x-Dowon.mp4_20250420_182107.903-720x380.jpg,Asia video; Gay video,https://drive.google.com/file/d/1A-e1jkioigoX6adhLObgInjAYZdSeN_i/view?usp=sharing,1,38,FALSE,
72051,Seachan x Straight guys beautiful bodies,https://xemtrai.top/seachan-x-straight-guys-beautiful-bodies/,https://upload.xemtrai.top/2025/04/seachan-720x380.jpg,Gay video; Vietnam video,https://drive.google.com/file/d/1xKzeRRP4toz6OGRo8KDB8gFj1UhQQ2Ca/view?usp=sharing,1,38,FALSE,
72011,Swang x Chinkou,https://xemtrai.top/swang-x-chinkou/,https://upload.xemtrai.top/2025/04/photo_2025-04-11_20-53-30-4-720x380.jpg,Asia video; Gay video,https://drive.google.com/file/d/1C69upDdpjGUMgmJ4xePtzesVM_zyQZxU/view?usp=sharing,1,38,FALSE,
72008,Seachan x big boy slim,https://xemtrai.top/seachan-x-big-boy-slim-2/,https://upload.xemtrai.top/2025/04/8XHtadmL-Seachan-720x380.jpg,Gay video; Vietnam video,https://drive.google.com/file/d/17fw-6PKUXv7_EBQ6jZcPpyu7jxVEPGR-/view?usp=sharing,1,38,FALSE,
72006,Seachan x hot straight guy,https://xemtrai.top/seachan-x-hot-straight-guy/,https://upload.xemtrai.top/2025/04/seachan-str8-720x380.jpg,Gay video; Vietnam video,https://drive.google.com/file/d/1ddUl72I843bkDy23DefKcT6pMLlZVJEL/view?usp=sharing,1,38,FALSE,
71949,Lê Nam x Baron Anh Huy,https://xemtrai.top/le-nam-x-baron-anh-huy/,https://upload.xemtrai.top/2025/04/DTxIo3jK-Baron-720x380.jpg,Gay video; Vietnam video,https://drive.google.com/file/d/1g1f-osh1fP9ebuGKy8a1O5ZZZe2Zv7y2/view?usp=sharing,1,38,FALSE,
71950,Kong0sleep,https://xemtrai.top/kong0sleep/,https://upload.xemtrai.top/2025/04/Kong0Sleep-720x380.jpg,Gay video; Vietnam video,https://drive.google.com/file/d/1kYsB_PUdM9errlmlKztaZkD9uFaidlub/view?usp=sharing,1,38,FALSE,
71948,Seachan x Dany x Bum,https://xemtrai.top/seachan-x-dany-x-bum/,https://upload.xemtrai.top/2025/04/Dany-720x380.jpg,Gay video; Vietnam video,https://drive.google.com/file/d/17CaJJ06DV35Qkd8-cwkrJfoojy-giOAM/view?usp=sharing,1,38,FALSE,
71947,Seachan x Straight boy 02,https://xemtrai.top/seachan-x-straight-boy-02/,https://upload.xemtrai.top/2025/04/EHnfGWck-Seachan-720x380.jpg,Gay video; Vietnam video,https://drive.google.com/file/d/1myjNvQsblt4cSgzoQr-Z5tgAXAuGL2Ou/view?usp=sharing,1,38,FALSE,
71927,Binkycum x Sinh viên 2k4 – P2,https://xemtrai.top/binky-cum-x-sinh-vien-2k4-p2/,https://upload.xemtrai.top/2025/04/1tfEHCHb-binky-720x380.jpg,Gay video; Vietnam video,https://drive.google.com/file/d/1ZPAwX9WqqaQGjozImemHTJdb4m4W3AT4/view?usp=sharing; https://drive.google.com/file/d/16tlVnM0c_lY5gHRob1dznq86T-7HoCtH/view?usp=sharing,2,38,FALSE,
71877,Body to body – Ho Vinh Khoa x Rhonee x Throbstudios x Davidnixxx,https://xemtrai.top/body-to-body-ho-vinh-khoa-x-rhonee-x-throbstudios-x-davidnixxx/,https://upload.xemtrai.top/2025/04/HoVinhKhoa-720x380.png,Gay video; Vietnam video,https://drive.google.com/file/d/1kLhmORtrW1_z4NdhxxA-KwD5Z2-X4Eck/view?usp=sharing; https://drive.google.com/file/d/1QpmrYZWuwGh-sKtrcAay1QXe8Kav-IBY/view?usp=sharing,2,38,FALSE,
71880,Binkycum x Sinh viên 2k4,https://xemtrai.top/binky-cum-x-sinh-vien-2k4/,https://upload.xemtrai.top/2025/04/5DjQHUWi-binky-720x380.jpg,Gay video; Vietnam video,https://drive.google.com/file/d/1btRNLqY6C8A3JAVPnv-xZy2LM-twlg9D/view?usp=sharing; https://drive.google.com/file/d/12U5GMJi1g5KyQvbBBQADkgNJihIPTn4C/view?usp=sharing,2,38,FALSE,
71879,Seachan x Straight boy 03,https://xemtrai.top/seachan-x-straight-boy-03/,https://upload.xemtrai.top/2025/04/Seachan-720x380.jpg,Straight guys; Vietnam video,https://drive.google.com/file/d/1apeCdOFyGkFbDEoixmc13rTHT-J8SlFW/view?usp=sharing; https://drive.google.com/file/d/1Pr6JumGmWdtkX_r4jNDPOnOm_BFjiAHT/view?usp=sharing,2,38,FALSE,
71830,Gdude – After School – Akira and Morgen,https://xemtrai.top/gdude-after-school-akira-and-morgen/,https://upload.xemtrai.top/2025/04/photo_2025-04-10_19-46-29-720x380.jpg,Asia video; Gay video,https://drive.google.com/file/d/1lkG7Semds9ECverVjWJsVMpX-2OCsCyU/view?usp=sharing,1,39,FALSE,
71826,Seachan x bigcock boy,https://xemtrai.top/seachan-x-bigcock-boy-3/,https://upload.xemtrai.top/2025/04/Seachan-bidcock-720x380.jpg,Gay video; Vietnam video,https://drive.google.com/file/d/1XYeez7FDQfOo0LrCbHXs4mqaSXNLvtIf/view?usp=sharing,1,39,FALSE,
71827,Seachan x two bigcock boy,https://xemtrai.top/seachan-x-two-bigcock-boy/,https://upload.xemtrai.top/2025/04/Seachan-2-bigcockaa-720x380.jpg,Gay video; Vietnam video,https://drive.google.com/file/d/19i3f_Rh94Jv_HY4UNKcHhFgQehvNI4V0/view?usp=sharing,1,39,FALSE,
71779,Xingfufu – Ladyboy Series 1 THE LUCKY PLUMBER – Sky,https://xemtrai.top/xingfufu-ladyboy-series-1-the-lucky-plumber-sky/,https://upload.xemtrai.top/2025/04/Xingfufu-Ladyboy01.mp4_20250406_210026.243-720x380.jpg,Gay video; Vietnam video,https://drive.google.com/file/d/17TnDQYe3MGojORNobTumM58rVsobA_bG/view?usp=sharing,1,39,FALSE,
71778,Baronvn95 x Leevn95 x Araw1069,https://xemtrai.top/baronvn95-x-leevn95-x-araw1069/,https://upload.xemtrai.top/2025/04/baronvn95-x-lee-3some.mp4_20250406_210010.826-720x380.jpg,Gay video; Vietnam video,https://drive.google.com/file/d/1kdFxKhIN1w1yAEo18cy7BKVmQDIKuoTT/view?usp=sharing,1,39,FALSE,
71749,Baronvn95 x Leevn95 x Andrechou,https://xemtrai.top/baronvn95-x-leevn95-x-andrechou/,https://upload.xemtrai.top/2025/04/Baron-x-Lee-x-Andrechou.mp4_20250403_231907.092-720x380.jpg,Gay video; Vietnam video,https://drive.google.com/file/d/1GM1jAg4K6q9fejckIC78_NeY3w50d2TL/view?usp=sharing,1,39,FALSE,
71748,"Xingfufu – BL Series Love Loop – Chapter 05 Debt Loop – Sky, Bevis x Anh cá chép",https://xemtrai.top/xingfufu-bl-series-love-loop-chapter-05-debt-loop-sky-bevis-x-anh-ca-chep/,https://upload.xemtrai.top/2025/04/Xingfufu05.mp4_20250403_213754.895-720x380.jpg,Gay video; Vietnam video,https://drive.google.com/file/d/1o1tOnhRJ4iuBA8bhDQ9fd-FiwfqpXOWL/view?usp=sharing,1,39,FALSE,
71718,Lê Ngọc Minh x Hot boy gymer P2,https://xemtrai.top/le-ngoc-minh-x-hot-boy-gymer-p2/,https://upload.xemtrai.top/2025/04/5GCMdFzz-Le-Ngoc-Minh-720x380.jpg,Gay video; Vietnam video,https://drive.google.com/file/d/1vSXRzsoi79XD2ix02deu7pE7oZ4EwlGh/view?usp=sharing,1,39,FALSE,
71719,Binkycum x Trai gym Long Thành P2,https://xemtrai.top/binky-cum-x-trai-gym-long-thanh-p2/,https://upload.xemtrai.top/2025/04/binky-720x380.jpg,Gay video; Vietnam video,https://drive.google.com/file/d/1_8wUhIGPGD48c3Y05jLtbpKeY3oVS8NL/view?usp=sharing,1,39,FALSE,
71686,Lê Ngọc Minh x Hot boy gymer P1,https://xemtrai.top/le-ngoc-minh-x-hot-boy-gymer-p1/,https://upload.xemtrai.top/2025/04/LeNgocMinh-720x380.jpg,Gay video; Vietnam video,https://drive.google.com/file/d/1TE0db9u8HI5cQVKjFyzJxkafwmHVMLAU/view?usp=sharing,1,39,FALSE,
71685,Baronvn95 Anh Huy x Jallgone,https://xemtrai.top/baronvn95-anh-huy-x-jallgone/,https://upload.xemtrai.top/2025/04/Baronvn-720x380.jpg,Gay video; Vietnam video,https://drive.google.com/file/d/1LBm0oXz--rCe9JDj0V4UOty1hzjfH32w/view?usp=sharing,1,39,FALSE,
71687,Binkycum x Trai gym Long Thành P1,https://xemtrai.top/binky-cum-x-trai-gym-long-thanh-p1/,https://upload.xemtrai.top/2025/04/binky-cuim-720x380.jpg,Gay video; Vietnam video,https://drive.google.com/file/d/1iqvQlo4YeJ6Kss9tymRBav2gqLgoRvfm/view?usp=sharing,1,39,FALSE,
71684,Xingfufu – Drill My Hard 3 some,https://xemtrai.top/xingfufu-drill-my-hard-3-some/,https://upload.xemtrai.top/2025/04/Xingfufu-Drill-My-Hard-3-some.mp4_20250401_211410.371-720x380.jpg,Gay video; Vietnam video,https://drive.google.com/file/d/1AeBVOulJpAhuRyrTKUkOcUbAOlafNN8N/view?usp=sharing,1,39,FALSE,
71625,Xingfufu – BL Series Love Loop – Chapter 04 Gratitude – Bevis x Anh cá chép,https://xemtrai.top/xingfufu-bl-series-love-loop-chapter-04-gratitude-bevis-x-anh-ca-chep/,https://upload.xemtrai.top/2025/03/Xingfufu04.mp4_20250330_205307.310-720x380.jpg,Gay video; Vietnam video,https://drive.google.com/file/d/1WBvnQK-Pd_tVMVKsAjd-K9njmL-mj32N/view?usp=sharing,1,39,FALSE,
71626,Seachan x Straight boy 01,https://xemtrai.top/seachan-x-straight-boy-01/,https://upload.xemtrai.top/2025/03/Stra01-720x380.jpg,Straight guys; Vietnam video,https://drive.google.com/file/d/1nFzGq-KrFrqeae1MJIJMiBBlZtTVq0Lo/view?usp=sharing,1,39,FALSE,
71623,Seachan x Hot bottom straight guy,https://xemtrai.top/seachan-x-hot-bottom-straight-guy/,https://upload.xemtrai.top/2025/03/Seachan8-720x380.jpg,Gay video; Vietnam video,https://drive.google.com/file/d/1kxVIFtdp9HumUsiYRleC8LLVf60sAtCS/view?usp=sharing,1,39,FALSE,
71624,Leebaron x Baronvn95 x Fayvideorifai,https://xemtrai.top/leebaron-x-baronvn95-x-fayvideorifai/,https://upload.xemtrai.top/2025/03/leebaron-x-baronvn95-x-fayvideorifai.mp4_20250330_205242.200-720x380.jpg,Gay video; Vietnam video,https://drive.google.com/file/d/1hD97DMhKjH1lDb9UokZUxPj2bBB71-Xf/view?usp=sharing,1,39,FALSE,
71617,"Thetsgboy – Tôi bị kẹt ở đây, giúp tôi với",https://xemtrai.top/thetsgboy-toi-bi-ket-o-day-giup-toi-voi/,https://upload.xemtrai.top/2025/03/thetsg-720x380.jpg,Gay video; Vietnam video,https://drive.google.com/file/d/1YbU3HTgOSOIDAbKVVTQYK8PNrStPmZdc/view?usp=sharing,1,39,FALSE,
71584,Xingfufu – BL Series Love Loop – Chapter 03 OutLaws of Love – Bevis x Sky,https://xemtrai.top/xingfufu-bl-series-love-loop-chapter-02-outlaws-of-love-bevis-x-sky/,https://upload.xemtrai.top/2025/03/Xingfufu-BL-03.mp4_20250327_221451.226-720x380.jpg,Gay video; Vietnam video,https://drive.google.com/file/d/1sBLNcl4ai_KuCMsCAdSeW71Fv3Q-_dJn/view?usp=sharing,1,40,FALSE,
71586,Kenvin – Nguyễn Tiến Quân x Chiluo888,https://xemtrai.top/kenvin-nguyen-tien-quan-x-chiluo888/,https://upload.xemtrai.top/2025/03/TienQuan-x-Chiluo888.mp4_20250327_221146.293-720x380.jpg,Gay video; Vietnam video,https://drive.google.com/file/d/1a9lEaqCLlLTDQQdc3yANBpLalbyP86II/view?usp=sharing,1,40,FALSE,
71585,Seachan fucks straight boy,https://xemtrai.top/seachan-fucks-straight-boy-2/,https://upload.xemtrai.top/2025/03/seachan-720x380.jpg,Gay video; Vietnam video,https://drive.google.com/file/d/1EL18SQSEyWGySTxmSWqmGZv4pqfa4Eif/view?usp=sharing,1,40,FALSE,
71511,Baronvn95 Anh Huy x Scorpioatplay,https://xemtrai.top/baronvn95-anh-huy-x-scorpioatplay/,https://upload.xemtrai.top/2025/03/baronvn95-x-scorpioatplay.mp4_20250323_210954.868-720x380.jpg,Gay video; Vietnam video,https://drive.google.com/file/d/1ir6QFiUAb-u9B-TZSOu9a3Tu4d8J_DWu/view?usp=sharing,1,40,FALSE,
71510,Pinky Quoc Nguyen x Cosplay Game,https://xemtrai.top/pinky-quoc-nguyen-x-cosplay-game/,https://upload.xemtrai.top/2025/03/Pinky-x-Cosplay-Game-.mp4_20250323_211033.416-720x380.jpg,Gay video; Vietnam video,https://drive.google.com/file/d/1XHeKmtwB_g9iJzuz_FZ-MBBHbFf2jPe9/view?usp=sharing,1,40,FALSE,
71509,Seachan x Taiwan hot boy,https://xemtrai.top/seachan-x-taiwan-hot-boy/,https://upload.xemtrai.top/2025/03/Seachan-1-720x380.jpg,Gay video; Vietnam video,https://drive.google.com/file/d/1Dhp0iwUUREz8u-1w6rsoz-VaOjL88XuP/view?usp=sharing,1,40,FALSE,
71508,Seachan x Cum with straight guy after shotting,https://xemtrai.top/seachan-x-cum-with-straight-guy-after-shotting/,https://upload.xemtrai.top/2025/03/Seachan-x-cum-720x380.jpg,Gay video; Straight guys; Vietnam video,https://drive.google.com/file/d/1iCt5EpyU0EXLUQq-03zURTnRk5zXwSLh/view?usp=sharing,1,40,FALSE,
71507,Seachan fifm by SC,https://xemtrai.top/seachan-fifm-by-sc/,https://upload.xemtrai.top/2025/03/Seachan-fifm-by-SC-720x380.jpg,Gay video; Vietnam video,https://drive.google.com/file/d/11wNcomb0kIgK0LFnhiNvDawwU7Oa0YDk/view?usp=sharing,1,40,FALSE,
71467,OF Nguyễn Duy Hải (video),https://xemtrai.top/of-nguyen-duy-hai-video/,https://upload.xemtrai.top/2025/03/hai-720x380.jpg,Solo; Vietnam video,https://drive.google.com/file/d/1VQ9V3BsDv0VhELiG8C-PWAC_dywm5xDK/view?usp=sharing,1,40,FALSE,
71468,Chiang gogo x Steve,https://xemtrai.top/chiang-gogo-x-steve/,https://upload.xemtrai.top/2025/03/Chiang_gogo-x-Steve.mp4_20250321_194948.350-720x380.jpg,Asia video; Gay video,https://drive.google.com/file/d/1W1DfCNaSLMtM1F88Wt0DqmgajpQK1LBQ/view?usp=sharing,1,40,FALSE,
71439,Xingfufu – BL Series Love Loop – Chapter 02 Full House – Bevis x Sky,https://xemtrai.top/xingfufu-bl-series-love-loop-chapter-02-full-house-bevis-x-sky/,https://upload.xemtrai.top/2025/03/Xingfufu-02-Fullhouse.mp4_20250319_201604.543-1-720x380.jpg,Gay video; Vietnam video,https://drive.google.com/file/d/17SUotKkekDuhztpS73Powj7sPviFh0od/view?usp=sharing,1,40,FALSE,
71440,Ducal – imyour_seven bị fucked,https://xemtrai.top/ducal-imyour_seven-bi-fucked/,https://upload.xemtrai.top/2025/03/Ducal-720x380.jpg,Gay video; Vietnam video,https://drive.google.com/file/d/1LOiLOnIyBNKYIKUYdnCOEbhDhNMTI4L0/view?usp=sharing,1,40,FALSE,
71423,Drippin In Cum – Hồ Vĩnh Khoa x Rhonee x Nero Jones,https://xemtrai.top/drippin-in-cum-ho-vinh-khoa-x-rhonee-x-nero-jones/,https://upload.xemtrai.top/2025/03/2025-03-18-1-720x380.png,Gay video; Vietnam video,https://drive.google.com/file/d/1a1UCTFS4X7kO6SD1547aaLB-O9jcGK50/view?usp=sharing,1,40,FALSE,
71395,Xingfufu – BL Series Love Loop – Chapter 01 MEETING – Bevis x Sky,https://xemtrai.top/xingfufu-bl-series-love-loop-chapter-01-meeting-bevis-x-sky/,https://upload.xemtrai.top/2025/03/Bl-Film-by-Xing-FuFu-Chapter-01-MEETING.mp4_20250317_204117.988-720x380.jpg,Gay video; Vietnam video,https://drive.google.com/file/d/1NblWvxBqXqSEmBiPPwxlJhWdFWHdcbnG/view?usp=sharing,1,40,FALSE,
71397,Seachan x Pec_ pal48,https://xemtrai.top/seachan-x-pec_-pal48/,https://upload.xemtrai.top/2025/03/qzsAL3TZ-Seachan-720x380.jpg,Gay video; Vietnam video,https://drive.google.com/file/d/16T2ACX7shMiBA1yWCUPpcNw_buH285iJ/view?usp=sharing,1,40,FALSE,
71396,Binkycum x em trai PT 2k1 – P3,https://xemtrai.top/binky-cum-x-em-trai-pt-2k1-p3/,https://upload.xemtrai.top/2025/03/xPQ5Xqd0-binky-720x380.jpg,Gay video; Vietnam video,https://drive.google.com/file/d/1v6fCsUwjjPWJJ88Zc8-Fs6uBuxVxOX03/view?usp=sharing,1,40,FALSE,
71380,Xingfufu – Boy love – Bevis x Sky,https://xemtrai.top/xingfufu-boy-love-bevis-x-sky/,https://upload.xemtrai.top/2025/03/bevis-720x380.jpg,Gay video; Vietnam video,https://drive.google.com/file/d/1KZT3-7OYXs_hmAyVH0pxoqtReWtZEqUx/view?usp=sharing,1,40,FALSE,
71382,Binkycum x em trai PT 2k1 – P2,https://xemtrai.top/binky-cum-x-em-trai-pt-2k1-p2/,https://upload.xemtrai.top/2025/03/z5rgmtrT-binky-720x380.jpg,Gay video; Vietnam video,https://drive.google.com/file/d/1QT0WXbCYPiPNekCL2if9MLXe4UjJAIcj/view?usp=sharing,1,40,FALSE,
71282,ScorpioAtPlay solo,https://xemtrai.top/scorpioatplay-solo/,https://upload.xemtrai.top/2025/03/ScorpioAtPlay-720x380.jpg,Solo; Vietnam video,https://drive.google.com/file/d/1d8RVC9RZawtyBIWqoMNXaqNG-dUpux55/view?usp=sharing,1,41,FALSE,
71359,Binkycum x em trai PT 2k1 – P1,https://xemtrai.top/binky-cum-x-em-trai-pt-2k1-p1/,https://upload.xemtrai.top/2025/03/binky-720x380.jpg,Gay video; Vietnam video,https://drive.google.com/file/d/1D5Poddk3jnyvQpBE-7qYvfv3tLEFtl7k/view?usp=sharing,1,41,FALSE,
71346,Friendlymen,https://xemtrai.top/friendlymen-15/,https://upload.xemtrai.top/2025/03/hinh-720x380.jpg,Straight guys; Thailand video,https://drive.google.com/file/d/10sqnMyHl6qtCd8n8sMrARLrR8Nz9EsrO/view?usp=sharing,1,41,FALSE,
71348,Baron Anh Huy x Lê Nam 4some,https://xemtrai.top/baron-anh-huy-x-le-nam-4some/,https://upload.xemtrai.top/2025/03/NzOMMKlq-baron-720x380.jpg,Gay video; Vietnam video,https://drive.google.com/file/d/1txXAKBl4BzUZKUloKSSo-e1s2kmQk0iz/view?usp=sharing,1,41,FALSE,
71327,Pinky Quoc Nguyen – Lady boy,https://xemtrai.top/pinky-quoc-nguyen-lady-boy/,https://upload.xemtrai.top/2025/03/Pinky-with-LADYBOY-THE-STALKER.mp4_20250310_203831.525-720x380.jpg,Gay video; Vietnam video,https://drive.google.com/file/d/1kJ7M4x_VXkIdG6ajAt39yWD97OC7vSPc/view?usp=sharing,1,41,FALSE,
71280,Kenvin Tiến Quân x Lcs0603,https://xemtrai.top/kenvin-tien-quan-x-lcs0603/,https://upload.xemtrai.top/2025/03/Kenvin-x-Leo.mp4_20250307_212720.353-720x380.jpg,Gay video; Vietnam video,https://drive.google.com/file/d/16gQOvHrq2JdyHZCSqN0sinmMDJk8h7g-/view?usp=sharing,1,41,FALSE,
71281,Seachan x cumcontrol straight guy kute tattoo,https://xemtrai.top/seachan-x-cumcontrol-straight-guy-kute-tattoo/,https://upload.xemtrai.top/2025/03/Seachan-720x380.jpg,Gay video; Vietnam video,https://drive.google.com/file/d/19ZP84KCg4z9WfZ-p-_XitiOY--oBWN7X/view?usp=sharing,1,41,FALSE,
71256,Baronvn95 Anh Huy,https://xemtrai.top/baronvn95-anh-huy/,https://upload.xemtrai.top/2025/03/Baron-720x380.jpg,Gay video; Vietnam video,https://drive.google.com/file/d/1NqFQw-wJy2_MuTsjSdMFPMybZdVLRAaU/view?usp=sharing,1,41,FALSE,
71209,Binkycum x Trai gym 1995,https://xemtrai.top/binky-cum-x-trai-gym-1995/,https://upload.xemtrai.top/2025/03/binky-CUM-720x380.jpg,Gay video; Vietnam video,https://drive.google.com/file/d/1GIdxjWsF5Gge5ye9ZcZMN1vWdRQelmiU/view?usp=sharing,1,41,FALSE,
71210,Seachanx Cumcontrol with straight guy,https://xemtrai.top/seachanx-cumcontrol-with-straight-guy/,https://upload.xemtrai.top/2025/03/seachan-CUM-720x380.jpg,Gay video; Vietnam video,https://drive.google.com/file/d/1I8_qBTjEvnIe85D2H8G5R71uLNZ6Tp-y/view?usp=sharing,1,41,FALSE,
71191,Friendlymen,https://xemtrai.top/friendlymen-14/,https://upload.xemtrai.top/2025/03/friend-720x380.jpg,Straight guys; Thailand video,https://drive.google.com/file/d/1bfJalUzv5YBrj0hHGXFtzHdjgn8rRxhI/view?usp=sharing,1,41,FALSE,
71190,Baron Anh Huy x Saeroi sa9988765,https://xemtrai.top/baron-anh-huy-x-saeroi-sa9988765/,https://upload.xemtrai.top/2025/03/baron-720x380.jpg,Gay video; Vietnam video,https://drive.google.com/file/d/1FflYWqQkCcwrSIx80NxRRzL7o7lh6uLX/view?usp=sharing,1,41,FALSE,
71177,Baron Anh Huy x Lê Nam,https://xemtrai.top/baron-anh-huy-x-le-nam/,https://upload.xemtrai.top/2025/03/Baron-x-Le-Nam.mp4_20250302_184351.976-720x380.jpg,Gay video; Vietnam video,https://drive.google.com/file/d/1EUY1gPgW8UToIiF4IenX0eiHVXPbhURG/view?usp=sharing,1,41,FALSE,
71176,Bevis x Pinky foursome,https://xemtrai.top/bevis-x-pinky-foursome/,https://upload.xemtrai.top/2025/03/Bevis-x-Pinky-4some.mp4_20250302_184605.998-720x380.jpg,Gay video; Vietnam video,https://drive.google.com/file/d/12ru58gDbyqR4NQ9_x8DEh8HuYLuYsGDU/view?usp=sharing,1,41,FALSE,
71085,"Baron Anh Huy, Lê Nam x Jake",https://xemtrai.top/baron-anh-huy-le-nam-x-jake/,https://upload.xemtrai.top/2025/02/lee-baron-720x380.jpg,Gay video; Vietnam video,https://drive.google.com/file/d/1kAndrhJQNqT3OcutoEs420UBnGJjPkwV/view?usp=sharing,1,41,FALSE,
71084,Binkycum x Trai gym có vợ P2,https://xemtrai.top/binky-cum-x-trai-gym-co-vo-p2/,https://upload.xemtrai.top/2025/02/binkycum-720x380.jpg,Gay video; Vietnam video,https://drive.google.com/file/d/12PfZFJihWjPnh_DohilUDnyGHLfOApyz/view?usp=sharing,1,41,FALSE,
71026,Binkycum x Trai gym có vợ P1,https://xemtrai.top/binky-cum-x-trai-gym-co-vo-p1/,https://upload.xemtrai.top/2025/02/L9wgobGg-binky-720x380.jpg,Gay video; Vietnam video,https://drive.google.com/file/d/1GbAr0TiZP-58nIiQaOKd3-vF3_sb_w6e/view?usp=sharing,1,41,FALSE,
71027,Xingfufu – Bevis Trần Đức Vương x Anh cá chép,https://xemtrai.top/xingfufu-bevis-tran-duc-vuong-x-anh-ca-chep/,https://upload.xemtrai.top/2025/02/Bevis-x-Anh-ca-chep.mp4_20250223_212348.595-720x380.jpg,Gay video; Vietnam video,https://drive.google.com/file/d/1lpZhc8KIjb80fx5pRA_8LcwiAeV21loe/view?usp=sharing,1,41,FALSE,
70991,Kenvin Tiến Quân x Saeroi sa9988765,https://xemtrai.top/kenvin-tien-quan-x-saeroi-sa9988765/,https://upload.xemtrai.top/2025/02/TienQuanxSaeroi_sa9988765.mp4_20250222_195931.255-720x380.jpg,Gay video; Vietnam video,https://drive.google.com/file/d/1DOtfvYUWrEv0N8BxAHrLyP_3LqpHWqDu/view?usp=sharing,1,42,FALSE,
70994,Seachan x Straight guy TK1170,https://xemtrai.top/seachan-x-straight-guy-tk1170/,https://upload.xemtrai.top/2025/02/Seachan-x-straight-TK1170.mp4_20250222_195555.192-720x380.jpg,Gay video; Vietnam video,https://drive.google.com/file/d/1nNda9t7i1b7jZVaQ_f-toiZsIPKte-ah/view?usp=sharing,1,42,FALSE,
70949,Friendlymen,https://xemtrai.top/friendlymen-13/,https://upload.xemtrai.top/2025/02/Friendly-Men-720x380.jpg,Straight guys; Thailand video,https://drive.google.com/file/d/1ZtcLtxfomIvWvLwqwRQy-qHyAfM9olpn/view?usp=sharing,1,42,FALSE,
70948,Lê Nam – Leevn95 x Scorpioatplay,https://xemtrai.top/le-nam-leevn95-x-scorpioatplay/,https://upload.xemtrai.top/2025/02/Leevn-720x380.jpg,Gay video; Vietnam video,https://drive.google.com/file/d/1n9uRmjjh32FV1zCdqR30fZBNMQc2mhIk/view?usp=sharing,1,42,FALSE,
70950,Seachan x Straight Guy 02 first time they get fucked,https://xemtrai.top/seachan-x-straight-guy-02-first-time-they-get-fucked/,https://upload.xemtrai.top/2025/02/AR2klw5y-Seachan-720x380.jpg,Gay video; Vietnam video,https://drive.google.com/file/d/1oHKq4jN0AIeWQslq4ruFzAa401bpgr3L/view?usp=sharing,1,42,FALSE,
70903,Pinky Quoc Nguyen – Nainoi,https://xemtrai.top/pinky-quoc-nguyen-nainoi/,https://upload.xemtrai.top/2025/02/PinkyxNainoi.mp4_20250217_210623.310-720x380.jpg,Gay video; Vietnam video,https://drive.google.com/file/d/1sG722EZRx05UfQw0IeQSX7DtMgit5ZTZ/view?usp=sharing,1,42,FALSE,
70904,Friendlymen,https://xemtrai.top/friendlymen-12/,https://upload.xemtrai.top/2025/02/friendlymen-720x380.jpg,Straight guys; Thailand video,https://drive.google.com/file/d/1Clac-8Cav1jM2tTRpdjkLVYoYIzeEpRH/view?usp=sharing,1,42,FALSE,
70874,Binkycum x Trai doan vien,https://xemtrai.top/binky-cum-x-trai-doan-vien/,https://upload.xemtrai.top/2025/02/X546QvMn-binky-720x380.jpg,Gay video; Vietnam video,https://drive.google.com/file/d/1SekJV14E3rkovs90t9cLW_3KBacOwwa7/view?usp=sharing,1,42,FALSE,
70873,Chubedamsg x boy Xuân Hùng P3,https://xemtrai.top/chubedamsg-x-boy-xuan-hung-p3/,https://upload.xemtrai.top/2025/02/caubedamsg-x-Xuan-Hung-P3-720x380.jpg,Gay video; Vietnam video,https://drive.google.com/file/d/1zC6nHsPVMxxUrFjcikoUqAPtLhyGvwMg/view?usp=sharing,1,42,FALSE,
70850,Xingfufu – Bevis Trần Đức Vương,https://xemtrai.top/xingfufu-bevis-tran-duc-vuong/,https://upload.xemtrai.top/2025/02/MyVideo_1.mp4_20250213_201335.672-720x380.jpg,Gay video; Vietnam video,https://drive.google.com/file/d/1jCm5I9PYB5QBULN6KqfwoEzZncU6wpqy/view?usp=sharing,1,42,FALSE,
70852,Chiluo666 & XGS00229,https://xemtrai.top/chiluo666-xgs00229/,https://upload.xemtrai.top/2025/02/Chiluo666-XGS00229.mp4_20250213_201047.929-720x380.jpg,Asia video; Gay video,https://drive.google.com/file/d/1gald7MQVqIy0SmIiyCYLBKHWypxLYuvm/view?usp=sharing,1,42,FALSE,
70851,Chubedamsg x boy Xuân Hùng P2,https://xemtrai.top/chubedamsg-x-boy-xuan-hung-p2/,https://upload.xemtrai.top/2025/02/caubedamsg-XuanHungP2.mp4_20250213_201018.390-720x380.jpg,Gay video; Vietnam video,https://drive.google.com/file/d/1mTt80SdxEuIhH06zJcDCkT8xjEX_DIl1/view?usp=sharing,1,42,FALSE,
70830,Chubedamsg x boy Xuân Hùng P1,https://xemtrai.top/chubedamsg-x-boy-xuan-hung-p1/,https://upload.xemtrai.top/2025/02/caubedamsg-720x380.jpg,Gay video; Vietnam video,https://drive.google.com/file/d/1N92RXaSEtH-a0gz2E1awKNl2flws-8kY/view?usp=sharing,1,42,FALSE,
70829,Friendlymen,https://xemtrai.top/friendlymen-11/,https://upload.xemtrai.top/2025/02/Friendly-720x380.jpg,Straight guys; Thailand video,https://drive.google.com/drive/folders/1PIkSW7pH5alC9u5bx_gt8MNIkxhmt_Se?usp=sharing,1,42,FALSE,
70831,Seachan x Straight boy 10,https://xemtrai.top/seachan-x-straight-boy-10/,https://upload.xemtrai.top/2025/02/Seachan-x-Str10-720x380.jpg,Gay video; Vietnam video,https://drive.google.com/file/d/1mwf1Szgne1Z1t575mn4buSFhOJfL6aEe/view?usp=sharing,1,42,FALSE,
70809,Kenvin Tiến Quân x Vincent Hong,https://xemtrai.top/kenvin-tien-quan-x-vincent-hong/,https://upload.xemtrai.top/2025/02/Callmekenvin-–-Quan-Hong-.mp4_20250210_214019.975-720x380.jpg,Gay video; Vietnam video,https://drive.google.com/file/d/1gp7yjtAHmp0JSFhHMYb_NsY15WSnFXd6/view?usp=sharing,1,42,FALSE,
70774,Seachan x Straight boy 07,https://xemtrai.top/seachan-x-straight-boy-07/,https://upload.xemtrai.top/2025/02/Seachan7-720x380.jpg,Gay video; Vietnam video,https://drive.google.com/file/d/1JMHIDBseC4yqLMNqWRdIWrw23RX_PmZ1/view?usp=sharing,1,42,FALSE,
70703,Friendlymen,https://xemtrai.top/friendlymen-10/,https://upload.xemtrai.top/2025/02/Friend-720x380.jpg,Straight guys; Thailand video,https://drive.google.com/file/d/1OVW2PGUuKh3_F-NlkGpDMOO8c_cp1XVK/view?usp=sharing,1,42,FALSE,
70701,Pinky Quoc Nguyen – Fucking shipper,https://xemtrai.top/pinky-quoc-nguyen-fucking-shipper/,https://upload.xemtrai.top/2025/02/Pinky-x-Fuck-shipper.mp4_20250203_185155.874-720x380.jpg,Gay video; Vietnam video,https://drive.google.com/file/d/1p_tjdrDpDwJVRH2oc8fwJYNBkp3lQhJf/view?usp=sharing,1,43,FALSE,
70704,Seachan x Straight boy 04,https://xemtrai.top/seachan-x-straight-boy-04/,https://upload.xemtrai.top/2025/02/Seachan-720x380.jpg,Gay video; Vietnam video,https://drive.google.com/file/d/1iXncMaFYhdq-HkNAi5HUVzuS9fSPglGz/view?usp=sharing,1,43,FALSE,
70679,Binkycum x Boy 2k6 – p3.end,https://xemtrai.top/binky-cum-x-boy-2k6-p3-end/,https://upload.xemtrai.top/2025/02/binky-720x380.jpg,Gay video; Vietnam video,https://drive.google.com/file/d/1sy1G65s3AvjGoInd8LAfiivrl63tQOR4/view?usp=sharing,1,43,FALSE,
70663,Binkycum x Boy 2k6 – p2,https://xemtrai.top/binky-cum-x-boy-2k6-p2/,https://upload.xemtrai.top/2025/01/Of1Hlujn-binky-720x380.jpg,Gay video; Vietnam video,https://drive.google.com/file/d/1HkXM9arbB0HNiviGDI_sZ3QCaStwRcPV/view?usp=sharing,1,43,FALSE,
70652,Binkycum x Boy 2k6 – p1,https://xemtrai.top/binky-cum-x-boy-2k6-p1/,https://upload.xemtrai.top/2025/01/t9iVLyOj-binky-720x380.jpg,Gay video; Vietnam video,https://drive.google.com/file/d/1H2HjDdaG4BU_2po9fhwMpNDWS8VfR--4/view?usp=sharing,1,43,FALSE,
70632,OF Nguyễn Duy Hải solo cum (video),https://xemtrai.top/of-nguyen-duy-hai-solo-cum-video/,https://upload.xemtrai.top/2025/01/seven-720x380.jpg,Solo; Vietnam video,https://drive.google.com/file/d/159y64M-lVPPt9tGREsE-NNRtElAkvb1z/view?usp=sharing,1,43,FALSE,
70599,Seachan x Straight boy,https://xemtrai.top/seachan-x-straight-boy-2/,https://upload.xemtrai.top/2025/01/seachan-720x380.jpg,Gay video; Vietnam video,https://drive.google.com/file/d/1mYpSlzVKHoK2Xxs40HlIxMjNegT2yTy9/view?usp=sharing,1,43,FALSE,
70598,Pinky Quoc Nguyen – Hard dick,https://xemtrai.top/pinky-quoc-nguyen-hard-dick/,https://upload.xemtrai.top/2025/01/pinky-720x380.jpg,Gay video; Vietnam video,https://drive.google.com/file/d/169ZgeeWKVCOqCHdpkmvfqqTT4-FSm1mS/view?usp=sharing,1,43,FALSE,
70580,Friendlymen,https://xemtrai.top/friendlymen-9/,https://upload.xemtrai.top/2025/01/Friend-720x380.jpg,Straight guys; Thailand video,https://drive.google.com/file/d/1-RHXMQT3p_9RIrYaR1fQSHlq3XavgmPW/view?usp=sharing,1,43,FALSE,
70569,Binkycum x Trai gym 1997 – P2,https://xemtrai.top/binky-cum-x-trai-gym-1997-p2/,https://upload.xemtrai.top/2025/01/9UB2HQg7-binky-720x380.jpg,Gay video; Vietnam video,https://drive.google.com/file/d/1-UMfv1TJLPbrjzzjUsVLeyDLNBC1CESE/view?usp=sharing,1,43,FALSE,
70537,Chubedamsg,https://xemtrai.top/chubedamsg/,https://upload.xemtrai.top/2025/01/RTO4H5vG-page-720x380.jpg,Gay video; Vietnam video,https://drive.google.com/file/d/1O3YHaXiQ4JD_yqRHqglKR0-6vJD-cz4R/view?usp=sharing,1,43,FALSE,
70539,Pinky Quoc Nguyen x Sky – Money or Wife,https://xemtrai.top/pinky-quoc-nguyen-x-sky-money-or-wife/,https://upload.xemtrai.top/2025/01/pinky-x-MOney-or-wife.mp4_20250119_204537.786-720x380.jpg,Gay video; Vietnam video,https://drive.google.com/file/d/17nxnBBU-LJbv1QzbWxzl0hpcm4kv-TpL/view?usp=sharing,1,43,FALSE,
70521,Friendlymen,https://xemtrai.top/friendlymen-8/,https://upload.xemtrai.top/2025/01/friend-720x380.jpg,Straight guys photo; Thailand video,https://drive.google.com/file/d/1lXj6by4VP6l2DwStHBM7nAynuDNprrWN/view?usp=sharing,1,43,FALSE,
70520,Binkycum x Trai gym 1997 – P1,https://xemtrai.top/binky-cum-x-trai-gym-1997-p1/,https://upload.xemtrai.top/2025/01/binky2-720x380.jpg,Gay video; Vietnam video,https://drive.google.com/file/d/13_QHRMnDj-RAGb19ipWnp_WWoTaZSkcQ/view?usp=sharing,1,43,FALSE,
70484,Trọng Rio – Đêm noel,https://xemtrai.top/trong-rio-dem-noel/,https://upload.xemtrai.top/2025/01/TrongRio-x-Dem-noel.mp4_20250113_195420.777-720x380.jpg,Gay video; Vietnam video,https://drive.google.com/file/d/1ioNPOpxjxi_vI-xiA7UUywgAA1kVHKhc/view?usp=sharing,1,43,FALSE,
70449,"Xingfufu – Bevis, Pinky – Money POWER",https://xemtrai.top/xingfufu-bevis-pinky-money-power/,https://upload.xemtrai.top/2025/01/Bevis-Power-money.mp4_20250109_200311.097-720x380.jpg,Gay video; Vietnam video,https://drive.google.com/file/d/1e3RPUhvPwKZ_U4KeEbFYM_I2GWN57tFd/view?usp=sharing,1,43,FALSE,
70417,Xingfufu – The worker – Sky,https://xemtrai.top/xingfufu-the-worker-sky/,https://upload.xemtrai.top/2025/01/Xingfufu-The-worker-Sky.mp4_20250107_193247.371-720x380.jpg,Gay video; Vietnam video,https://drive.google.com/file/d/1-lrDLvW2KCZ9JH-StPjCA9KJviKl-e7N/view?usp=sharing,1,43,FALSE,
70418,Chubedamsg – boy viet solo,https://xemtrai.top/chubedamsg-boy-viet-solo/,https://upload.xemtrai.top/2025/01/page-720x380.jpg,Solo; Vietnam video,https://drive.google.com/file/d/10jNNQ6rZpvvj4bPjpQu9RjXw3ju9CeNX/view?usp=sharing,1,43,FALSE,
70388,Chiang x Tyler Wu,https://xemtrai.top/chiang-x-tyler-wu/,https://upload.xemtrai.top/2025/01/Chiang-x-Tyler-Wu.mp4_20250103_204254.582-720x380.jpg,Asia video; Gay video,https://drive.google.com/file/d/1Nv2UFTGtYCRcypr4eqz02ZjIYZy-R5Dw/view?usp=sharing,1,44,FALSE,
70389,Chiluo666 x Realmusclewolf x GN_175,https://xemtrai.top/chiluo666-x-realmusclewolf-x-gn_175/,https://upload.xemtrai.top/2025/01/chiluo666.mp4_20250103_205230.809-720x380.jpg,Asia video; Gay video,https://drive.google.com/file/d/13-q0WM8pDciVj008WdaTE670RzvRJKT7/view?usp=sharing,1,44,FALSE,
70377,Myedging x Titus Low,https://xemtrai.top/myedging-x-titus-low/,https://upload.xemtrai.top/2025/01/Titus-720x380.jpg,Asia video; Gay video,https://drive.google.com/file/d/1XVt8MyZVpFbVGyQMCphynIkzZsRqVXTt/view?usp=sharing,1,44,FALSE,
70355,Bevis Trần Đức Vương & Toy,https://xemtrai.top/bevis-tran-duc-vuong-toy/,https://upload.xemtrai.top/2025/01/Bevis-720x380.jpg,Solo; Vietnam video,https://drive.google.com/file/d/1xyjXflfIdy4x1JvRmrfOeN5MYzYFIE2G/view?usp=sharing,1,44,FALSE,
70354,Seachan x My fan,https://xemtrai.top/seachan-x-my-fan/,https://upload.xemtrai.top/2025/01/Seachan-x-My-fan.mp4_20250102_192815.690-720x380.jpg,Gay video; Vietnam video,https://drive.google.com/file/d/1wEWyKCe_CNM5J8l8fvBJC6kMwDe1p--7/view?usp=sharing,1,44,FALSE,
70322,Pinky Quoc Nguyen x Our threesome,https://xemtrai.top/pinky-quoc-nguyen-x-our-threesome/,https://upload.xemtrai.top/2024/12/Pinky-x-Our-3some.mp4_20241229_203831.099-720x380.jpg,Gay video; Vietnam video,https://drive.google.com/file/d/1o26QkXtlvwzNaN7ST1nEKOE0uPlIUfC9/view?usp=sharing,1,44,FALSE,
70323,Musclewolf188 x heijiab,https://xemtrai.top/musclewolf188-x-heijiab/,https://upload.xemtrai.top/2024/12/musclewolf188_heijiab.mp4_20241229_203754.484-720x380.jpg,Asia video; Gay video,https://drive.google.com/file/d/11aGVf0oQmYQDtbNIw_5qmz7iUohZCEe1/view?usp=sharing,1,44,FALSE,
70324,18歲高職商務科 Noel x 新鮮社畜,https://xemtrai.top/18%e6%ad%b2%e9%ab%98%e8%81%b7%e5%95%86%e5%8b%99%e7%a7%91-noel-x-%e6%96%b0%e9%ae%ae%e7%a4%be%e7%95%9c/,https://upload.xemtrai.top/2024/12/18歲高職商務科-Noel-x-新鮮社畜.mp4_20241229_203724.327-720x380.jpg,Asia video; Gay video,https://drive.google.com/file/d/1vC78cglkWO5NSPa2bKfmWNxxsPDYaVnM/view?usp=sharing,1,44,FALSE,
70285,Hunt Casting pec_pal48,https://xemtrai.top/hunt-casting-pec_pal48/,https://upload.xemtrai.top/2024/12/aHunt-Casting-pec_pal48.mp4_20241227_205544.661-720x380.jpg,Gay video; Thailand video,https://drive.google.com/file/d/1hTZ1kkDeKilglvC0s3NQ2mqgUF85vQP4/view?usp=sharing,1,44,FALSE,
70286,Saeroi x Zero,https://xemtrai.top/saeroi-x-zero/,https://upload.xemtrai.top/2024/12/aSaeroi-x-Zero.mp4_20241227_205731.584-720x380.jpg,Asia video; Gay video,https://drive.google.com/file/d/1kFiFxLp_OHISbX015FxC-509GVkul1WW/view?usp=sharing,1,44,FALSE,
70284,Seachan x Chingkou fuck dann,https://xemtrai.top/seachan-x-chingkou-fuck-dann/,https://upload.xemtrai.top/2024/12/ACKvukxm-Seachan-720x380.jpg,Gay video; Vietnam video,https://drive.google.com/file/d/1jrksUjZrhYHDHJuWkg6n5e3MmB0IP15p/view?usp=sharing,1,44,FALSE,
70265,Trọng Rio x Em bot đánh bài thua bị đụ,https://xemtrai.top/trong-rio-x-em-bot-danh-bai-thua-bi-du/,https://upload.xemtrai.top/2024/12/Trong-Rio-720x380.jpg,Gay video; Vietnam video,https://drive.google.com/file/d/1-_4YicRLpsbumHdmHtbH2S-Oax-LPkhD/view?usp=sharing,1,44,FALSE,
70263,Pinky Quoc Nguyen x Anh Cá Chép,https://xemtrai.top/pinky-quoc-nguyen-x-anh-ca-chep/,https://upload.xemtrai.top/2024/12/Pinky-x-Anhcachep.mp4_20241226_193225.048-720x380.jpg,Gay video; Vietnam video,https://drive.google.com/file/d/1UUqH1zgVT6ZZbrGEwQ6XpX7ipCpF31lB/view?usp=sharing,1,44,FALSE,
70264,Xingfufu – Cumcontrol with Bevis Trần Đức Vương,https://xemtrai.top/xingfufu-cumcontrol-with-bevis-tran-duc-vuong/,https://upload.xemtrai.top/2024/12/Bevis-720x380.jpg,Gay video; Vietnam video,https://drive.google.com/file/d/1OraowFgYH8Rd6GmHAyGjqWCkVcCgnDOv/view?usp=sharing,1,44,FALSE,
70229,Pinky Quoc Nguyen x Sugar Daddy,https://xemtrai.top/pinky-quoc-nguyen-x-sugar-daddy/,https://upload.xemtrai.top/2024/12/Pinky-x-Sugar-daddy.mp4_20241223_185752.171-720x380.jpg,Gay video; Vietnam video,https://drive.google.com/file/d/1rnUlXZmSckQMB9R8PXfv1hSG1MOof2zU/view?usp=sharing,1,44,FALSE,
70228,Xingfufu – Cumcontrol with Sky,https://xemtrai.top/xingfufu-cumcontrol-with-sky/,https://upload.xemtrai.top/2024/12/Sky-720x380.jpg,Gay video; Vietnam video,https://drive.google.com/file/d/1L7VHOre3PWhajPxKFhNZCXTYLSFXNoEL/view?usp=sharing,1,44,FALSE,
70227,Anh giao hàng 2k4,https://xemtrai.top/anh-giao-hang-2k4/,https://upload.xemtrai.top/2024/12/Anh-giao-hang-720x380.jpg,Gay video; Vietnam video,https://drive.google.com/file/d/1Lv73Z3_fnmZ0FtioOoO8zYw342AUMapx/view?usp=sharing,1,44,FALSE,
70205,Binkycum x Em trai 2k5 Full,https://xemtrai.top/binky-cum-x-em-trai-2k5-full/,https://upload.xemtrai.top/2024/12/binky-cum-720x380.jpg,Solo; Vietnam video,https://drive.google.com/file/d/1OogTkj93lcQ4q4bCI39Txa1YVQfPkui0/view?usp=sharing,1,44,FALSE,
70199,Xingfufu – Bevis Trần Đức Vương x Winson95,https://xemtrai.top/xingfufu-bevis-tran-duc-vuong-x-winson95/,https://upload.xemtrai.top/2024/12/Bevis-x-WInson95.mp4_20241221_111050.324-720x380.jpg,Gay video; Vietnam video,https://drive.google.com/file/d/1TsOESAvy3Devv5xn4aE0LHkrloO840vy/view?usp=sharing,1,45,FALSE,
70194,Khoa Vương livestream succac khẩu dâm,https://xemtrai.top/khoa-vuong-livestream-succac-khau-dam/,https://upload.xemtrai.top/2024/12/lwV6e807-page-720x380.jpg,Solo; Vietnam video,https://drive.google.com/file/d/1uvuRE3IvjL7nNsAmHgjmiPsXcn4i4SUa/view?usp=sharing,1,45,FALSE,
70159,Lê Ngọc Minh thuê trai thẳng làm bot,https://xemtrai.top/le-ngoc-minh-thue-trai-thang-lam-bot/,https://upload.xemtrai.top/2024/12/LeNgocMinh-720x380.jpg,Gay video; Vietnam video,https://drive.google.com/file/d/1xsJiT98ED4j6iTp5-ZRUIa9UY8mDRyjP/view?usp=sharing,1,45,FALSE,
70157,Kenvin Tiến Quân x jrman-175,https://xemtrai.top/kenvin-tien-quan-x-jrman-175/,https://upload.xemtrai.top/2024/12/TienQuan-x-jrman-175.mp4_20241219_202431.190-720x380.jpg,Gay video; Vietnam video,https://drive.google.com/file/d/1HaXvwLxEiLIhwH3pE7TfBFJ5_9q9p8Sv/view?usp=sharing,1,45,FALSE,
70158,Seachan fuck straight guy,https://xemtrai.top/seachan-fuck-straight-guy-2/,https://upload.xemtrai.top/2024/12/sc-720x380.jpg,Gay video; Vietnam video,https://drive.google.com/file/d/119D0lbLJX9lAjw1fj1j3jwKr1cWj0g7r/view?usp=sharing,1,45,FALSE,
70142,Xingfufu – Bevis Trần Đức Vương x Lady boy,https://xemtrai.top/xingfufu-bevis-tran-duc-vuong-x-lady-boy/,https://upload.xemtrai.top/2024/12/Bevis-x-Lady-boy.mp4_20241218_201554.619-720x380.jpg,Transgender; Vietnam video,https://drive.google.com/file/d/113Odl1yrN6wMFsfad1qImxJWvmk2w53F/view?usp=sharing,1,45,FALSE,
70141,TylerWu x Sam Vu – Live stream flip fuck,https://xemtrai.top/tylerwu-x-sam-vu-live-stream-flip-fuck/,https://upload.xemtrai.top/2024/12/Only-Fans-–-Tyler-Wu-Sam-Vu-–-Livestream-Flip-Fuck.mp4_20241218_203119.911-720x380.jpg,Gay video; Vietnam video,https://drive.google.com/file/d/12ifL8sPrQYOsAGdeSeJYkXwJovkv_Teh/view?usp=sharing,1,45,FALSE,
70102,Friendlymen,https://xemtrai.top/friendlymen-7/,https://upload.xemtrai.top/2024/12/f-720x380.jpg,Straight guys; Thailand video,https://drive.google.com/drive/folders/11IcThh29U6No8lZjdxnTeu-b7d0mdhog?usp=sharing,1,45,FALSE,
70101,Xingfufu – Bevis Trần Đức Vương – Hard kitchen,https://xemtrai.top/xingfufu-bevis-tran-duc-vuong-hard-kitchen/,https://upload.xemtrai.top/2024/12/bevis-720x380.jpg,Solo; Vietnam video,https://drive.google.com/file/d/1gM1sPnCbuXb5cMuD113Ql5DH0_meXGdB/view?usp=sharing,1,45,FALSE,
70103,Heizai8 x muscle_hots,https://xemtrai.top/heizai8-x-muscle_hots/,https://upload.xemtrai.top/2024/12/heizai8-x-muscle_hots-.mp4_20241216_183421.838-720x380.jpg,Asia video; Gay video,https://drive.google.com/file/d/1dZv7LF0XPuJs7FdmRf1w7AsnUs4LkfuI/view?usp=sharing,1,45,FALSE,
70060,OF Nguyễn Duy Hải sục cu,https://xemtrai.top/of-nguyen-duy-hai-suc-cu/,https://upload.xemtrai.top/2024/12/Duuy-Hai-720x380.jpg,Solo; Vietnam video,https://drive.google.com/file/d/1f37CiS9ITngCYWtZblsNaAHq7EW7Uw9c/view?usp=sharing; https://drive.google.com/file/d/1dExJZx3vGXrNhL9hReoCvHQ4K6ArY9Qv/view?usp=sharing,2,45,FALSE,
70059,Titus Low x Swang,https://xemtrai.top/titus-low-x-swang/,https://upload.xemtrai.top/2024/12/photo_2024-12-13_18-43-05-720x380.jpg,Asia video; Gay video,https://drive.google.com/file/d/1xyJYA2wPqWcV3Zn0Y_MJ-83xV-7qa9oN/view?usp=sharing,1,45,FALSE,
70061,HailiJiang x Gabbies,https://xemtrai.top/hailijiang-x-gabbies/,https://upload.xemtrai.top/2024/12/HailiJiang.mp4_20241213_191634.664-720x380.jpg,Asia video; Gay video,https://drive.google.com/file/d/1IJhruU6Xl6YvWmZ8gH2BYiZcxN4FYC28/view?usp=sharing,1,45,FALSE,
70035,Xingfufu – Bevis Trần Đức Vương – Sex contract,https://xemtrai.top/xingfufu-bevis-tran-duc-vuong-sex-contract/,https://upload.xemtrai.top/2024/12/Bevis-sex-contract.mp4_20241212_210058.784-720x380.jpg,Girl video; Vietnam video,https://drive.google.com/file/d/1ZW_5SlX6Ve_Tar6PxFJ9i9zNlz60lKku/view?usp=sharing,1,45,FALSE,
70036,GanLanBee,https://xemtrai.top/ganlanbee/,https://upload.xemtrai.top/2024/12/tqZ60OSR-page-720x380.jpg,Asia video; Gay video,https://drive.google.com/file/d/1sQzIf6s1SJCL6WpVaI3iFglwB2-SFcNn/view?usp=sharing,1,45,FALSE,
70037,Seachan with bigboy straight guy,https://xemtrai.top/seachan-with-bigboy-straight-guy/,https://upload.xemtrai.top/2024/12/Seachan-720x380.jpg,Gay video; Vietnam video,https://drive.google.com/file/d/1EgAm7v1bhtfDDMoPAjbbdgIdyQQZz1QU/view?usp=sharing,1,45,FALSE,
69974,HailiJiang x Chiang x Vincent,https://xemtrai.top/hailijiang-x-chiang-x-vincent/,https://upload.xemtrai.top/2024/12/Chiang-720x380.jpg,Asia video; Gay video,https://drive.google.com/file/d/1y0F03NLHF1F6_EjqHkScpQPPz4TmP06L/view?usp=sharing,1,45,FALSE,
69962,Xingfufu – Bevis with Men – My horny PT,https://xemtrai.top/xingfufu-bevis-with-men-my-horny-pt/,https://upload.xemtrai.top/2024/12/Bevis-with-Men-My-Horny-PT.mp4_20241207_201545.897-720x380.jpg,Gay video; Vietnam video,https://drive.google.com/file/d/11_0x9JKFPoaddCkrStGzofywtzObuROB/view?usp=sharing,1,45,FALSE,
69963,Bagelijun,https://xemtrai.top/bagelijun/,https://upload.xemtrai.top/2024/12/bagelijun-720x380.jpg,Asia video; Gay video,https://drive.google.com/file/d/1FmnlI5C7Tuy-oGLBL5Ed1e967L4r6hYm/view?usp=sharing,1,46,FALSE,
69913,OF Nguyễn Duy Hải sục với toy,https://xemtrai.top/of-nguyen-duy-hai-suc-voi-toy/,https://upload.xemtrai.top/2024/12/PHstItvn-Duy-Hai-720x380.jpg,Solo; Vietnam video,https://drive.google.com/drive/folders/1IKMa9GyqsKrRkElnlHv55oMReEeb9GzR?usp=sharing,1,46,FALSE,
69917,David_lychan x Anh sửa máy lạnh,https://xemtrai.top/david_lychan-x-anh-sua-may-lanh/,https://upload.xemtrai.top/2024/12/David-720x380.jpg,Gay video; Vietnam video,https://drive.google.com/file/d/1hKI0EFAYNZvOVGbsU5wBZQzM2LcXZOD8/view?usp=sharing,1,46,FALSE,
69914,Chinnakorn Saukaew solo cum (bigbank2535),https://xemtrai.top/chinnakorn-saukaew-solo-cum-bigbank2535/,https://upload.xemtrai.top/2024/12/bigbank-720x380.jpg,Asia video; Solo,https://drive.google.com/drive/folders/11HbAHmYcfShnt4LhcYm9Thv9CCrD4aFt?usp=sharing,1,46,FALSE,
69891,Xingfufu – Twins Brother – Bevis x Sky,https://xemtrai.top/xingfufu-twins-brother-bevis-x-sky/,https://upload.xemtrai.top/2024/12/Twins-Brother-Bevis-x-Sky.mp4_20241203_195445.183-720x380.jpg,Gay video; Vietnam video,https://drive.google.com/file/d/17dlfV9SD8xL_CeBbKcVhl66_IgRUexFu/view?usp=sharing,1,46,FALSE,
69890,MyEdging x PecPal,https://xemtrai.top/myedging-x-pecpal/,https://upload.xemtrai.top/2024/12/page-720x380.jpg,Asia video; Gay video,https://drive.google.com/file/d/1b9yBCdnrQ0ca3Z0bzzcMhJIYFfLQiBpJ/view?usp=sharing,1,46,FALSE,
69889,Cutotop1991 x Bot dâm sịp đỏ,https://xemtrai.top/cutotop1991-x-bot-dam-sip-do/,https://upload.xemtrai.top/2024/12/cutotop1991-720x380.jpg,Gay video; Vietnam video,https://drive.google.com/file/d/1l3rbNgnKuGfTOjA0UrSLBV1uMk7RSGFQ/view?usp=sharing,1,46,FALSE,
69839,Xingfufu – Hot guy fuck – Sky,https://xemtrai.top/xingfufu-hot-guy-fuck-sky/,https://upload.xemtrai.top/2024/12/Hot-guy-fuck-Sky.mp4_20241201_111647.511-720x380.jpg,Girl video; Vietnam video,https://drive.google.com/file/d/1eltwwa7YrD0cU5E68Af1cQWq0Z1k6E5s/view?usp=sharing,1,46,FALSE,
69841,Trọng Rio x hot boy Taiwan,https://xemtrai.top/trong-rio-x-hot-boy-taiwan/,https://upload.xemtrai.top/2024/12/TrongRio-x-hot-boy-Taiwan.mp4_20241201_111731.552-720x380.jpg,Gay video; Vietnam video,https://drive.google.com/file/d/1hrp_21jyEpeWKrPW0PBPJTEP3GsbjHKf/view?usp=sharing,1,46,FALSE,
69840,Steve feat Paul,https://xemtrai.top/steve-feat-paul/,https://upload.xemtrai.top/2024/12/Steve-720x380.jpg,Asia video; Gay video,https://drive.google.com/file/d/1ijS_M0wyb7s5U-CCeKNTbMVvyeHEENgb/view?usp=sharing,1,46,FALSE,
69788,Gaydar-GD-007,https://xemtrai.top/gaydar-gd-007/,https://upload.xemtrai.top/2024/11/GcaFhqmbQAAkMG7-720x380.jpg,Asia video; Gay video,https://drive.google.com/file/d/1h74uLlKzJ1z3TXsbbEFPypWYixbdxiTh/view?usp=sharing,1,46,FALSE,
69785,Kenvin Tiến Quân x Saeroi,https://xemtrai.top/kenvin-tien-quan-x-saeroi/,https://upload.xemtrai.top/2024/11/TienQuanxSaeroi.mp4_20241128_200257.314-720x380.jpg,Gay video; Vietnam video,https://drive.google.com/file/d/11nAXlPQIv8P_4UJZ7B0FZucC6V9ZtVol/view?usp=sharing,1,46,FALSE,
69786,Saiki x Maiok,https://xemtrai.top/saiki-x-maiok/,https://upload.xemtrai.top/2024/11/saiki-x-Maiok-720x380.jpg,Asia video; Gay video,https://drive.google.com/file/d/1bIJixdvgBr77J1BdZ_HyF0anQHf0bCKi/view?usp=sharing,1,46,FALSE,
69787,Yukiyukihsu,https://xemtrai.top/yukiyukihsu/,https://upload.xemtrai.top/2024/11/photo_2024-11-28_19-03-24a-698x380.jpg,Asia video; Gay video,https://drive.google.com/file/d/16InyEvTOd8iprvRqRPvLO7x8MpF_7oKu/view?usp=sharing,1,46,FALSE,
69759,Cumcontrolfun,https://xemtrai.top/cumcontrolfun/,https://upload.xemtrai.top/2024/11/Cumcontrolfun.mp4_20241127_201253.246-720x380.jpg,Asia video; Gay video,https://drive.google.com/file/d/1Megai5Tt45WibfixxRgteAuRy-RTjjZi/view?usp=sharing,1,46,FALSE,
69758,Noaclip,https://xemtrai.top/noaclip/,https://upload.xemtrai.top/2024/11/MRbirWK6-page-720x380.jpg,Asia video; Gay video,https://drive.google.com/file/d/1kOd23tHFSXRMw1pm1YNeuc8ce0Zh2973/view?usp=sharing,1,46,FALSE,
69757,Newjeans030,https://xemtrai.top/newjeans030/,https://upload.xemtrai.top/2024/11/new-720x380.jpg,Asia video; Gay video,https://drive.google.com/file/d/1ecGd7Y2kcTlIvsHmplAzWaNwaYAMc2Tr/view?usp=sharing,1,46,FALSE,
69695,lcs0603s – Hum x Leonardo x Gabbies,https://xemtrai.top/lcs0603s-hum-x-leonardo-x-gabbies/,https://upload.xemtrai.top/2024/11/MsU5G9m4-lcs0603s.mp4_20241125_203703.261-720x380.jpg,Asia video; Gay video,https://drive.google.com/file/d/1DOlW20oCSKeTYEjohFypEuKXFHnMO9M4/view?usp=sharing,1,46,FALSE,
69694,Justfor-Lang 2,https://xemtrai.top/justfor-lang-2-2/,https://upload.xemtrai.top/2024/11/Justfor-Lang-2.mp4_20241125_203337.858-720x380.jpg,Asia video; Gay video,https://drive.google.com/file/d/1ABwJ8xsNUiZ_55sOXUa7MOZJX6OU9MnL/view?usp=sharing,1,47,FALSE,
69693,Justfor-Lang 1,https://xemtrai.top/justfor-lang-1/,https://upload.xemtrai.top/2024/11/Justfor-Lang-1.mp4_20241125_203249.985-720x380.jpg,Asia video; Gay video,https://drive.google.com/file/d/1lc1kmp9vrP_gpdZbRUa5auNVNjlBtj2B/view?usp=sharing,1,47,FALSE,
69714,Binkycum x Em trai 2k4 x Top ku 20 cm – P3,https://xemtrai.top/binkycum-x-em-trai-2k4-x-top-ku-20-cm-p3/,https://upload.xemtrai.top/2024/11/Cky7kvb0-binky-720x380.jpg,Gay video; Vietnam video,https://drive.google.com/file/d/1DhPXK19faGTKPj26kgz-yMy2UznLmqxz/view?usp=sharing,1,47,FALSE,
69651,Lê Ngọc Minh x Wang,https://xemtrai.top/le-ngoc-minh-x-wang/,https://upload.xemtrai.top/2024/11/Le-Ngoc-Minh-x-Wang.mp4_20241124_170436.406-720x380.jpg,Gay video; Vietnam video,https://drive.google.com/file/d/12frb8TL9DACsGG9VIrq9-drD6tEI4HSP/view?usp=sharing,1,47,FALSE,
69650,Binkycum x Em trai 2k4 x Top ku 20 cm – P2,https://xemtrai.top/binkycum-x-em-trai-2k4-x-top-ku-20-cm-p2/,https://upload.xemtrai.top/2024/11/Binky-720x380.jpg,Gay video; Vietnam video,https://drive.google.com/file/d/19B7kM9adL0lOKm5xh0NE7GUeT1-IW36e/view?usp=sharing,1,47,FALSE,
69615,Araw x Swang,https://xemtrai.top/araw-x-swang/,https://upload.xemtrai.top/2024/11/Araw-Swang.MP4_20241121_181538.574-720x380.jpg,Asia video; Gay video,https://drive.google.com/file/d/1JzhpjuuXEasTUKsw7LtZjDo0HQunMKo0/view?usp=sharing,1,47,FALSE,
69612,Binkycum – Trai gym 1999 – P3,https://xemtrai.top/binky-cum-trai-gym-1999-p3/,https://upload.xemtrai.top/2024/11/86njwvcZ-binky-720x380.jpg,Gay video; Vietnam video,https://drive.google.com/file/d/1OXgXShSxRk_5jstCOMoukHMNK0wY5Iyw/view?usp=sharing,1,47,FALSE,
69614,Three bottoms Group Series Logan Nguyen,https://xemtrai.top/three-bottoms-group-series-logan-nguyen/,https://upload.xemtrai.top/2024/11/66TffC2c-Xingfufu-720x380.jpg,Gay video; Vietnam video,https://drive.google.com/file/d/1Gk6Pjcnjt0mv4GXQxq4KQF1pMl_HDoXi/view?usp=sharing,1,47,FALSE,
69590,Xingfufu x Sky999 – Chill With Me Massage Serrie Full,https://xemtrai.top/xingfufu-x-sky999-chill-with-me-massage-serrie-full/,https://upload.xemtrai.top/2024/11/Chill-With-Me-Massage-Serrie-Full.mp4_20241119_184448.983-720x380.jpg,Gay video; Vietnam video,https://drive.google.com/file/d/1kNAxIQgc1JfCxDxT7EW8-6Vdf0BCB-X2/view?usp=sharing,1,47,FALSE,
69589,Binkycum x Em trai 2k4 x Top ku 20 cm – P1,https://xemtrai.top/binkycum-x-em-trai-2k4-x-top-ku-20-cm-p1/,https://upload.xemtrai.top/2024/11/binky-720x380.jpg,Gay video; Vietnam video,https://drive.google.com/file/d/1kLMXG14mA5MK_qW1YB6jMC1_oEP_ysHR/view?usp=sharing,1,47,FALSE,
69552,Bevis with Toy,https://xemtrai.top/bevis-with-toy/,https://upload.xemtrai.top/2024/11/Bevis-720x380.jpg,Gay video; Vietnam video,https://drive.google.com/file/d/10f1xh8nuP8-iTIL3rhweWtyN4_XEZnop/view?usp=sharing,1,47,FALSE,
69554,Seachan x Straight guy to fuck a gay guy for the first time,https://xemtrai.top/seachan-x-s%f0%9d%98%81%f0%9d%97%bf%f0%9d%97%ae%f0%9d%97%b6%f0%9d%97%b4%f0%9d%97%b5%f0%9d%98%81-%f0%9d%97%b4%f0%9d%98%82%f0%9d%98%86-%f0%9d%98%81%f0%9d%97%bc-%f0%9d%97%b3%f0%9d%98%82%f0%9d%97%b0/,https://upload.xemtrai.top/2024/11/gNwN8GqP-Seachan-720x380.jpg,Gay video; Vietnam video,https://drive.google.com/file/d/17eOyJPvnC2YbCS6zsbTt5trgkWgvLhig/view?usp=sharing,1,47,FALSE,
69553,Musclewolf188 – EP10,https://xemtrai.top/musclewolf188-ep10/,https://upload.xemtrai.top/2024/11/musclewolf188-EP10.mp4_20241117_182013.393-720x380.jpg,Asia video; Gay video,https://drive.google.com/file/d/1gwncx6cnNdhY43v1HYUpAevBpWf0geK1/view?usp=sharing,1,47,FALSE,
69526,Xingfufu – Bevis Trần Đức Vương solo,https://xemtrai.top/xingfufu-bevis-tran-duc-vuong-solo/,https://upload.xemtrai.top/2024/11/Bevis-solo.mp4_20241115_201341.378-720x380.jpg,Solo; Vietnam video,https://drive.google.com/file/d/10ZbHtdnvu9y4Q_CstgsMf7-F_JBM-lGS/view?usp=sharing,1,47,FALSE,
69525,Baron Anh Huy x Hei,https://xemtrai.top/baron-anh-huy-x-hei/,https://upload.xemtrai.top/2024/11/Baronvn95-x-Hei.mp4_20241115_201810.093-720x380.jpg,Gay video; Vietnam video,https://drive.google.com/file/d/1-OkhQv5BdMzLQmNF0OlAGRAyLq4zBZCX/view?usp=sharing,1,47,FALSE,
69511,Xingfufu – The Next Bottom – Pinky x Logan,https://xemtrai.top/xingfufu-the-next-bottom-pinky-x-logan/,https://upload.xemtrai.top/2024/11/The-Next-Bottom-Pinky-x-Logan.mp4_20241114_190520.405-720x380.jpg,Gay video; Vietnam video,https://drive.google.com/file/d/1hJeKES6h5Rl6A-tc9bhXiHn4d5gVzemK/view?usp=sharing,1,47,FALSE,
69486,Baron Anh Huy x Winson Champa (Winson95),https://xemtrai.top/baron-anh-huy-x-winson-champa-winson95/,https://upload.xemtrai.top/2024/11/LeebaronWinson.mp4_20241113_192744.215-720x380.jpg,Gay video; Vietnam video,https://drive.google.com/file/d/1eQQBGPg5YmSJJUhzpZdYvZBtJy19l2Wa/view?usp=sharing,1,47,FALSE,
69487,RyujiSuzuki x Gonejall x Keresfordxxx,https://xemtrai.top/ryujisuzuki-x-gonejall-x-keresfordxxx/,https://upload.xemtrai.top/2024/11/RyujiSuzuki-Gonejall-Keresfordxxx.mp4_20241113_192911.833-720x380.jpg,Asia video; Gay video,https://drive.google.com/file/d/1MAN6xSUBt-L5OW7a4eyrv6eHZL_G-kdB/view?usp=sharing,1,47,FALSE,
69459,Lê Ngọc Minh x Handsome Horny Bottom,https://xemtrai.top/le-ngoc-minh-x-handsome-horny-bottom/,https://upload.xemtrai.top/2024/11/LeNgocMinh-x-Handsome-Horny-Bottom.mp4_20241112_200317.231-720x380.jpg,Gay video; Vietnam video,https://drive.google.com/file/d/1gDHoFMiVgcegMftxvMDOIvUpN8JXRY4e/view?usp=sharing,1,48,FALSE,
69458,Seachan x memyself_studio,https://xemtrai.top/seachan-x-memyself_studio/,https://upload.xemtrai.top/2024/11/qhaMAePr-Seachan-720x380.jpg,Gay video; Vietnam video,https://drive.google.com/file/d/185_D4V4-Ao4xMJPLolzJw1WM2blbpN7Q/view?usp=sharing,1,48,FALSE,
69443,Baker – LongTongueBoyVN – cậu bé lưỡi dài solo cum,https://xemtrai.top/baker-longtongueboyvn-solo-cum/,https://upload.xemtrai.top/2024/11/Baker-A-journey.mp4_20241111_185751.754-720x380.jpg,Solo; Vietnam video,https://drive.google.com/file/d/1mKymP2uTlYtf6FA1rgCa4tS0uJgpsrFH/view?usp=sharing,1,48,FALSE,
69445,Halloween – ydglx x muscle_hots,https://xemtrai.top/halloween-ydglx-x-muscle_hots/,https://upload.xemtrai.top/2024/11/photo_2024-11-07_22-16-46-720x380.jpg,Asia video; Gay video,https://drive.google.com/file/d/18bt11OzJI4RkSzYbC1AQObkImzrJzDcZ/view?usp=sharing,1,48,FALSE,
69411,David_lychan x Tony Hùng,https://xemtrai.top/david_lychan-x-tony-hung/,https://upload.xemtrai.top/2024/11/David-720x380.jpg,Gay video; Vietnam video,https://drive.google.com/file/d/19LYWH9WXcKqoc7eHoqXXYDmqwOhr1nB5/view?usp=sharing,1,48,FALSE,
69410,Seachan x big boy slim,https://xemtrai.top/seachan-x-big-boy-slim/,https://upload.xemtrai.top/2024/11/yZNr4GUr-Seachan-720x380.jpg,Gay video; Vietnam video,https://drive.google.com/file/d/1yrGXbhty--ZYvL2c6oQyav4Grg1oKXqc/view?usp=sharing,1,48,FALSE,
69387,Winson Champa (Winson95) × Jepoy Balote Drunk Moreno,https://xemtrai.top/winson-champa-winson95-x-jepoy-balote-drunk-moreno/,https://upload.xemtrai.top/2024/11/Winson-720x380.jpg,Gay video; Vietnam video,https://drive.google.com/file/d/1vPmhsmnOkUWDdQc8hDXl0AZqhhCCLIFL/view?usp=sharing,1,48,FALSE,
69388,Lê Ngọc Minh x Shiper cakes,https://xemtrai.top/le-ngoc-minh-x-shiper-cakes/,https://upload.xemtrai.top/2024/11/LeNgocMinh-x-Shiper-cakes.mp4_20241107_200034.096-720x380.jpg,Gay video; Vietnam video,https://drive.google.com/file/d/1Ks5QE_b5i48dCxKXWJQrB1eOR-VdhBL2/view?usp=sharing,1,48,FALSE,
69389,Seachan x Hot straight guy big cock Handsome tattoo,https://xemtrai.top/seachan-x-hot-straight-guy-big-cock-handsome-tattoo/,https://upload.xemtrai.top/2024/11/8VMYBNwu-Seachan-720x380.jpg,Straight guys; Vietnam video,https://drive.google.com/file/d/1yBobsTVAiBc8X6OkzeR-TasF0ccecXZl/view?usp=sharing,1,48,FALSE,
69346,Xingfufu Bevis.asian Trần Đức Vương x Pinky,https://xemtrai.top/xingfufu-bevis-asian-tran-duc-vuong-x-pinky/,https://upload.xemtrai.top/2024/11/9847628_1730232288-720x380.jpg,Gay video; Vietnam video,https://drive.google.com/file/d/1oEfiOJtDZwuG-t7Bxz74kKMSys__l2Kp/view?usp=sharing,1,48,FALSE,
69345,Prostate Expert Ken,https://xemtrai.top/prostate-expert-ken/,https://upload.xemtrai.top/2024/11/17349060_1671301810-720x380.jpg,Asia video; Gay video,https://drive.google.com/file/d/1KNMWCRijS_Jsu3QnSpbK1gZIo9sxrAsO/view?usp=sharing,1,48,FALSE,
69348,A BD Production,https://xemtrai.top/a-bd-production/,https://upload.xemtrai.top/2024/11/37824236_1726298229-720x380.jpg,Asia video; Gay video,https://drive.google.com/file/d/1V04-9OLdNmb_Z5ftJsU3cs2m065LjCA8/view?usp=sharing,1,48,FALSE,
69327,Seachan x Hot straight,https://xemtrai.top/seachan-x-hot-straight/,https://upload.xemtrai.top/2024/11/JZYLiDms-Seachan-720x380.jpg,Straight guys; Vietnam video,https://drive.google.com/file/d/1amBn0phBFbkvJz-oGEPUzmyJ3NppJOUe/view?usp=sharing,1,48,FALSE,
69326,Trọng Rio x Em bot fan,https://xemtrai.top/trong-rio-x-em-bot-fan/,https://upload.xemtrai.top/2024/11/bkVC9t9C-TrongRio-720x380.jpg,Gay video; Vietnam video,https://drive.google.com/file/d/1WHNHS9TG3HXumbawOHkp0yPKavo7pxqR/view?usp=sharing,1,48,FALSE,
69304,Cutotop1991 x bot handsome,https://xemtrai.top/cutotop1991-x-bot-handsome-2/,https://upload.xemtrai.top/2024/11/Cutotop-1991-720x380.jpg,Gay video; Vietnam video,https://drive.google.com/file/d/1eyopljUF61rb2_65ZZ9YhtLVi91X0xl4/view?usp=sharing,1,48,FALSE,
69260,Trọng Rio x Phúc Bồn Tử – Chuyến công tác xa đầy sung sướng,https://xemtrai.top/trong-rio-x-phuc-bon-tu-chuyen-cong-tac-xa-day-sung-suong/,https://upload.xemtrai.top/2024/11/TrongRio-720x380.jpg,Gay video; Vietnam video,https://drive.google.com/file/d/14yng8CwYOtJImfgB3UjBUdy1fWfnuA41/view?usp=sharing,1,48,FALSE,
69259,Seachan x Danny fuck straight guy,https://xemtrai.top/seachan-x-danny-fuck-straight-guy/,https://upload.xemtrai.top/2024/11/SeachanX-720x380.jpg,Gay video; Vietnam video,https://drive.google.com/file/d/1SmhSp7yTu5nz2qnTjha8D9dB5hB647gN/view?usp=sharing,1,48,FALSE,
69261,HailiJiang x Chiluo888,https://xemtrai.top/hailijiang-x-chiluo888/,https://upload.xemtrai.top/2024/11/HailiJiang.mp4_20241101_180859.431-720x380.jpg,Asia video; Gay video,https://drive.google.com/file/d/1QoQHQwwnQRLiQ1sIZqxgkKYzbOvAVFYY/view?usp=sharing,1,48,FALSE,
69243,David_lychan x SeanDogyy,https://xemtrai.top/david_lychan-x-seandogyy/,https://upload.xemtrai.top/2024/10/WUqvg59z-David-720x380.jpg,Gay video; Vietnam video,https://drive.google.com/file/d/17wEtxy2NNwPu5VcAgPmAqCeq4rvTOoLJ/view?usp=sharing,1,49,FALSE,
69241,Seachan x Tattoo boy 1997 – P2,https://xemtrai.top/seachan-x-tattoo-boy-1997-p2/,https://upload.xemtrai.top/2024/10/Seachan-1-720x380.jpg,Gay video; Vietnam video,https://drive.google.com/file/d/1_OJ6iAYbgVtbswjHacM1SS_hw3V2LRtx/view?usp=sharing,1,49,FALSE,
69194,Xingfufu – Bevis.Asian Trần Đức Vương -Horny Hole,https://xemtrai.top/xingfufu-bevis-asian-tran-duc-vuong-horny-hole/,https://upload.xemtrai.top/2024/10/77977505_1729868325-720x380.jpg,Gay video; Vietnam video,https://drive.google.com/file/d/17jPvtgd-xWNOa7sDyC-u0waE6fzR6Sjh/view?usp=sharing,1,49,FALSE,
69193,SeanDogyy 2,https://xemtrai.top/seandogyy-2/,https://upload.xemtrai.top/2024/10/59180339_1724697109-720x380.jpg,Asia video; Gay video,https://drive.google.com/file/d/19YQ4yguy4fcgXhTUN6h_NKwQJm9XnAwl/view?usp=sharing,1,49,FALSE,
69192,SeanDogyy 1,https://xemtrai.top/seandogyy-1/,https://upload.xemtrai.top/2024/10/97994022_1724697079-720x380.jpg,Asia video; Gay video,https://drive.google.com/file/d/10NOjvg79-naYjNOx4A7EncUNUibw4dc3/view?usp=sharing,1,49,FALSE,
69173,David_lychan x TusGunn – Hợp đồng triệu đô,https://xemtrai.top/david_lychan-x-tusgunn-hop-dong-trieu-do/,https://upload.xemtrai.top/2024/10/aUBxIccX-David-720x380.jpg,Gay video; Vietnam video,https://drive.google.com/file/d/19af7wF0NRNLQbmqbshCCMAy4feyRA8PV/view?usp=sharing,1,49,FALSE,
69136,[GAYDAR]BL-002 初戀,https://xemtrai.top/gaydarbl-002-%e5%88%9d%e6%88%80/,https://upload.xemtrai.top/2024/10/73917275_1729954490-720x380.png,Asia video; Gay video,https://drive.google.com/file/d/1LEFYOhq0QrPlwdVW6XEg44luzsjTvrN5/view?usp=sharing,1,49,FALSE,
69097,Lê Ngọc Minh thỏa hiệp hiếp dâm trai đá bóng,https://xemtrai.top/le-ngoc-minh-thoa-hiep-hiep-dam-trai-da-bong/,https://upload.xemtrai.top/2024/10/8x6ZYpwV-LeNgocMinh-720x380.jpg,Gay video; Vietnam video,https://drive.google.com/file/d/1laKRFJDNtCMZWZ6lThRbcm2esUmabYmv/view?usp=sharing,1,49,FALSE,
69096,Tony Hùng x Xmensharry,https://xemtrai.top/tony-hung-x-xmensharry/,https://upload.xemtrai.top/2024/10/9051083_1729950224-720x380.jpg,Gay video; Vietnam video,https://drive.google.com/file/d/1StIOkgQflJ9Co7dvyiHFnXV3r4xSJ8dN/view?usp=drive_link,1,49,FALSE,
69098,[GAYDAR]大修後庭 / 水電工到府維修騷逼,https://xemtrai.top/gaydar%e5%a4%a7%e4%bf%ae%e5%be%8c%e5%ba%ad-%e6%b0%b4%e9%9b%bb%e5%b7%a5%e5%88%b0%e5%ba%9c%e7%b6%ad%e4%bf%ae%e9%a8%b7%e9%80%bc/,https://upload.xemtrai.top/2024/10/46072116_1729871465-720x380.png,Asia video; Gay video,https://drive.google.com/file/d/1RsGiPm3-KmYCY7lpsNgSpy3gA-phUXiM/view?usp=sharing,1,49,FALSE,
69059,Lê Ngọc Minh x 2 khách mua popper,https://xemtrai.top/le-ngoc-minh-x-2-khach-mua-popper/,https://upload.xemtrai.top/2024/10/ZCWgpElR-LeNgocMinh-720x380.jpg,Gay video; Vietnam video,https://drive.google.com/file/d/1ZeIr2RP6fPLv80HmCbvxtHu_TYzyqjhI/view?usp=sharing,1,49,FALSE,
69060,Seachan x Danny fuck slim boy,https://xemtrai.top/seachan-x-danny-fuck-slim-boy/,https://upload.xemtrai.top/2024/10/S347pEmH-Seachan-720x380.jpg,Gay video; Vietnam video,https://drive.google.com/file/d/1TCzTHOarzKgaqAfbe9KTXN5wFT-geJ61/view?usp=sharing,1,49,FALSE,
69058,Binkycum x Rain vs Namm P2,https://xemtrai.top/binkycum-x-rain-vs-namm-p2/,https://upload.xemtrai.top/2024/10/BInky-720x380.jpg,Gay video; Vietnam video,https://drive.google.com/file/d/1PlVH8s0NZyxq-UBlRj0oUXBZZz06skYI/view?usp=sharing,1,49,FALSE,
69019,Baron Anh Huy x Lê Nam x Saeroi,https://xemtrai.top/baron-anh-huy-x-le-nam-x-saeroi/,https://upload.xemtrai.top/2024/10/LeebaronxSaeroi.mp4_20241023_185718.695-720x380.jpg,Gay video; Vietnam video,https://drive.google.com/file/d/1cn-qILAPolSc-0EnqczjMT1WqekhnIuW/view?usp=sharing,1,49,FALSE,
69017,Seachan x Straight big cock,https://xemtrai.top/seachan-x-straight-big-cock-2/,https://upload.xemtrai.top/2024/10/k3sephEN-Seachan-720x380.jpg,Gay video; Vietnam video,https://drive.google.com/file/d/1i1xA8DHiGZ3I5k62mpSd83B0qvhxtU0I/view?usp=sharing,1,49,FALSE,
69018,Binkycum x Rain vs Namm P1,https://xemtrai.top/binkycum-x-rain-vs-namm-p1/,https://upload.xemtrai.top/2024/10/Binkycum-x-Rain-vs-namm.mp4_20241023_185629.895-720x380.jpg,Gay video; Vietnam video,https://drive.google.com/file/d/1KVGaV-mFcH25CfCBCkxJIteLrWppN0Hc/view?usp=sharing,1,49,FALSE,
69020,Gaydar – You are the apple of my eye,https://xemtrai.top/gaydar-you-are-the-apple-of-my-eye/,https://upload.xemtrai.top/2024/10/88588652_1729606264-720x380.png,Asia video; Gay video,https://drive.google.com/file/d/1Bx7OPbUBIn4ZmFPInUY6oMeZGvNKiHh2/view?usp=sharing,1,49,FALSE,
68987,Seachan x Straight guy squirted 3 times,https://xemtrai.top/seachan-x-straight-guy-squirted-3-times/,https://upload.xemtrai.top/2024/10/RW6JOw1J-Seachan-720x380.jpg,Straight guys; Vietnam video,https://drive.google.com/file/d/1gmOsqCIlZtnohTcT3nWEQOEphoYkn4Vj/view?usp=sharing,1,49,FALSE,
68988,[OF]Blackpaw,https://xemtrai.top/ofblackpaw/,https://upload.xemtrai.top/2024/10/ba-720x380.jpg,Asia video; Gay video,https://drive.google.com/file/d/1_uEhKtAcE1KvqUlUE43jBT0AkufbdWXG/view?usp=sharing,1,50,FALSE,
68963,David_lychan x Trọng Rio x Phúc Bồn Tử,https://xemtrai.top/david_lychan-x-trong-rio-x-phuc-bon-tu/,https://upload.xemtrai.top/2024/10/Davidd-720x380.jpg,Gay video; Vietnam video,https://drive.google.com/file/d/1xQMlghsmDGQZ_aqbuqc8AqOYgWEWiCJC/view?usp=sharing,1,50,FALSE,
68962,Baker – LongTongueBoyVN x Lady boy (caubeluoidai),https://xemtrai.top/baker-longtongueboyvn-x-lady-boy-caubeluoidai-2/,https://upload.xemtrai.top/2024/10/baker-x-720x380.jpg,Transgender; Vietnam video,https://drive.google.com/file/d/1kJokBnszSEZBu5nRYfTqs3Csr4dH1uAt/view?usp=sharing,1,50,FALSE,
68964,[GAYDAR]雄汁注入！ 肉壯粗根淫幹騷奶狗,https://xemtrai.top/gaydar%e9%9b%84%e6%b1%81%e6%b3%a8%e5%85%a5%ef%bc%81-%e8%82%89%e5%a3%af%e7%b2%97%e6%a0%b9%e6%b7%ab%e5%b9%b9%e9%a8%b7%e5%a5%b6%e7%8b%97/,https://upload.xemtrai.top/2024/10/77820956_1729339810A-720x380.png,Asia video; Gay video,https://drive.google.com/file/d/1VIVqx-8iOm2Jk9fzPT21f2m-O-oQ7kbb/view?usp=sharing,1,50,FALSE,
68937,David_lychan x em nữ sinh may mắn,https://xemtrai.top/david_lychan-x-em-nu-sinh-may-man/,https://upload.xemtrai.top/2024/10/So3870TP-David-720x380.jpg,Girl video; Vietnam video,https://drive.google.com/file/d/1GN208YFHYn3W6H-BEKPwPpRUnGYZXyml/view?usp=sharing,1,50,FALSE,
68935,Kenvin Tiến Quân x Asiantwinko,https://xemtrai.top/kenvin-tien-quan-x-asiantwinko/,https://upload.xemtrai.top/2024/10/TienQuan-x-asiantwinko.mp4_20241020_185617.777-720x380.jpg,Gay video; Vietnam video,https://drive.google.com/file/d/1GCXb5bCU3SeyXMsLEXJXlSOk2YOLhK03/view?usp=sharing,1,50,FALSE,
68936,Seachan x Danny fuck slim tattoo,https://xemtrai.top/seachan-x-danny-fuck-slim-tattoo/,https://upload.xemtrai.top/2024/10/Seachan-x-danny-720x380.jpg,Gay video; Vietnam video,https://drive.google.com/file/d/1G0wmb_cBqAOH43pNWwJkXX_D-F11SmoE/view?usp=sharing,1,50,FALSE,
68864,Trọng Rio bị cướp hiếp,https://xemtrai.top/trong-rio-bi-cuop-hiep/,https://upload.xemtrai.top/2024/10/eqlFB0ru-TrongRio-720x380.jpg,Gay video; Vietnam video,https://drive.google.com/file/d/1VsVcF4hb-4rz5haapb2F3h3MUskUISp1/view?usp=sharing,1,50,FALSE,
68863,Seachan x Straight tattoo,https://xemtrai.top/seachan-x-straight-tattoo/,https://upload.xemtrai.top/2024/10/qDyAGocu-Seachan-720x380.jpg,Gay video; Vietnam video,https://drive.google.com/file/d/11XuDDIti0OCTzSJjO_EkcdwTxW8Ex52W/view?usp=sharing,1,50,FALSE,
68838,Xingfufu- Bevis.asian Trần Đức Vương x Paul x Benz,https://xemtrai.top/xingfufu-bevis-asian-tran-duc-vuong-x-paul-x-benz/,https://upload.xemtrai.top/2024/10/70212856_1729149432-720x380.jpg,Gay video; Vietnam video,https://drive.google.com/file/d/17xbjh6tqxfBha_KDPolTYSdP31Xfc-7q/view?usp=sharing,1,50,FALSE,
68839,GAYDAR 愛的殖性官 督導帶操 管教小賤狗,https://xemtrai.top/gaydar-%e6%84%9b%e7%9a%84%e6%ae%96%e6%80%a7%e5%ae%98-%e7%9d%a3%e5%b0%8e%e5%b8%b6%e6%93%8d-%e7%ae%a1%e6%95%99%e5%b0%8f%e8%b3%a4%e7%8b%97/,https://upload.xemtrai.top/2024/10/38889030_1729028622-720x380.png,Asia video; Gay video,https://drive.google.com/file/d/1p7iwRx-EW7qAmTGuuJdb2M0zfBhUdeRy/view?usp=sharing,1,50,FALSE,
68791,Seachan x Tattoo boy 1997,https://xemtrai.top/seachan-x-tattoo-boy-1997/,https://upload.xemtrai.top/2024/10/m8qW0EtU-Seachan-720x380.jpg,Gay video; Vietnam video,https://drive.google.com/file/d/1jByPTfNmSiR7a-riynlRBD7W4icf1Iu2/view?usp=sharing,1,50,FALSE,
68792,Lê Ngọc Minh x Bot dâm và cameraman,https://xemtrai.top/le-ngoc-minh-x-bot-dam-va-cameraman/,https://upload.xemtrai.top/2024/10/le-Ngoc-Minh-720x380.jpg,Gay video; Vietnam video,https://drive.google.com/file/d/1MEnZvM1hbXBIAzBT15hNLhucDvIOvMMF/view?usp=sharing,1,50,FALSE,
68793,Binkycum x Em trai 2k5,https://xemtrai.top/binky-cum-x-trai-sinh-vien/,https://upload.xemtrai.top/2024/10/Binky-720x380.jpg,Gay video; Vietnam video,https://drive.google.com/file/d/1HaoXM7m-WlA6CkaFQGJaZuCU2vSqVb2r/view?usp=sharing,1,50,FALSE,
68794,Boner Sex Addict x Yukiyukihsu Yowei,https://xemtrai.top/boner-sex-addict-x-yukiyukihsu-yowei/,https://upload.xemtrai.top/2024/10/84121870_1729028450-720x380.jpg,Asia video; Gay video,https://drive.google.com/file/d/1bKzGxVoWNmNOAQbHOu2ioyotzhrVPrb-/view?usp=sharing,1,50,FALSE,
68761,David_lychan x TusGunn,https://xemtrai.top/david_lychan-x-tusgunn/,https://upload.xemtrai.top/2024/10/David-720x380.jpg,Gay video; Vietnam video,https://drive.google.com/file/d/1mPs0easyT36xXe6zcWoj8V0-OWXF4GFI/view?usp=sharing,1,50,FALSE,
68759,Kabutitee x DatKin_05,https://xemtrai.top/kabutitee-x-datkin_05/,https://upload.xemtrai.top/2024/10/Datkin-720x380.jpg,Gay video; Vietnam video,https://drive.google.com/file/d/1BhUreV9F4aSpJYOt-xGd97LqD953U7wJ/view?usp=sharing,1,50,FALSE,
68725,SA9988765 – P39,https://xemtrai.top/sa9988765-p39/,https://upload.xemtrai.top/2024/10/Saeroi_video_39.mp4_20241014_205721.531-720x380.jpg,Asia video; Gay video,https://drive.google.com/file/d/1JSuIaviY8Jmgmx-vrO4-hPKmFMcOhiFm/view?usp=sharing; https://drive.google.com/file/d/1Tr_ZMvLVUWaRKhZZtaH-WOg4UC5zYyWW/view?usp=sharing,2,50,FALSE,
68726,Seachan x Hot movie with supper bottom,https://xemtrai.top/seachan-x-hot-movie-with-supper-bottom/,https://upload.xemtrai.top/2024/10/SEACHAN-720x380.jpg,Gay video; Vietnam video,https://drive.google.com/file/d/11aHuF85CBOFRTtjzdsz4Y7d1rhwSoUMD/view?usp=sharing,1,51,FALSE,
68706,SA9988765 x Pinky Quoc Nguyen – BigDickFuckBigAss – P38,https://xemtrai.top/sa9988765-x-pinky-quoc-nguyen-bigdickfuckbigass-p38/,https://upload.xemtrai.top/2024/10/98584569_1728735297-720x380.jpg,Gay video; Vietnam video,https://drive.google.com/file/d/1vzD1ljXME7btbsiMVn4bSaWLm4TRZtZG/view?usp=sharing,1,51,FALSE,
68707,SA9988765 x GNLSaeroiSaul – P37,https://xemtrai.top/sa9988765-x-gnlsaeroisaul-p37/,https://upload.xemtrai.top/2024/10/63904205_1728584443-720x380.jpg,Asia video; Gay video,https://drive.google.com/file/d/1IVOsapagrB2R8Wzk6dVZyPAUlzr5Bkmo/view?usp=sharing,1,51,FALSE,
68675,David_lychan x Kabutitee,https://xemtrai.top/david_lychan-x-kabutitee/,https://upload.xemtrai.top/2024/10/David_lychan-x-Kabutitee.mp4_20241012_191908.489-720x380.jpg,Gay video; Vietnam video,https://drive.google.com/file/d/1hsPwm-bFlukIceqA2JW79wsLJx1lDiRU/view?usp=sharing,1,51,FALSE,
68676,Seachan x Big boy Thailand,https://xemtrai.top/seachan-x-big-boy-thailand/,https://upload.xemtrai.top/2024/10/sea-720x380.jpg,Gay video; Vietnam video,https://drive.google.com/file/d/1zFoBt6hbewwmYWBdL8yYYtDlaJK838tR/view?usp=sharing,1,51,FALSE,
68662,Lê Ngọc Minh 3some với khách,https://xemtrai.top/le-ngoc-minh-3some-voi-khach/,https://upload.xemtrai.top/2024/10/LE-NGocminh-720x380.jpg,Gay video; Vietnam video,https://drive.google.com/file/d/1514D7wITogkAP6h7Th-oJVEnLt8arewf/view?usp=sharing,1,51,FALSE,
68661,Kenvin Tiến Quân x Hiroya,https://xemtrai.top/kenvin-tien-quan-x-hiroya/,https://upload.xemtrai.top/2024/10/KenvinTienQuan-x-hiroya.mp4_20241011_204928.019-720x380.jpg,Gay video; Vietnam video,https://drive.google.com/file/d/1GIDWm5kZ7BpJ2zCAAJ8577xq5FPqrAS-/view?usp=sharing,1,51,FALSE,
68631,Baker – LongTongueBoyVN x Lady boy (caubeluoidai),https://xemtrai.top/baker-longtongueboyvn-x-lady-boy-caubeluoidai/,https://upload.xemtrai.top/2024/10/caubeluoidai-720x380.jpg,Transgender; Vietnam video,https://drive.google.com/file/d/1NGJv1QEzNUMmfawPbcBsVoVQLhdKgGgb/view?usp=sharing,1,51,FALSE,
68633,Seachan x Slim boy top Thailand,https://xemtrai.top/seachan-x-slim-boy-top-thailand/,https://upload.xemtrai.top/2024/10/jRX35aj1-Seachan-720x380.jpg,Gay video; Vietnam video,https://drive.google.com/file/d/1E72U7qD60KR5Ng-oK13l26kRy-1LVvly/view?usp=sharing,1,51,FALSE,
68572,Kenvin Tiến Quân 3some x men2024 x teddy6859,https://xemtrai.top/kenvin-tien-quan-x-3some-x-men2024-x-teddy6859/,https://upload.xemtrai.top/2024/10/TienQuan-3some-x-men2024-x-teddy6859.mp4_20241009_190318.001-720x380.jpg,Gay video; Vietnam video,https://drive.google.com/file/d/1DBvjJ4gamTxE0C2WREF47f8U67Df9Ne6/view?usp=sharing,1,51,FALSE,
68573,Baker – LongTongueBoyVN chịch gái (caubeluoidai),https://xemtrai.top/baker-longtongueboyvn-chich-gai-caubeluoidai/,https://upload.xemtrai.top/2024/10/caubeluoidai-chich-gai.mp4_20241009_190300.524-720x380.jpg,Girl video; Vietnam video,https://drive.google.com/file/d/1ThPUIqSIFJDGRbI3G-hdURespNncjv8_/view?usp=sharing,1,51,FALSE,
68575,[FANSONE]創液總監💦Superb Shot 總監的西裝淫行5P極樂派對,https://xemtrai.top/fansone%e5%89%b5%e6%b6%b2%e7%b8%bd%e7%9b%a3%f0%9f%92%a6superb-shot-%e7%b8%bd%e7%9b%a3%e7%9a%84%e8%a5%bf%e8%a3%9d%e6%b7%ab%e8%a1%8c5p%e6%a5%b5%e6%a8%82%e6%b4%be%e5%b0%8d/,https://upload.xemtrai.top/2024/10/46483101_1728421101-720x380.jpg,Asia video; Gay video,https://drive.google.com/file/d/1bdlZIi51FcVgHrpZJReKdaPHD5JqRzBA/view?usp=sharing,1,51,FALSE,
68574,[FANSONE]狼叔saiki 和泰国大鸟胸肌小哥互操内射,https://xemtrai.top/fansone%e7%8b%bc%e5%8f%94saiki-%e5%92%8c%e6%b3%b0%e5%9b%bd%e5%a4%a7%e9%b8%9f%e8%83%b8%e8%82%8c%e5%b0%8f%e5%93%a5%e4%ba%92%e6%93%8d%e5%86%85%e5%b0%84/,https://upload.xemtrai.top/2024/10/9428544_1728421283-720x380.jpg,Asia video; Gay video,https://drive.google.com/file/d/1CRGgrYY1bFDzw_A4IMzKzGUy47QgYHpt/view?usp=sharing,1,51,FALSE,
68537,Hunt Series EP.29 – The dining table – Mario Thái Cường,https://xemtrai.top/hunt-series-ep-29-the-dining-table-mario-thai-cuong/,https://upload.xemtrai.top/2024/10/HUnt-28-720x380.jpg,Gay video; Vietnam video,https://drive.google.com/file/d/1rKHYhizIlYoVylsp3zdEvZFXorempa4T/view?usp=sharing,1,51,FALSE,
68535,Seachan x bigcock boy,https://xemtrai.top/seachan-x-bigcock-boy-2/,https://upload.xemtrai.top/2024/10/Xzp5lipR-Seachan-720x380.jpg,Gay video; Vietnam video,https://drive.google.com/file/d/1inMVx1nhvfna9slBC7eFRyUyDS_bhjRp/view?usp=sharing,1,51,FALSE,
68536,Baker – LongTongueBoyVN (caubeluoidai),https://xemtrai.top/baker-longtongueboyvn-caubeluoidai-4/,https://upload.xemtrai.top/2024/10/baker-720x380.jpg,Girl video; Vietnam video,https://drive.google.com/file/d/1CAje0bATMe9xY66acd423_LB2iTAhttZ/view?usp=sharing,1,51,FALSE,
68518,Trọng Rio x David_lychan x Topgymer chịch 4some bot dâm,https://xemtrai.top/trong-rio-x-david_lychan-x-topgymer-chich-4some-bot-dam/,https://upload.xemtrai.top/2024/10/Gt0n6ebQ-TrongRio-720x380.jpg,Gay video; Vietnam video,https://drive.google.com/file/d/1F8e2PTcvhKCs-bjnXkufQigP-Tkdb5Cc/view?usp=sharing,1,51,FALSE,
68519,Seachan x hot body straight,https://xemtrai.top/seachan-x-hot-body-straight/,https://upload.xemtrai.top/2024/10/I6lIAgve-Seachan-720x380.jpg,Gay video; Vietnam video,https://drive.google.com/file/d/1g51symDhxRGx8EEI6bg8zV_qRsB9wELx/view?usp=sharing,1,51,FALSE,
68502,Lê Ngọc Minh x Handsome boy like souding,https://xemtrai.top/le-ngoc-minh-x-handsome-boy-like-souding/,https://upload.xemtrai.top/2024/10/LeNgocMinh-720x380.jpg,Gay video; Vietnam video,https://drive.google.com/file/d/1bjytvg5JqtlDCzQ1TD80Yl4tz4rD6mgq/view?usp=sharing,1,52,FALSE,
68464,David_lychan x Trọng Rio threesome,https://xemtrai.top/david_lychan-x-trong-rio-threesome/,https://upload.xemtrai.top/2024/10/TrongRio-720x380.jpg,Gay video; Vietnam video,https://drive.google.com/file/d/1YQ5rYMyHn709YkkyfHJtz22nUqu2aGz-/view?usp=sharing,1,52,FALSE,
68462,Baker – LongTongueBoyVN chịch Girl (caubeluoidai),https://xemtrai.top/baker-longtongueboyvn-chich-girl-caubeluoidai/,https://upload.xemtrai.top/2024/10/Caubeluoidai-sex-girl.mp4_20241004_200150.587-720x380.jpg,Girl video; Vietnam video,https://drive.google.com/file/d/1sHV4OJUfJJcMfNTly4bu8fcPuf2YfYbc/view?usp=sharing,1,52,FALSE,
68463,Xingfufu- Bevis.asian Trần Đức Vương- The Repairman,https://xemtrai.top/xingfufu-bevis-asian-tran-duc-vuong-the-repairman/,https://upload.xemtrai.top/2024/10/35294214_1727910099-720x380.jpg,Gay video; Vietnam video,https://drive.google.com/file/d/1amO5-rQtSlvUhtIHLjbo3slHinykVkgF/view?usp=sharing,1,52,FALSE,
68435,Seachan x Straight big,https://xemtrai.top/seachan-x-straight-big/,https://upload.xemtrai.top/2024/10/7wwxRJox-Seachan-720x380.jpg,Gay video; Vietnam video,https://drive.google.com/file/d/16ucvTbm9yyiyVIU8MXuHI_mbV-hEizF_/view?usp=sharing,1,52,FALSE,
68436,Kenvin Tiến Quân x Ali7625318 x Fitnoyzz,https://xemtrai.top/kenvin-tien-quan-x-ali7625318-x-fitnoyzz/,https://upload.xemtrai.top/2024/10/TienQuan-x-Ali7625318-x-Fitnoyzz.mp4_20241003_205928.059-720x380.jpg,Gay video; Vietnam video,https://drive.google.com/file/d/1xIvwKL9UChdtzqt0XVpUhrMGRipJftDy/view?usp=sharing,1,52,FALSE,
68385,Kenvin Tiến Quân x Winson Champa (Winson95),https://xemtrai.top/kenvin-tien-quan-x-winson-champa-winson95/,https://upload.xemtrai.top/2024/10/TienQuan-x-Winson95.mp4_20241001_210145.304-720x380.jpg,Gay video; Vietnam video,https://drive.google.com/file/d/1aod0p8eLYJ1Ee71jPIzCr21IOX8NlSkK/view?usp=sharing,1,52,FALSE,
68386,Seachan x theresome special (dancer Tùng Dương),https://xemtrai.top/seachan-x-theresome-special-dancer-nguyen-tung-duong/,https://upload.xemtrai.top/2024/10/Seachan2-720x380.jpg,Gay video; Vietnam video,https://drive.google.com/file/d/1hC0I9AbGDUY6xE6cB2CIFboWYusqLQJ7/view?usp=sharing,1,52,FALSE,
68387,Baker – LongTongueBoyVN (caubeluoidai),https://xemtrai.top/baker-longtongueboyvn-caubeluoidai-3/,https://upload.xemtrai.top/2024/10/Baker-720x380.jpg,Transgender; Vietnam video,https://drive.google.com/file/d/1ZW64eRgN7MJpEdkSiI18EPZYB1OkJ6r3/view?usp=sharing,1,52,FALSE,
68347,Trọng RiO x Lê Ngọc Minh,https://xemtrai.top/trong-rio-x-le-ngoc-minh/,https://upload.xemtrai.top/2024/09/TrongRyo-720x380.jpg,Gay video; Vietnam video,https://drive.google.com/file/d/11JosIFY_dhf-oJkepTMqXdldp9qLBpmG/view?usp=sharing,1,52,FALSE,
68350,Justfor – LANG,https://xemtrai.top/justfor-lang-7/,https://upload.xemtrai.top/2024/09/LANG-720x380.jpg,Asia video; Gay video,https://drive.google.com/file/d/1VzncoLxN_ZNFrE85KPSzXhQgzziBiT8Y/view?usp=sharing,1,52,FALSE,
68349,SA998765,https://xemtrai.top/sa998765/,https://upload.xemtrai.top/2024/09/62678124_1727523940-720x380.jpg,Asia video; Gay video,https://drive.google.com/file/d/1y_wcnsu1W86ErQ0U2ozViThLV5hk2uMi/view?usp=sharing,1,52,FALSE,
68348,Lê Ngọc Minh x Kabutitee P2,https://xemtrai.top/le-ngoc-minh-x-kabutitee-p2/,https://upload.xemtrai.top/2024/09/Le-Ngoc-Minh-720x380.jpg,Gay video; Vietnam video,https://drive.google.com/file/d/13vXrOq8qSveoLKz__rBda5ZveoRTRvpi/view?usp=sharing,1,52,FALSE,
68341,Lê Ngọc Minh x Kabutitee P1,https://xemtrai.top/le-ngoc-minh-x-kabutitee-p1/,https://upload.xemtrai.top/2024/09/Le-Ngoc-MInh-720x380.jpg,Gay video; Vietnam video,https://drive.google.com/file/d/1RlDl4RsH69thwpBSZm_L0z7V7WamLp3B/view?usp=sharing,1,52,FALSE,
68302,Xingfufu – Bevis.asian solo,https://xemtrai.top/xingfufu-bevis-asian-solo/,https://upload.xemtrai.top/2024/09/Bevis-720x380.jpg,Solo; Vietnam video,https://drive.google.com/file/d/1jKkwawMT5w_RLHXDxRfsApIl2DqADjjC/view?usp=sharing,1,52,FALSE,
68268,Sweetest Taboo – Hồ Vĩnh Khoa x Rhonee (photo+video),https://xemtrai.top/sweetest-taboo-ho-vinh-khoa-x-rhonee-photovideo/,https://upload.xemtrai.top/2024/09/HVK-720x380.jpg,Gay video; Photo Set; Thailand photo; Vietnam photo; Vietnam video,https://drive.google.com/drive/folders/1ungIAQ09JEwjlDGm-C9FDW0a6wt1pSVG?usp=sharing; https://drive.google.com/file/d/1AVY8wgjn0zONABZurjolKqx9eWzJgo-5/view?usp=sharing,2,52,FALSE,
68267,Kenvin Tiến Quân x Henry Dan,https://xemtrai.top/kenvin-tien-quan-x-henry-dan/,https://upload.xemtrai.top/2024/09/TienQuan-x-henry-dan.mp4_20240927_202219.584-720x380.jpg,Gay video; Vietnam video,https://drive.google.com/file/d/1sMFbOHxVehv5dIVqbkz4yaM3Y856u7JU/view?usp=sharing,1,52,FALSE,
68249,Seachan x Cum straight guy,https://xemtrai.top/seachan-x-cum-straight-guy/,https://upload.xemtrai.top/2024/09/7h7suFFi-Seachan-720x380.jpg,Straight guys; Vietnam video,https://drive.google.com/file/d/1mMaudCgJnzgdj3ia9yRk0RoRD3XvFkFr/view?usp=sharing,1,52,FALSE,
68248,Binkycum – Trai gym 1999 P2,https://xemtrai.top/binky-cum-trai-gym-1999-p2/,https://upload.xemtrai.top/2024/09/Binky-cum-P2-720x380.jpg,Gay video; Vietnam video,https://drive.google.com/file/d/1wNgoQiSM9gUhAVtcHelzUSraVjBhm4Ol/view?usp=sharing,1,53,FALSE,
68217,Baker – LongTongueBoyVN (caubeluoidai),https://xemtrai.top/baker-longtongueboyvn-caubeluoidai-2/,https://upload.xemtrai.top/2024/09/Baker-720x380.jpg,Transgender; Vietnam video,https://drive.google.com/file/d/1MYrMFTMf-EER6v_kSNlvfuY9lqcBegFT/view?usp=sharing,1,53,FALSE,
68218,JUICY 調皮男友陳光 – Chinkou,https://xemtrai.top/juicy-%e8%aa%bf%e7%9a%ae%e7%94%b7%e5%8f%8b%e9%99%b3%e5%85%89-chinkou/,https://upload.xemtrai.top/2024/09/54251983_1727181904-697x380.png,Asia video; Gay video,https://drive.google.com/file/d/1En3u0PiwshsIy7EJoWPrf4EViJlaik3J/view?usp=sharing,1,53,FALSE,
68202,Seachan – Dany x Kem,https://xemtrai.top/seachan-dany-x-kem/,https://upload.xemtrai.top/2024/09/seachan-720x380.jpg,Gay video; Vietnam video,https://drive.google.com/file/d/1JhiV9KdVJHtFocJxQIoIolzSjEcl6Xtk/view?usp=sharing,1,53,FALSE,
68203,Justfor – LANG,https://xemtrai.top/justfor-lang-6/,https://upload.xemtrai.top/2024/09/93845706_1718715802-720x380.jpg,Asia video; Gay video,https://drive.google.com/file/d/1GKDyo07Vx2UJJwUClxf-YprcSH77zjAj/view?usp=sharing,1,53,FALSE,
68175,Mario Thái Cường x My boy from Ha Noi,https://xemtrai.top/mario-thai-cuong-x-my-boy-from-ha-noi/,https://upload.xemtrai.top/2024/09/Mario-my-boy-from-Hanoi.mp4_20240923_190416.433-720x380.jpg,Gay video; Vietnam video,https://drive.google.com/file/d/1QaO2DuJeyaBMvOzX7vF9HSAAzMoimhox/view?usp=sharing,1,53,FALSE,
68176,Binkycum – Trai gym 1999 P1,https://xemtrai.top/binky-cum-trai-gym-1999-p1/,https://upload.xemtrai.top/2024/09/dbdpGu42-Binky-720x380.jpg,Gay video; Vietnam video,https://drive.google.com/file/d/1_t_CAE5vXj_xKFOtScUCJnjZuTKrQvtl/view?usp=sharing,1,53,FALSE,
68104,Binkycum – Trai phục vụ P2,https://xemtrai.top/binky-cum-trai-phuc-vu-p2/,https://upload.xemtrai.top/2024/09/Binkycum-trai-phuc-vu-P2-720x380.jpg,Gay video; Vietnam video,https://drive.google.com/file/d/1lDDejp4EzMvwGt_gY3qF7qq7PlPm89U1/view?usp=sharing,1,53,FALSE,
68103,Araw x First (SemenX),https://xemtrai.top/araw-x-first-semenx/,https://upload.xemtrai.top/2024/09/81879618_1726919124-720x380.jpg,Asia video; Gay video,https://drive.google.com/file/d/18tAPyXVWtxkBZWMYm15Tvv0Opp8oPHvL/view?usp=sharing,1,53,FALSE,
68102,Andrechou79 x KianraiX,https://xemtrai.top/andrechou79-x-kianraix/,https://upload.xemtrai.top/2024/09/98766068_1726823381-720x380.jpg,Asia video; Gay video,https://drive.google.com/file/d/1fvCjDKldqdEJvvi2hcGEC7qACaZd0CZG/view?usp=sharing,1,53,FALSE,
68105,Gaydar-GD-015,https://xemtrai.top/gaydar-gd-015/,https://upload.xemtrai.top/2024/09/22449386_1726522162-720x380.png,Asia video; Gay video,https://drive.google.com/file/d/1qJViPSiMHMl_IQTnSx9F3YM9KJ1SOOdp/view?usp=sharing,1,53,FALSE,
68106,Fitness men collection,https://xemtrai.top/fitness-men-collection/,https://upload.xemtrai.top/2024/09/page2-720x380.jpg,Asia video; Solo,https://drive.google.com/file/d/1tnwFbuufHSaQ05yK44lsISofxQ75H3Hb/view?usp=sharing,1,53,FALSE,
68107,MikerManila-Guy37,https://xemtrai.top/mikermanila-guy37/,https://upload.xemtrai.top/2024/09/page-720x380.jpg,Asia video; Gay video,https://drive.google.com/file/d/1Yzx5fCT3_-CjegqHTVPtbeW349y_q7j8/view?usp=sharing,1,53,FALSE,
68075,Three Of A Kind – Kenvin Tiến Quân x Hồ Vĩnh Khoa x Rhonee,https://xemtrai.top/three-of-a-kind-kenvin-tien-quan-x-ho-vinh-khoa-x-rhonee/,https://upload.xemtrai.top/2024/09/Hovinhkhoa-NguyenTienQuan-720x380.jpg,Gay video; Vietnam video,https://drive.google.com/file/d/1b4AXX-bqYXqZt3AWq1iuY9qNCbjF3V0d/view?usp=sharing,1,53,FALSE,
68021,Hunt Series EP.28 – The SHAMAN 2 (video),https://xemtrai.top/hunt-series-ep-28-the-shaman-2-video/,https://upload.xemtrai.top/2024/09/2024-09-18-720x380.png,Asia video; Gay video,https://drive.google.com/file/d/1DoMDXmIyMHDQO-XSjjeoHsoWuwvzCs59/view?usp=sharing,1,53,FALSE,
68020,Seachan x Cumcontrol Straight Guy,https://xemtrai.top/seachan-x-cumcontrol-straight-guy-2/,https://upload.xemtrai.top/2024/09/B912rPZA-Seachan-720x380.jpg,Straight guys; Vietnam video,https://drive.google.com/file/d/1uwrL84O_jptu0CFy5KQBWJ4P8CSrF-DY/view?usp=sharing,1,53,FALSE,
68002,Hunt Series EP.27 – The SHAMAN (video),https://xemtrai.top/hunt-series-ep-27-the-shaman-video/,https://upload.xemtrai.top/2024/09/UFLGB95q-2024-09-17-720x380.png,Asia video; Gay video,https://drive.google.com/file/d/1Q1Kl04nRdqSo2vF5FxdLnza6b09UW33w/view?usp=sharing,1,53,FALSE,
67956,Binkycum – Trai phục vụ có vk P1,https://xemtrai.top/binky-cum-trai-phuc-vu-co-vk-p1/,https://upload.xemtrai.top/2024/09/Trai-pv-720x380.jpg,Gay video; Vietnam video,https://drive.google.com/file/d/1cie6TxkGuXURv9QFEFDbBVpMNZCpwRmH/view?usp=sharing,1,53,FALSE,
67954,Mentomen 直男 彥 打手槍(第二畫面),https://xemtrai.top/mentomen-%e7%9b%b4%e7%94%b7-%e5%bd%a5-%e6%89%93%e6%89%8b%e6%a7%8d%e7%ac%ac%e4%ba%8c%e7%95%ab%e9%9d%a2/,https://upload.xemtrai.top/2024/09/25391578_1726402363-720x380.jpg,Asia video; Gay video,https://drive.google.com/file/d/1xThH0GtD-My5-Is85nrxVCyGemwLPh0H/view?usp=sharing,1,54,FALSE,
67955,Titus Low x Nickgg99,https://xemtrai.top/titus-low-x-nickgg99/,https://upload.xemtrai.top/2024/09/Titus-720x380.jpg,Asia video; Gay video,https://drive.google.com/file/d/1wF5Q6HenkhqhYr-3sx-99zbr2YgL78UU/view?usp=sharing,1,54,FALSE,
67957,網黃合集,https://xemtrai.top/%e7%b6%b2%e9%bb%83%e5%90%88%e9%9b%86/,https://upload.xemtrai.top/2024/09/AAA-720x380.jpg,Asia video; Gay video,https://drive.google.com/file/d/1ddPuAAkaWfUR3sn4hijTRPoGfV3fgXV3/view?usp=sharing,1,54,FALSE,
67893,Baron Anh Huy x Lê Nam x Koh Hiroshi,https://xemtrai.top/baron-anh-huy-x-le-nam-x-koh-hiroshi/,https://upload.xemtrai.top/2024/09/Baron-x-Lee-x-Hiroshi.mp4_20240914_202356.296-720x380.jpg,Gay video; Vietnam video,https://drive.google.com/file/d/10xuEo5rSDPrw0UhnkL3nNet9JZ3eFbrT/view?usp=sharing,1,54,FALSE,
67895,網約肌肉教練,https://xemtrai.top/%e7%b6%b2%e7%b4%84%e8%82%8c%e8%82%89%e6%95%99%e7%b7%b4/,https://upload.xemtrai.top/2024/09/A-720x380.jpg,Asia video; Gay video,https://drive.google.com/file/d/1KfVl2oFgzjgPnmSyrw7N3jURsQKB1Wo-/view?usp=sharing,1,54,FALSE,
67896,Frong x Ladyboy,https://xemtrai.top/frong-x-ladyboy/,https://upload.xemtrai.top/2024/09/6Vzz19jc-Frong-720x380.jpg,Asia video; Transgender,https://drive.google.com/file/d/1wRgXyRkuqTS9ddrOzQec-IzR2mWm49Be/view?usp=sharing,1,54,FALSE,
67894,Koh Hiroshi x Ken Mifune,https://xemtrai.top/koh-hiroshi-x-ken-mifune/,https://upload.xemtrai.top/2024/09/10751892_1726301543-720x380.jpg,Asia video; Gay video,https://drive.google.com/file/d/1BQyJX21nrw1r1OIcz_1hEIP8b4eOSFpp/view?usp=sharing,1,54,FALSE,
67842,Peedeedi (Paul) x Vincent Tang (WingHong Tang),https://xemtrai.top/peedeedi-paul-x-vincent-tang-winghong-tang/,https://upload.xemtrai.top/2024/09/Paul-720x380.jpg,Asia video; Gay video,https://drive.google.com/file/d/1ebessuZrWD5WuyuXb7jybg1GTaD7OpZn/view?usp=sharing,1,54,FALSE,
67843,MINCHEOL09,https://xemtrai.top/mincheol09/,https://upload.xemtrai.top/2024/09/MIchel-720x380.jpg,Gay video; Vietnam video,https://drive.google.com/file/d/19_T7Z3cZDA7v1B3jsbi0ebcDyVqC3nKs/view?usp=sharing,1,54,FALSE,
67844,白襪寸頭Top,https://xemtrai.top/%e7%99%bd%e8%a5%aa%e5%af%b8%e9%a0%adtop/,https://upload.xemtrai.top/2024/09/top-720x380.jpg,Asia video; Gay video,https://drive.google.com/file/d/1CBfhDgPUsmm-VhiJGdSevXB6cClOM0aY/view?usp=sharing,1,54,FALSE,
67845,肌肉獵人強制系列,https://xemtrai.top/%e8%82%8c%e8%82%89%e7%8d%b5%e4%ba%ba%e5%bc%b7%e5%88%b6%e7%b3%bb%e5%88%97/,https://upload.xemtrai.top/2024/09/92455509_1726154432-720x380.jpg,Asia video; Gay video,https://drive.google.com/file/d/1Rw1K3dlH0ffoj8iyGHoua-wNIM6wAAFd/view?usp=sharing,1,54,FALSE,
67820,Hoa nắng boy – Bin x Cương,https://xemtrai.top/hoa-nang-boy-bin-x-cuong/,https://upload.xemtrai.top/2024/09/Hoa-nang-720x380.jpg,Gay video; Vietnam video,https://drive.google.com/file/d/1C9ELaEdjQCSe2Ws1Zikd6YtkTXOUp10G/view?usp=sharing,1,54,FALSE,
67821,Seachan x Big boy cum control slim body,https://xemtrai.top/seachan-x-big-boy-cum-control-slim-body/,https://upload.xemtrai.top/2024/09/P50LQUOf-Seachan-720x380.jpg,Vietnam video,https://drive.google.com/file/d/1_3KaIfOZBqqEPuJNwxq_MltqS3L9j2pE/view?usp=sharing,1,54,FALSE,
67822,Yukiyukihsu Yowei,https://xemtrai.top/yukiyukihsu-yowei/,https://upload.xemtrai.top/2024/09/83285651_1725961184-720x380.jpg,Asia video; Gay video,https://drive.google.com/file/d/1QqpqXszMhglzrxLqzBNg54uy9zyEG_1B/view?usp=sharing,1,54,FALSE,
67785,Seachan x Cum Spridermen,https://xemtrai.top/seachan-x-cum-spridermen/,https://upload.xemtrai.top/2024/09/I94TiCMK-Seachan-720x380.jpg,Straight guys; Vietnam video,https://drive.google.com/file/d/1p-fMUrFLtKAnoI-qrOU_cs6slMS31_lM/view?usp=sharing,1,54,FALSE,
67786,Kenvin Tiến Quân x KianraiX,https://xemtrai.top/kenvin-tien-quan-x-kianraix/,https://upload.xemtrai.top/2024/09/Kenvin-x-KianraiX.mp4_20240911_202040.830-720x380.jpg,Gay video; Vietnam video,https://drive.google.com/file/d/1-0Kej5XXbGnTJ8YzJCMkvTJ7qTa-Q9JR/view?usp=sharing,1,54,FALSE,
67753,Lê Ngọc Minh x Gymer,https://xemtrai.top/le-ngoc-minh-x-gymer/,https://upload.xemtrai.top/2024/09/LeNgocMinh-x-Gymer.mp4_20240910_213708.661-720x380.jpg,Gay video; Vietnam video,https://drive.google.com/file/d/1WzY16TK9cMc133fnB29GAkVbHOPWRn47/view?usp=sharing,1,54,FALSE,
67754,Sam Vũ – Samvuniverse,https://xemtrai.top/sam-vu-samvuniverse/,https://upload.xemtrai.top/2024/09/29955412_1725960409-720x380.jpg,Gay video; Vietnam video,https://drive.google.com/file/d/1z1gFeHtKIOFYM3QCVmJomIYq6W_ciYct/view?usp=sharing,1,54,FALSE,
67755,MuscleManiaBoy,https://xemtrai.top/musclemaniaboy/,https://upload.xemtrai.top/2024/09/41035488_1725954801-720x380.jpg,Asia video; Gay video,https://drive.google.com/file/d/1xiBEnmbibitG1uim1p1gslRGSFm65r1D/view?usp=sharing,1,55,FALSE,
67710,Chiang gogo x Jin,https://xemtrai.top/chiang-gogo-x-jin/,https://upload.xemtrai.top/2024/09/62794159_1725834897-720x380.jpg,Asia video; Gay video,https://drive.google.com/file/d/11aySrqvhYkBBJwQ0KsKd7vVHmbAQoihU/view?usp=sharing,1,55,FALSE,
67711,SEMENCD,https://xemtrai.top/semencd-2/,https://upload.xemtrai.top/2024/09/A39954590_1725834138-720x380.jpg,Asia video; Gay video,https://drive.google.com/file/d/1k9zGPah1tU8h_5znxFW2l13Nxf7iQ89E/view?usp=sharing,1,55,FALSE,
67709,Xingfufu – Bevis.asian – Erotic Doctor,https://xemtrai.top/xingfufu-bevis-asian-erotic-doctor/,https://upload.xemtrai.top/2024/09/90828391_1724793464-720x380.jpg,Gay video; Vietnam video,https://drive.google.com/file/d/1awU0UjXe-W78nZRIH7FHjT4ykG27mgnk/view?usp=sharing,1,55,FALSE,
67691,Kenvin Tiến Quân x Gwoodlight,https://xemtrai.top/kenvin-tien-quan-x-gwoodlight/,https://upload.xemtrai.top/2024/09/Kenvin-x-Gwoodlight.mp4_20240908_195140.627-720x380.jpg,Gay video; Vietnam video,https://drive.google.com/file/d/172-qB7sumKAjQVdwuw8RAonSuZc1UjTG/view?usp=sharing,1,55,FALSE,
67692,Seachan x Straight gym,https://xemtrai.top/seachan-x-straight-gym/,https://upload.xemtrai.top/2024/09/rhPhVXZh-Seachan-720x380.jpg,Straight guys; Vietnam video,https://drive.google.com/file/d/12q-K9vKg7GBEQXM_DWNF3geOQmycspqn/view?usp=sharing,1,55,FALSE,
67661,Hoa nắng boy – Hoàng x Dương,https://xemtrai.top/hoa-nang-boy-hoang-x-duong/,https://upload.xemtrai.top/2024/09/Hoanang-Hoang-x-Duog-720x380.jpg,Gay video; Vietnam video,https://drive.google.com/file/d/1kTcBvMdOVsN7C-s0KXWplg37LYA9UoFb/view?usp=sharing,1,55,FALSE,
67662,Frong (Frxng89) x Ladyboy,https://xemtrai.top/frong-frxng89-x-ladyboy-4/,https://upload.xemtrai.top/2024/09/Frong-720x380.jpg,Asia video; Transgender,https://drive.google.com/file/d/1hND0714ZbCQVqB65gNSUcu-A68z-2Yzi/view?usp=sharing,1,55,FALSE,
67644,Baron Anh Huy x KianRaiX,https://xemtrai.top/baron-anh-huy-x-kianraix/,https://upload.xemtrai.top/2024/09/Baron-x-KianRaiX.mp4_20240905_215124.809-720x380.jpg,Gay video; Vietnam video,https://drive.google.com/file/d/1puox0OYe0zsNaeZfUHZZVt3w70k0CExg/view?usp=sharing,1,55,FALSE,
67639,GAYDAR – GD-011,https://xemtrai.top/gaydar-gd-011/,https://upload.xemtrai.top/2024/09/Gaydar-GD-011.mp4_20240905_213447.681-720x380.jpg,Asia video; Gay video,https://drive.google.com/file/d/1Wtc6SC7HLBBj2oimm1ZpDf2gDxH0XKFl/view?usp=sharing,1,55,FALSE,
67601,Logan x Mario Thái Cường – Big wet ass,https://xemtrai.top/logan-x-mario-thai-cuong-big-wet-ass/,https://upload.xemtrai.top/2024/09/Logan-x-Mario-Big-wet-ass.mp4_20240904_201009.962-720x380.jpg,Gay video; Vietnam video,https://drive.google.com/file/d/1RqLWfK2UxnlK8jJIQ3WRev1hT7KCuNMN/view?usp=sharing,1,55,FALSE,
67602,Seachan x big boy straight,https://xemtrai.top/seachan-x-big-boy-straight/,https://upload.xemtrai.top/2024/09/KqrS1FNZ-Seachan-720x380.jpg,Gay video; Vietnam video,https://drive.google.com/file/d/1IXwL4Zua4a3GmV19lLB80KtSpRVsJOFS/view?usp=sharing,1,55,FALSE,
67603,Hoa nắng boy – Huy x Dương (thể thao),https://xemtrai.top/hoa-nang-boy-huy-x-duong-the-thao/,https://upload.xemtrai.top/2024/09/Hoa-nang-Huy-x-Duong-720x380.jpg,Gay video; Vietnam video,https://drive.google.com/file/d/13LlexP68o_M8dKRBnQQwyj2eB_1F75pw/view?usp=sharing,1,55,FALSE,
67579,Kenvin Tiến Quân x Ryuji Suzuki,https://xemtrai.top/kenvin-tien-quan-x-ryuji-suzuki/,https://upload.xemtrai.top/2024/09/Kenvin-x-Ryuji-Suzuki.mp4_20240903_213244.879-720x380.jpg,Gay video; Vietnam video,https://drive.google.com/file/d/1cOIofcLk3yKC6bTeWHoapoirVxScbSQg/view?usp=sharing,1,55,FALSE,
67578,Hoa nắng boy – Tấn x Đại (áo thể thao),https://xemtrai.top/hoa-nang-boy-tan-x-dai-ao-the-thao/,https://upload.xemtrai.top/2024/09/Tan-Dai-720x380.jpg,Gay video; Vietnam video,https://drive.google.com/file/d/1IY_QY5OkZGWQ6Xznm-JqTy2cCYF1s_y_/view?usp=sharing,1,55,FALSE,
67541,Binkycum x Sinh vien trai thang Thu Duc P1,https://xemtrai.top/binky-cum-x-sinh-vien-trai-thang-thu-duc-p1/,https://upload.xemtrai.top/2024/09/Binky-720x380.jpg,Gay video; Vietnam video,https://drive.google.com/file/d/1svLEkVi5Av7MlrXb-RMoNre3T832RK3-/view?usp=sharing,1,55,FALSE,
67542,Seachan x Dance boy,https://xemtrai.top/seachan-x-dance-boy/,https://upload.xemtrai.top/2024/09/Seachan-720x380.jpg,Gay video; Vietnam video,https://drive.google.com/file/d/1EgDV2qsvncAZ5BnqCxd7ExcAo4aseMtH/view?usp=sharing,1,55,FALSE,
67543,Hoa nắng boy – Hoàng x Huy P2,https://xemtrai.top/hoa-nang-boy-hoang-x-huy-p2/,https://upload.xemtrai.top/2024/09/Hoa-nang-Huy-x-Hoang-720x380.jpg,Gay video; Vietnam video,https://drive.google.com/file/d/1GY1Q-OnMzmAFbR92Skrhv9VKWkw6Ph8v/view?usp=sharing,1,55,FALSE,
67490,Seachan x Simboy Batman,https://xemtrai.top/seachan-x-simboy-batman/,https://upload.xemtrai.top/2024/08/dQvDaY5d-Seachan-720x380.jpg,Gay video; Vietnam video,https://drive.google.com/file/d/1_Lrf0dLc4tN5zSZcwXoGxPu8U305GMF4/view?usp=sharing,1,56,FALSE,
67489,Hoa nắng boy – Hoàng x Huy P1,https://xemtrai.top/hoa-nang-boy-hoang-x-huy-p1/,https://upload.xemtrai.top/2024/08/Hoa-nang-Huy-x-Hoang-720x380.jpg,Gay video; Vietnam video,https://drive.google.com/file/d/1aL4OlPpv8zfCsZNJuZxOAWtuzU6EwZmM/view?usp=sharing,1,56,FALSE,
67476,Lê Ngọc Minh x David_lychan P2,https://xemtrai.top/le-ngoc-minh-x-david_lychan-p2/,https://upload.xemtrai.top/2024/08/Le-Ngoc-Minh-2-720x380.jpg,Gay video; Vietnam video,https://drive.google.com/file/d/1Bq9LWtVNF0cdIQSm7ZaJo2_BWEDlNZv0/view?usp=sharing,1,56,FALSE,
67444,Lê Ngọc Minh x David_lychan P1,https://xemtrai.top/le-ngoc-minh-x-david_lychan-p1/,https://upload.xemtrai.top/2024/08/zjkYKk5f-Le-Ngoc-Minh-720x380.jpg,Gay video; Vietnam video,https://drive.google.com/file/d/1_V08iO7dsYcZh4C2k48fcJ1mKowUVEBk/view?usp=sharing,1,56,FALSE,
67445,Friendlymen,https://xemtrai.top/friendlymen-6/,https://upload.xemtrai.top/2024/08/Friend-720x380.jpg,Straight guys; Thailand video,https://drive.google.com/file/d/133Vol9Rd3P3wt-dgxDbz_5wYVLFipTjD/view?usp=sharing,1,56,FALSE,
67378,Pinky x Papi,https://xemtrai.top/pinky-x-papi/,https://upload.xemtrai.top/2024/08/Pinky-x-papi.mp4_20240827_220758.659-720x380.jpg,Gay video; Vietnam video,https://drive.google.com/file/d/1y-W-DILFcsTutqVPTJgDVrksmsPWvQ0q/view?usp=sharing,1,56,FALSE,
67293,CCY FQEEC,https://xemtrai.top/ccy-fqeec-3/,https://upload.xemtrai.top/2024/08/29663055_1724596669-720x380.jpg,Asia video; Gay video,https://drive.google.com/file/d/1I1u4Y2FlOKnP93jwYdSi7-6fHTtj1hxg/view?usp=sharing,1,56,FALSE,
67292,GAYDAR – GDSR-002-2,https://xemtrai.top/gaydar-gdsr-002-2/,https://upload.xemtrai.top/2024/08/4302426_1724516027-720x380.jpg,Asia video; Gay video,https://drive.google.com/file/d/1jn5WN77TvwzRj8gXNsbthytJIFh6eLud/view?usp=sharing,1,56,FALSE,
67251,Baron Anh Huy x Le Nam x Paul,https://xemtrai.top/baron-anh-huy-x-le-nam-x-paul/,https://upload.xemtrai.top/2024/08/Baron-LeNam-Paul.mp4_20240825_205329.914-720x380.jpg,Gay video; Vietnam video,https://drive.google.com/file/d/1RJm82qr4m-BvrEQMZWXJCSTdd-3vfdvi/view?usp=sharing,1,56,FALSE,
67193,Wendog1069,https://xemtrai.top/wendog1069/,https://upload.xemtrai.top/2024/08/Untitled-1-720x380.jpg,Asia video; Gay video,https://drive.google.com/file/d/1s217Cm3XLE3UzrqrxdFcm37Wd-2Q1s62/view?usp=sharing,1,56,FALSE,
67192,Seachan x Straight guy,https://xemtrai.top/seachan-x-straight-guy-5/,https://upload.xemtrai.top/2024/08/Seachan-x-straight-guy.mp4_20240823_202436.384-720x380.jpg,Straight guys; Vietnam video,https://drive.google.com/file/d/1ZsYAyc69X5K2NwXlO9yk6hK_wSPrR_2i/view?usp=sharing,1,56,FALSE,
67191,Kenvin Tiến Quân x Ncky9278,https://xemtrai.top/kenvin-tien-quan-x-ncky9278/,https://upload.xemtrai.top/2024/08/Kenvin-x-Ncky9278.mp4_20240823_201417.868-720x380.jpg,Gay video; Vietnam video,https://drive.google.com/file/d/1mmaRWrD_Y0pn0jlFaKERFldP2tF-aV8b/view?usp=sharing,1,56,FALSE,
67150,AriHank,https://xemtrai.top/arihank/,https://upload.xemtrai.top/2024/08/Arihank-720x380.jpg,Asia video; Gay video,https://drive.google.com/file/d/1HT_sc6PpZVLCzs0kvZIhOa5pzvYdTPOn/view?usp=sharing,1,56,FALSE,
67110,CCY FQEEC,https://xemtrai.top/ccy-fqeec-2/,https://upload.xemtrai.top/2024/08/64298859_1724194027-720x380.jpg,Asia video; Gay video,https://drive.google.com/file/d/1qn6GG7dKidLpfv710S2vJQLVa5pEkj6u/view?usp=sharing,1,56,FALSE,
67112,Muscl Hots,https://xemtrai.top/muscl-hots-2/,https://upload.xemtrai.top/2024/08/13983533_1724191610-720x380.jpg,Asia video; Gay video,https://drive.google.com/file/d/1l4AkaIxMsrpkGM_GdNPE8rVLnpPgnTrn/view?usp=sharing,1,56,FALSE,
67111,MenToMenSex,https://xemtrai.top/mentomensex/,https://upload.xemtrai.top/2024/08/L7BGznZ1-page-720x380.jpg,Asia video; Gay video,https://drive.google.com/file/d/1lr4hir_u58lehg1Kl19IZz0pGEay-HCn/view?usp=sharing,1,56,FALSE,
67067,Hoa nắng boy – Nhật x Huy P3,https://xemtrai.top/hoa-nang-boy-nhat-x-huy-p3/,https://upload.xemtrai.top/2024/08/Hoanang-Huy-x-Nhat-nn-720x380.jpg,Gay video; Vietnam video,https://drive.google.com/file/d/1b52Q-Cp8JS3TI2hVei68DbI3xdcbdPyr/view?usp=sharing,1,56,FALSE,
67068,Lê Ngọc Minh x Straight boy P2,https://xemtrai.top/le-ngoc-minh-x-straight-boy-p2/,https://upload.xemtrai.top/2024/08/LeNgocMinh-720x380.jpg,Gay video; Vietnam video,https://drive.google.com/file/d/1oW8ooa3x_5rGn0nVS3kiQtM7uYv7BG8I/view?usp=sharing,1,56,FALSE,
67041,Dark Area 01 – Bevis lonely day by Xingfufu,https://xemtrai.top/dark-area-01-bevis-lonely-day-by-xingfufu/,https://upload.xemtrai.top/2024/08/bevis-720x380.jpg,Solo; Vietnam video,https://drive.google.com/file/d/1K_vxUnJrTUBukdRoSgFXTObUFp6GvHdw/view?usp=sharing,1,57,FALSE,
67060,CCY FQEEC,https://xemtrai.top/ccy-fqeec/,https://upload.xemtrai.top/2024/08/30199700_1724067988-720x380.jpg,Asia video; Gay video,https://drive.google.com/file/d/1JA_sw21of6TdXOOEGuMNFLobmplEFdni/view?usp=sharing,1,57,FALSE,
67042,Lê Ngọc Minh x Straight boy P1,https://xemtrai.top/le-ngoc-minh-x-straight-boy-p1/,https://upload.xemtrai.top/2024/08/Le-Ngoc-Minh-720x380.jpg,Gay video; Vietnam video,https://drive.google.com/file/d/1aMliyk2aMtZsk3VC6V_6Rf9nh57gSBI7/view?usp=sharing,1,57,FALSE,
67001,Xingfufu – Bevis.asian – Exam,https://xemtrai.top/xingfufu-bevis-asian-exam/,https://upload.xemtrai.top/2024/08/69394131_1723913351-720x380.jpg,Gay video; Vietnam video,https://drive.google.com/file/d/1U6IqdjmEiF1p5Khi8QQzuxYDgNupTp4P/view?usp=sharing,1,57,FALSE,
67002,GAYDAR – GDSR-002-1,https://xemtrai.top/gaydar-gdsr-002-1/,https://upload.xemtrai.top/2024/08/GDSR-002-01-720x380.jpg,Asia video; Gay video,https://drive.google.com/file/d/1Pcnh4uMqrG0qJhVRrqVyu3eU6laqtmFW/view?usp=sharing,1,57,FALSE,
67000,Logan x Jallgone x Pinky,https://xemtrai.top/logan-x-jallgone-x-pinky/,https://upload.xemtrai.top/2024/08/Pinky-720x380.jpg,Gay video; Vietnam video,https://drive.google.com/file/d/1hiEqaMsVPgNX6gb-Heo7OoUie1QaOjhm/view?usp=sharing,1,57,FALSE,
67003,Binkycum x Em trai slim P2,https://xemtrai.top/binky-cum-x-em-trai-slim-p2/,https://upload.xemtrai.top/2024/08/kQztRM1q-binky-cum-720x380.jpg,Gay video; Vietnam video,https://drive.google.com/file/d/1NtM_qXGKIt7ztFn5pHZQNwacxs4-_k_i/view?usp=sharing,1,57,FALSE,
66989,Binkycum x Em trai slim P1,https://xemtrai.top/binky-cum-x-em-trai-slim-p1/,https://upload.xemtrai.top/2024/08/BInkycum-Emtraislim-720x380.jpg,Gay video; Vietnam video,https://drive.google.com/file/d/1dNcujLSiSTlkv49hy4Z1oYzFgvlepong/view?usp=sharing,1,57,FALSE,
66900,Friendlymen,https://xemtrai.top/friendlymen-5/,https://upload.xemtrai.top/2024/08/FriendlyHotmen-2-720x380.jpg,Straight guys; Thailand video,https://drive.google.com/file/d/1TbHqw6aIk09A_RWtJlyUiOGeoSxVqQRI/view?usp=sharing,1,57,FALSE,
66899,Friendlymen,https://xemtrai.top/friendlymen-4/,https://upload.xemtrai.top/2024/08/FriendlyHotmen-1-720x380.jpg,Straight guys; Thailand video,https://drive.google.com/file/d/1pGemZtXXLz6sMNqhVblVW2nBwLWOM4Ym/view?usp=sharing,1,57,FALSE,
66902,Pinky Nguyen – Collab with Fan,https://xemtrai.top/pinky-nguyen-collab-with-fan/,https://upload.xemtrai.top/2024/08/10807711_1723550530-720x380.jpg,Gay video; Vietnam video,https://drive.google.com/file/d/1vBsOkk30te0YUUaHfpP37up3NTD_55Pu/view?usp=sharing,1,57,FALSE,
66901,JoyKimForYou,https://xemtrai.top/joykimforyou/,https://upload.xemtrai.top/2024/08/77218502_1723809464-720x380.jpg,Asia video; Gay video,https://drive.google.com/file/d/1wxcod6twiEZc6UE_37HW6MLmgCAa219d/view?usp=sharing,1,57,FALSE,
66904,YELLOWFELLASG,https://xemtrai.top/yellowfellasg/,https://upload.xemtrai.top/2024/08/32386239_1723552935-720x380.jpg,Asia video; Gay video,https://drive.google.com/file/d/1sOWH4wC5VjM1b1rYV_-PTFfv1e0tDe-B/view?usp=sharing,1,57,FALSE,
66905,ROME PHANUPHONG 2,https://xemtrai.top/rome-phanuphong-2/,https://upload.xemtrai.top/2024/08/3251996_1723809583-720x380.jpg,Solo; Thailand video,https://drive.google.com/file/d/1H_EcaP0b39RMe81avrp4VKL3e7PYxQcN/view?usp=sharing,1,57,FALSE,
66903,ROME PHANUPHONG 1,https://xemtrai.top/rome-phanuphong-1/,https://upload.xemtrai.top/2024/08/8657202_1723809556-720x380.jpg,Solo; Thailand video,https://drive.google.com/file/d/17nQD1dLZM3FOm8bKBlb_mrPIcdD_E1r0/view?usp=sharing,1,57,FALSE,
66830,LAI91640829,https://xemtrai.top/lai91640829/,https://upload.xemtrai.top/2024/08/LA-720x380.jpg,Asia video; Gay video,https://drive.google.com/file/d/1s2pDtckR6Knsr6u7FXtOGCSk_zdhOf5K/view?usp=sharing,1,57,FALSE,
66831,Muscl Hots,https://xemtrai.top/muscl-hots/,https://upload.xemtrai.top/2024/08/18987128_1723350362-720x380.jpg,Asia video; Gay video,https://drive.google.com/file/d/1nnsxb2Vfcxvp-71jtcB5ljw2ybJCHWh-/view?usp=sharing,1,57,FALSE,
66772,Hoa nắng boy – Nhật x Huy P2 (bộ áo đen),https://xemtrai.top/hoa-nang-boy-huy-x-nhat-bo-ao-den/,https://upload.xemtrai.top/2024/08/Hoannag-HuyxNhat-720x380.jpg,Gay video; Vietnam video,https://drive.google.com/file/d/1EP6j99PuszR82OxA4gLrMcjrykTU_pUM/view?usp=sharing,1,57,FALSE,
66769,Pinky Nguyen x Lucky fan,https://xemtrai.top/pinky-nguyen-x-lucky-fan/,https://upload.xemtrai.top/2024/08/16013116_1723282164-720x380.jpg,Gay video; Vietnam video,https://drive.google.com/file/d/1NuAMcwKy94yR7_8XPxUr0Z4qWD-w7oNj/view?usp=sharing,1,58,FALSE,
66771,Pinky Nguyen 6 hands,https://xemtrai.top/pinky-nguyen-6-hands/,https://upload.xemtrai.top/2024/08/63335912_1723351586-720x380.jpg,Gay video; Vietnam video,https://drive.google.com/file/d/1eyBtgyeUje1AlYNXSJ1CKwAfu26vtbRl/view?usp=sharing,1,58,FALSE,
66770,Friendlymen,https://xemtrai.top/friendlymen-3/,https://upload.xemtrai.top/2024/08/Friendlymen-720x380.jpg,Straight guys; Thailand video,https://drive.google.com/file/d/1D3nOxZteTYSRSmdZIgHgXGnm-ThKNIz_/view?usp=sharing,1,58,FALSE,
66774,Kamahuhu x Nainoi – P2,https://xemtrai.top/kamahuhu-x-nainoi-p2/,https://upload.xemtrai.top/2024/08/30218880_1723351673-720x380.jpg,Asia video; Gay video,https://drive.google.com/file/d/1miJC8rAQWnnJSkRa5HHBWKdc3vMhhRMX/view?usp=sharing,1,58,FALSE,
66773,Kamahuhu x Nainoi – P1,https://xemtrai.top/kamahuhu-x-nainoi-p1/,https://upload.xemtrai.top/2024/08/18476176_1723351625-720x380.jpg,Asia video; Gay video,https://drive.google.com/file/d/1wTAw2pqVUak2v9Y_LCABan6YAKNDRSs0/view?usp=sharing,1,58,FALSE,
66722,Binkycum x Gymer trai thẳng 1995 cu 19cm P2-2,https://xemtrai.top/binky-cum-x-gymer-trai-thang-1995-cu-19cm-p2-2/,https://upload.xemtrai.top/2024/08/4dKsGXi1-binky-720x380.jpg,Gay video; Vietnam video,https://drive.google.com/file/d/1GgiRBXsJsXyHGaG09xEjcBjciY4UJqTN/view?usp=sharing,1,58,FALSE,
66723,KianraiX x Yahh6666,https://xemtrai.top/kianraix-x-yahh6666/,https://upload.xemtrai.top/2024/08/kian-720x380.jpg,Asia video; Gay video,https://drive.google.com/file/d/1ZH6ujqjLkfNd0T3uQioTiLG5XSrcGWRe/view?usp=sharing,1,58,FALSE,
66720,Justfor fans – Kamahuhu,https://xemtrai.top/justfor-fans-kamahuhu-3/,https://upload.xemtrai.top/2024/08/69598454_1723282122-720x380.jpg,Asia video; Gay video,https://drive.google.com/file/d/1bUwkUvwGR_wfnbjKlTQy4LuHk5jrG8R1/view?usp=sharing,1,58,FALSE,
66721,Justfor fans – Kamahuhu,https://xemtrai.top/justfor-fans-kamahuhu-2/,https://upload.xemtrai.top/2024/08/14141716_1723282094-720x380.jpg,Asia video; Gay video,https://drive.google.com/file/d/1kjCYcn10bCDpFuC_Q4UKhOXhu-uv-5XW/view?usp=sharing,1,58,FALSE,
66677,Binkycum x Gymer trai thẳng 1995 cu 19cm P2-1,https://xemtrai.top/binky-cum-x-gymer-trai-thang-1995-cu-19cm-p2-1/,https://upload.xemtrai.top/2024/08/Binky-cum-1995-P2-1-720x380.jpg,Gay video; Vietnam video,https://drive.google.com/file/d/10ou9BjopDwnPKNzoBuewjSX-LBoqQbn-/view?usp=sharing,1,58,FALSE,
66675,Pinky Nguyen x Praew,https://xemtrai.top/pinky-nguyen-x-praew/,https://upload.xemtrai.top/2024/08/51863691_1723189980-720x380.jpg,Transgender; Vietnam video,https://drive.google.com/file/d/1XENrL6FaB0zvJINPwZAdQ9Glb_Cduzma/view?usp=sharing,1,58,FALSE,
66676,Xingfufu – Bevis Trần Đức Vương – Spiderman,https://xemtrai.top/xingfufu-bevis-tran-duc-vuong-spiderman/,https://upload.xemtrai.top/2024/08/71837787_1723096145-720x380.jpg,Gay video; Vietnam video,https://drive.google.com/file/d/1RmoZwPM6G2VSzTLo0sQJsRTD5Wsx6H_u/view?usp=sharing,1,58,FALSE,
66674,Frong x GianJadeX,https://xemtrai.top/frong-x-gianjadex/,https://upload.xemtrai.top/2024/08/yeza4ril-Frong-720x380.jpg,Asia video; Gay video,https://drive.google.com/file/d/17RxeEQAjS382giOgNzW-Uj_WY93r-Nvk/view?usp=sharing,1,58,FALSE,
66628,Việt Khải threesome,https://xemtrai.top/viet-khai-threesome/,https://upload.xemtrai.top/2024/08/AzKwoDLy-Vietkhai-720x380.jpg,Gay video; Vietnam video,https://drive.google.com/file/d/1nAAHKkt3kzHWrNgqovPF4oIgGcufBngI/view?usp=sharing,1,58,FALSE,
66627,Mario Thái Cường x Prostate_expert_ken,https://xemtrai.top/mario-thai-cuong-x-prostate_expert_ken/,https://upload.xemtrai.top/2024/08/Mario-x-Ken-720x380.jpg,Gay video; Vietnam video,https://drive.google.com/file/d/19iDflbb2DLrW10PUyajpjuYdwo0xMIIM/view?usp=sharing,1,58,FALSE,
66626,Seachan x Big cock boy,https://xemtrai.top/seachan-x-big-cock-boy/,https://upload.xemtrai.top/2024/08/Seachan-x-big-cock-720x380.jpg,Gay video; Vietnam video,https://drive.google.com/file/d/1BDWfMWcH8v86iRWA4icnwRFV-9zARxbN/view?usp=sharing,1,58,FALSE,
66556,Baron Anh Huy x Frong (frxng89),https://xemtrai.top/baron-anh-huy-x-frong-frxng89/,https://upload.xemtrai.top/2024/08/Baron-x-Frong.mp4_20240807_213857.293-720x380.jpg,Gay video; Vietnam video,https://drive.google.com/file/d/1Qb9QpW3E9hElitcmTcUrTOb3roR2VDLo/view?usp=sharing,1,58,FALSE,
66561,Cutotop1991 x Tattoo guy,https://xemtrai.top/cutotop1991-x-tattoo-guy-2/,https://upload.xemtrai.top/2024/08/cutotop-720x380.jpg,Gay video; Vietnam video,https://drive.google.com/file/d/1GeSc0m597KTU8WscrPF4ckwEDs2lVpPr/view?usp=sharing,1,58,FALSE,
66557,BageliJun x GGJF18top x Hangin0929,https://xemtrai.top/bagelijun-x-ggjf18top-x-hangin0929/,https://upload.xemtrai.top/2024/08/bagelijun-720x380.jpg,Asia video; Gay video,https://drive.google.com/file/d/1ovPRlU-43St22kZJW_mHhmRjMhiXVh04/view?usp=sharing,1,59,FALSE,
66560,Liam870603,https://xemtrai.top/liam870603/,https://upload.xemtrai.top/2024/08/Liam-720x380.jpg,Asia video; Gay video,https://drive.google.com/file/d/1fruaagwo0nFI0Ap-9MtqLaVgLDeeJtxN/view?usp=sharing,1,59,FALSE,
66559,Zi_feng x Batman P2,https://xemtrai.top/zi_feng-x-batman-p2/,https://upload.xemtrai.top/2024/08/Zi_feng-x-Batman-P2.mp4_20240807_193742.361-720x380.jpg,Asia video; Gay video,https://drive.google.com/file/d/1Jt3v917PWFiuBE1N8KgMTqdhtKtZBkmH/view?usp=sharing,1,59,FALSE,
66558,Zi_feng x Batman P1,https://xemtrai.top/zi_feng-x-batman-p1/,https://upload.xemtrai.top/2024/08/48870260_1700231456-720x380.jpg,Asia video; Gay video,https://drive.google.com/file/d/1FMwBsEmAVOLI7EP1hL494N0O4vnwEyMy/view?usp=sharing,1,59,FALSE,
66499,David_lychan x boy slim dick 19cm,https://xemtrai.top/david_lychan-x-boy-slim-dick-19cm/,https://upload.xemtrai.top/2024/08/David_lychan-x-boy-slim-dick-19cm.mp4_20240806_200119.918-720x380.jpg,Gay video; Vietnam video,https://drive.google.com/file/d/1RFDUbDyVL59Lfjn3jLCvkREMj4Dlwkx8/view?usp=sharing,1,59,FALSE,
66498,OF Benkim,https://xemtrai.top/of-benkim/,https://upload.xemtrai.top/2024/08/benkim-720x380.jpg,Asia video; Gay video,https://drive.google.com/file/d/1q_Mn7MlezXzcoWcIc328TOyL5hSv1aDa/view?usp=sharing,1,59,FALSE,
66502,Lê Đức Nghĩa làm bot,https://xemtrai.top/le-duc-nghia-lam-bot/,https://upload.xemtrai.top/2024/08/Le-Duc-Nghia-720x380.jpg,Gay video; Vietnam video,https://drive.google.com/file/d/1oehsdSA3E8_MNzKDrtUiIJurrIjG6Brh/view?usp=sharing,1,59,FALSE,
66500,Fansone – 1005104003,https://xemtrai.top/fansone-1005104003-2/,https://upload.xemtrai.top/2024/08/46416817_1722933517-1-720x380.jpg,Asia video; Gay video,https://drive.google.com/file/d/15Zk8JRNeEkfVDtbiY9x33fMZE_FpBQSr/view?usp=sharing,1,59,FALSE,
66504,宿舍網約 – Cuộc hẹn trong ký túc xá,https://xemtrai.top/%e5%ae%bf%e8%88%8d%e7%b6%b2%e7%b4%84-cuoc-hen-trong-ky-tuc-xa/,https://upload.xemtrai.top/2024/08/83888742_1722932059-720x380.jpg,Asia video; Gay video,https://drive.google.com/file/d/1xsNorEE7P-usei7QlmhW4t9gIZSLIW3C/view?usp=sharing,1,59,FALSE,
66501,[X/twitter] lannanh,https://xemtrai.top/x-twitter-lannanh/,https://upload.xemtrai.top/2024/08/92502230_1722931994-1-720x380.jpg,Asia video; Gay video,https://drive.google.com/file/d/1SYBPd438DvOzhIQ1Kj2NxNi-FsJxN6SY/view?usp=sharing,1,59,FALSE,
66415,Kenvin Nguyễn Tiến Quân x Kuaysuper fuck girl,https://xemtrai.top/kenvin-nguyen-tien-quan-x-kuaysuper-fuck-girl/,https://upload.xemtrai.top/2024/08/callmekenvin-x-kuaysuper-threesome-fuck-girl.mp4_20240805_194703.949-720x380.jpg,Girl video; Vietnam video,https://drive.google.com/file/d/1MKv_vwTkDN94n449HWRDgDYhowSiRNBC/view?usp=sharing,1,59,FALSE,
66417,Lê Ngọc Minh x Logan Nguyen – Hot str8 P2,https://xemtrai.top/le-ngoc-minh-x-logan-nguyen-hot-str8-p2/,https://upload.xemtrai.top/2024/08/LeNgocMinh-x-Logan-Hot-str8-P2.mp4_20240805_200417.071-720x380.jpg,Gay video; Vietnam video,https://drive.google.com/file/d/1OTC0xVpNlEUcphi8RsRgLj2pufKqijgg/view?usp=sharing,1,59,FALSE,
66414,Binkycum x Top Nha Trang 2k2 – P3,https://xemtrai.top/binky-cum-x-top-nha-trang-2k2-p3/,https://upload.xemtrai.top/2024/08/binky-720x380.jpg,Gay video; Vietnam video,https://drive.google.com/file/d/12PR0wkKSIB1Kp2WyRLdsiZjHnluNIh5Z/view?usp=sharing,1,59,FALSE,
66418,Top Cần Thơ,https://xemtrai.top/top-can-tho/,https://upload.xemtrai.top/2024/08/topcantho09.mp4_20240805_194857.763-720x380.jpg,Gay video; Vietnam video,https://drive.google.com/file/d/1dgebET-NaoesC3YV6HpIw91Lt9FJSg_L/view?usp=sharing,1,59,FALSE,
66416,Cutotop1991 chơi em bot khẩu dâm “ước gì được 2 con cặc đụ”,https://xemtrai.top/cutotop1991-choi-em-bot-khau-dam-uoc-gi-duoc-2-con-cac-du/,https://upload.xemtrai.top/2024/08/cutotop1991-720x380.jpg,Gay video; Vietnam video,https://drive.google.com/file/d/1bopco7xK-3HU1KAwq40K1hs26-bQgGKW/view?usp=sharing,1,59,FALSE,
66420,Xiaoqiu Linjie,https://xemtrai.top/xiaoqiu-linjie/,https://upload.xemtrai.top/2024/08/page-720x380.jpg,Asia video; Gay video,https://drive.google.com/file/d/1gHHzP_VjwgMWs9yhUn1Wxl9IxcTW5Hgq/view?usp=sharing,1,59,FALSE,
66421,ZYASIA,https://xemtrai.top/zyasia/,https://upload.xemtrai.top/2024/08/78580247_1722836668-720x380.jpg,Asia video; Gay video,https://drive.google.com/file/d/1M0a7S17oJCfi1f71sdBWsoatG-UkVNRp/view?usp=sharing,1,59,FALSE,
66354,Lê Ngọc Minh x Logan Nguyen – Hot str8 P1,https://xemtrai.top/le-ngoc-minh-x-logan-nguyen-hot-str8-p1/,https://upload.xemtrai.top/2024/08/LeNgocMinh-x-Logan-Hot-str8-P1.mp4_20240804_202223.784-720x380.jpg,Gay video; Vietnam video,https://drive.google.com/file/d/1GycJgpaXSqxRtjt9tnHaS7l3y14jePH0/view?usp=sharing,1,59,FALSE,
66395,Kenvin – Nguyễn Tiến Quân x Titus Low,https://xemtrai.top/kenvin-nguyen-tien-quan-x-titus-low/,https://upload.xemtrai.top/2024/08/Callmekenvin-x-Titus-Low.mp4_20240804_210750.400-720x380.jpg,Gay video; Vietnam video,https://drive.google.com/file/d/1zrHt_-0ziAvJ-yhIc1ORG1jIU_zZAbuo/view?usp=sharing,1,60,FALSE,
66350,Frong – Frxng89,https://xemtrai.top/frong-frxng89-2/,https://upload.xemtrai.top/2024/08/Z5lSabQC-Frong-720x380.jpg,Asia video; Gay video,https://drive.google.com/file/d/1NBh4x0V5nuINd8sY5tTAkQC-r5xMaQmQ/view?usp=sharing,1,60,FALSE,
66353,Justfor fans – Kamahuhu 3some P2,https://xemtrai.top/justfor-fans-kamahuhu-3some-p2/,https://upload.xemtrai.top/2024/08/96999478_1722688761-720x380.jpg,Asia video; Gay video,https://drive.google.com/file/d/1fqgk01Wzg_iI9vbvzCaE4YtmEbmLpcUG/view?usp=sharing,1,60,FALSE,
66352,Justfor fans – Kamahuhu 3some P1,https://xemtrai.top/justfor-fans-kamahuhu-3some-p1/,https://upload.xemtrai.top/2024/08/94917744_1722688782-720x380.jpg,Asia video; Gay video,https://drive.google.com/file/d/1m6kGzEfJ1SlBD9rkJU0noXUu-bVm1O09/view?usp=sharing,1,60,FALSE,
66305,Baron Anh Huy x Blackpeachboy,https://xemtrai.top/baron-anh-huy-x-blackpeachboy/,https://upload.xemtrai.top/2024/08/Baron-720x380.jpg,Gay video; Vietnam video,https://drive.google.com/file/d/1UWNzzRcPiiAI-36jo20hn9ZFfJ1BuCe2/view?usp=sharing,1,60,FALSE,
66304,Binkycum x Top Nha Trang 2k2 P2,https://xemtrai.top/binky-cum-x-top-nha-trang-2k2-p2/,https://upload.xemtrai.top/2024/08/Binkycum-x-Top-Nha-Trang-P.mp4_20240803_202346.789-720x380.jpg,Gay video; Vietnam video,https://drive.google.com/file/d/1H-0I9APEK9w7wXrIrNd5V4f1a5wUsDkV/view?usp=sharing,1,60,FALSE,
66306,Hoa nắng boy – Tấn x Dương (áo thể thao),https://xemtrai.top/hoa-nang-boy-tan-x-duong-ao-the-thao/,https://upload.xemtrai.top/2024/08/Hoa-nang-boy-Tan-x-Duong-720x380.jpg,Gay video; Vietnam video,https://drive.google.com/file/d/1Dl2Aoc81K1-aaRRKDOqbkjnHdZ1T6ocj/view?usp=sharing,1,60,FALSE,
66276,David_lychan chịch em bot từ phòng ngủ ra phòng tắm,https://xemtrai.top/david_lychan-chich-em-bot-tu-phong-ngu-ra-phong-tam/,https://upload.xemtrai.top/2024/08/David_lychan-bed-and-bath.mp4_20240802_212224.027-720x380.jpg,Gay video; Vietnam video,https://drive.google.com/file/d/1SFsp4czctbhvNBtk8fi_kgzx8zJFDREv/view?usp=sharing,1,60,FALSE,
66275,Binkycum x Top Nha Trang 2k2 P1,https://xemtrai.top/binky-cum-x-top-nha-trang-2k2-p1/,https://upload.xemtrai.top/2024/08/Binky-720x380.jpg,Gay video; Vietnam video,https://drive.google.com/file/d/1DgwM5JHc2sUDUcnej22ZWLPHDeoCkIvh/view?usp=sharing,1,60,FALSE,
66279,Baker – LongTongueBoyVN x Lady boy áo đỏ – P2,https://xemtrai.top/baker-longtongueboyvn-x-lady-boy-ao-do-p2/,https://upload.xemtrai.top/2024/08/caubeluoidai-720x380.jpg,Transgender; Vietnam video,https://drive.google.com/file/d/1JQuOgTxtTluKrX8AHgKJ6v3Y49-SCW2k/view?usp=sharing,1,60,FALSE,
66277,Seachan x Top slim body,https://xemtrai.top/seachan-x-top-slim-body/,https://upload.xemtrai.top/2024/08/Seachan-720x380.jpg,Gay video; Vietnam video,https://drive.google.com/file/d/1zILSxzvmn4ciUZYpCtGctdx7DKHhiQAt/view?usp=sharing,1,60,FALSE,
66211,"Sleepless Night – Ho Vinh Khoa, Rhonee & JustinTheJocK3X",https://xemtrai.top/sleepless-night-ho-vinh-khoa-rhonee-justinthejock3x/,https://upload.xemtrai.top/2024/08/HVK-Sleepless-Night.mp4_20240801_204816.980-720x380.jpg,Gay video; Vietnam video,https://drive.google.com/file/d/1EYqMuouR463yhq2YscSt2zhb9vU6_Lu2/view?usp=sharing,1,60,FALSE,
66206,Binkycum x Gymer trai thẳng 1995 cu 19cm P1-3,https://xemtrai.top/binky-cum-x-gymer-trai-thang-1995-cu-19cm-p1-3/,https://upload.xemtrai.top/2024/08/binky-cum-720x380.jpg,Gay video; Vietnam video,https://drive.google.com/file/d/118uRLggOJ2ksIAjTmNtEKY2AVYItEQLQ/view?usp=sharing,1,60,FALSE,
66209,GAYDAR – GD-013,https://xemtrai.top/gaydar-gd-013/,https://upload.xemtrai.top/2024/08/2024-08-01-720x380.png,Asia video; Gay video,https://drive.google.com/file/d/1Rv1fhj-HWRj_xHjc63FB-5huBRGm691y/view?usp=sharing,1,60,FALSE,
66210,Semencd,https://xemtrai.top/semencd/,https://upload.xemtrai.top/2024/08/98695630_1722465146-720x380.jpg,Asia video; Gay video,https://drive.google.com/file/d/1fKNpemwyhdeBHgHekyNWrLqUIanstfBc/view?usp=sharing,1,60,FALSE,
66207,Frong – Frxng89 x Ladyboy,https://xemtrai.top/frong-frxng89-x-ladyboy-3/,https://upload.xemtrai.top/2024/08/40081454_1720355319-720x380.jpg,Asia video; Transgender,https://drive.google.com/file/d/12SkJw5CDjR3IDazDmMjA5ZZXIgRXw_5m/view?usp=sharing,1,60,FALSE,
66208,Frong – Frxng89 x Ladyboy AyvrLps,https://xemtrai.top/frong-frxng89-x-ladyboy-ayvrlps/,https://upload.xemtrai.top/2024/08/Frong-720x380.jpg,Asia video; Transgender,https://drive.google.com/file/d/1T9aiJy9nXKeTJ6cGv4OxtyMKFmFEAJVT/view?usp=sharing,1,60,FALSE,
66135,Xingfufu – Bevis Trần Đức Vương – Group crazy,https://xemtrai.top/xingfufu-bevis-tran-duc-vuong-group-crazy/,https://upload.xemtrai.top/2024/07/36566248_1722001369-720x380.jpg,Gay video; Vietnam video,https://drive.google.com/file/d/1OvoFqkPoT20hRJ3qfgnHcrdDF_opi0sl/view?usp=sharing,1,60,FALSE,
66134,Binkycum x Gymer trai thẳng 1995 cu 19cm P1-2,https://xemtrai.top/binky-cum-x-gymer-trai-thang-1995-cu-19cm-p1-2/,https://upload.xemtrai.top/2024/07/6JPYHRcN-binky-cum-P2-720x380.jpg,Gay video; Vietnam video,https://drive.google.com/file/d/1H9KpxKsXNSTcznLEPmpvVkUcoBGccQFq/view?usp=sharing,1,61,FALSE,
66136,Cutotop1991 chơi 3some với em bot dâm,https://xemtrai.top/cutotop1991-choi-3some-voi-em-bot-dam/,https://upload.xemtrai.top/2024/07/3c2Vstkk-cutotop1991-720x380.jpg,Gay video; Vietnam video,https://drive.google.com/file/d/1GGRaFgxeuiXy6RrQrixPC3xusWvJ8adq/view?usp=sharing,1,61,FALSE,
66139,Hankv17 x Bank (bikerz_mechanic),https://xemtrai.top/hankv17-x-bank-bikerz_mechanic/,https://upload.xemtrai.top/2024/07/69641939_1722344718-720x380.jpg,Asia video; Gay video,https://drive.google.com/file/d/1WM_-05Ld_1pPEW87YrL0kiNZWBZ_SC7O/view?usp=sharing,1,61,FALSE,
66137,Fansone – 1005104003,https://xemtrai.top/fansone-1005104003/,https://upload.xemtrai.top/2024/07/page2-720x380.jpg,Asia video; Gay video,https://drive.google.com/file/d/1uZ5ZB1jh60SfxmiLgvU34aVkckoHy6fl/view?usp=sharing,1,61,FALSE,
66138,藍小果系列,https://xemtrai.top/%e8%97%8d%e5%b0%8f%e6%9e%9c%e7%b3%bb%e5%88%97/,https://upload.xemtrai.top/2024/07/pagea-720x380.jpg,Asia video; Gay video,https://drive.google.com/file/d/1TcwP_lfGC8d6S-whCRHu4hzf8g43_lvt/view?usp=sharing,1,61,FALSE,
66090,Logan x Pinky Nguyen x Mario Thái Cường – The tattooed brother,https://xemtrai.top/logan-x-pinky-nguyen-x-mario-thai-cuong-the-tattooed-brother/,https://upload.xemtrai.top/2024/07/Logan-x-Pinky-x-Mario.mp4_20240730_211420.196-720x380.jpg,Gay video; Vietnam video,https://drive.google.com/file/d/1dVvOBdVz_sTVl2WlVphTK3gPJetdURi6/view?usp=sharing,1,61,FALSE,
66091,Baker – LongTongueBoyVN x Lady boy áo đỏ – P1 (caubeluoidai),https://xemtrai.top/baker-longtongueboyvn-x-lady-boy-ao-do-p1-caubeluoidai/,https://upload.xemtrai.top/2024/07/caubeluoidai-720x380.jpg,Transgender; Vietnam video,https://drive.google.com/file/d/1UzmgHvnWcsQJjyh2Mw1orIS1uS0-8G2e/view?usp=sharing,1,61,FALSE,
66086,Traicongso1989 đụ bot từ sofa lên giường,https://xemtrai.top/traicongso1989-du-bot-tu-sofa-len-giuong/,https://upload.xemtrai.top/2024/07/16542907_1610470376-720x380.jpg,Gay video; Vietnam video,https://drive.google.com/file/d/1TMxvX21yNlvPoPyTTxU6erAV4eLhOSZI/view?usp=sharing,1,61,FALSE,
66089,Boner Sex Addict x Lang kuangku – P3,https://xemtrai.top/boner-sex-addict-x-lang-kuangku-p3/,https://upload.xemtrai.top/2024/07/3-61012028_1706945142-720x380.jpg,Asia video; Gay video,https://drive.google.com/file/d/1LcdYf0Tjbvrg3gNlKSwhQkOed2hK24EQ/view?usp=sharing,1,61,FALSE,
66088,Boner Sex Addict x Lang kuangku – P2,https://xemtrai.top/boner-sex-addict-x-lang-kuangku-p2/,https://upload.xemtrai.top/2024/07/2-65220944_1706005927-720x380.jpg,Asia video; Gay video,https://drive.google.com/file/d/1naEtEf7oo-Y34eFYdMyGzk-am3ldq5sV/view?usp=sharing,1,61,FALSE,
66087,Boner Sex Addict x Lang kuangku – P1,https://xemtrai.top/boner-sex-addict-x-lang-kuangku-p1/,https://upload.xemtrai.top/2024/07/1-58304949_1704462548-720x380.jpg,Asia video; Gay video,https://drive.google.com/file/d/1_ACnbxhzg09q6NlsMOxsVWCTPL2ulv9h/view?usp=sharing,1,61,FALSE,
66020,Titus Low x Semenx,https://xemtrai.top/titus-low-x-semenx/,https://upload.xemtrai.top/2024/07/TitusxSemenX-720x380.jpg,Gay video; Thailand video,https://drive.google.com/file/d/1Q8bTSOlDac93vn2fDbRe_ZerbBM4y-C-/view?usp=sharing,1,61,FALSE,
66015,Binkycum x Gymer trai thẳng 1995 cu 19cm P1-1,https://xemtrai.top/binky-cum-x-gymer-trai-thang-1995-cu-19cm-p1-1/,https://upload.xemtrai.top/2024/07/Binky-1995-P1-720x380.jpg,Gay video; Vietnam video,https://drive.google.com/file/d/1Z5UgvOkGNlo2UW-2Lhe547NVQWYy6Fo6/view?usp=sharing,1,61,FALSE,
66018,Cutotop1991 x Tattoo guy,https://xemtrai.top/cutotop1991-x-tattoo-guy/,https://upload.xemtrai.top/2024/07/Cutotop1991-x-Tattoo-guy-720x380.jpg,Gay video; Vietnam video,https://drive.google.com/file/d/1Fc7zJPrCi4GcdHNWBG_Hw8pZ1QC71jLu/view?usp=sharing,1,61,FALSE,
66017,Boner Sex Addict x KianRaiX P2,https://xemtrai.top/boner-sex-addict-x-kianraix-p2/,https://upload.xemtrai.top/2024/07/BonerSexAddict-KianRaiX-P2-720x380.jpg,Asia video; Gay video,https://drive.google.com/file/d/1wojFGkcvkpE5JH_qaGz6iOANt3Jrv6YS/view?usp=sharing,1,61,FALSE,
66016,Boner Sex Addict x KianRaiX P1,https://xemtrai.top/boner-sex-addict-x-kianraix-p1/,https://upload.xemtrai.top/2024/07/BonerSexAddict-KianRaiX-P1-720x380.jpg,Asia video; Gay video,https://drive.google.com/file/d/11YAwzimA8dt_TMMmtooLH-BB5Bp39-MX/view?usp=sharing,1,61,FALSE,
66019,Justfor – LANG 3some,https://xemtrai.top/justfor-lang-3some/,https://upload.xemtrai.top/2024/07/Justfor-LANG-3some.mp4_20240729_193933.567-720x380.jpg,Asia video; Gay video,https://drive.google.com/file/d/1ys3NQLIuLabpbFzC7Sfvkh1iruHZy7Oi/view?usp=sharing,1,61,FALSE,
65945,Baron Anh Huy x Maioak,https://xemtrai.top/baron-anh-huy-x-maioak/,https://upload.xemtrai.top/2024/07/Baron-Maioak.mp4_20240728_202524.551-720x380.jpg,Gay video; Vietnam video,https://drive.google.com/file/d/1r764A6_jJ9CZJXUNP6HJn7p24UMXHNEF/view?usp=sharing,1,61,FALSE,
65948,David_lychan x Bot nhún,https://xemtrai.top/david_lychan-x-bot-nhun/,https://upload.xemtrai.top/2024/07/3O914Be2-David_lychan-720x380.jpg,Gay video; Vietnam video,https://drive.google.com/file/d/1GrKYBHpEjJ73RljUKhcpzv1HmSZR2cAa/view?usp=sharing,1,62,FALSE,
65944,Binkycum x Top 19cm,https://xemtrai.top/binky-cum-x-top-19cm/,https://upload.xemtrai.top/2024/07/Binkycum-x-Top-18cm-720x380.jpg,Gay video; Vietnam video,https://drive.google.com/file/d/1yBckpb2oeltIuKnCUPosc4ivzY3CPDiF/view?usp=sharing,1,62,FALSE,
65946,Cutotop1991 x Bot slim body,https://xemtrai.top/cutotop1991-x-bot-slim-body/,https://upload.xemtrai.top/2024/07/9I009aHy-Cutotop1991-720x380.jpg,Gay video; Vietnam video,https://drive.google.com/file/d/1lwbhUODwxniGeMDQK0lhDXdqvX0OYIgR/view?usp=sharing,1,62,FALSE,
65947,Chinkou x Cody,https://xemtrai.top/chinkou-x-cody/,https://upload.xemtrai.top/2024/07/Chinkou-720x380.jpg,Asia video; Gay video,https://drive.google.com/file/d/1N6Esh4hvA4JbGe6JT-mtCfHtki71X4YN/view?usp=sharing,1,62,FALSE,
65950,Prostate_expert_ken x Smukouzune,https://xemtrai.top/prostate_expert_ken-x-smukouzune/,https://upload.xemtrai.top/2024/07/34821809_1697969458.jpg,Asia video; Gay video,https://drive.google.com/file/d/1Go63DI6PM-WKm9I2LUgG9W4spscqQpwj/view?usp=sharing,1,62,FALSE,
65949,Justfor – LANG,https://xemtrai.top/justfor-lang-5/,https://upload.xemtrai.top/2024/07/Justfor-LANG.mp4_20240728_203515.571-720x380.jpg,Asia video; Gay video,https://drive.google.com/file/d/1yaK90EkmJJfsAvA3pFtlaeB_SX--faLP/view?usp=sharing,1,62,FALSE,
65896,Bevis.asian – Trần Đức Vương – CucKold,https://xemtrai.top/bevis-asian-tran-duc-vuong-cuckold/,https://upload.xemtrai.top/2024/07/Bevis.asian-cuckold.mp4_20240727_200432.961-720x380.jpg,Girl video; Vietnam video,https://drive.google.com/file/d/1h_LWZKL-vwbZICRYHwu0vdSt0hD7XxGT/view?usp=sharing,1,62,FALSE,
65898,Pinky Nguyen x Mario Thái Cường (mariosugar2107) – Fucking for the summer,https://xemtrai.top/pinky-nguyen-x-mario-thai-cuong-mariosugar2107/,https://upload.xemtrai.top/2024/07/PinkyNguyen-x-Mario.mp4_20240727_200512.901-720x380.jpg,Gay video; Vietnam video,https://drive.google.com/file/d/1aOcMTq8ul0nB-q-mwmRWL4DSj9GeTNzE/view?usp=sharing,1,62,FALSE,
65900,Binkycum – 2 em trai 2k4 và 2k5 – P4,https://xemtrai.top/binky-cum-2-em-trai-2k4-va-2k5-p4/,https://upload.xemtrai.top/2024/07/9Fiu3I4N-binky-cum-720x380.jpg,Gay video; Vietnam video,https://drive.google.com/file/d/1ynSGs4m2Ly8RS-LSKd-c5cMxNc8DG5AP/view?usp=sharing,1,62,FALSE,
65899,Teacher Praew,https://xemtrai.top/teacher-praew/,https://upload.xemtrai.top/2024/07/32414930_1722000563-720x380.jpg,Asia video; Transgender,https://drive.google.com/file/d/1-fCbwC0OjleBlK6ylgQiMCMYiq9JEFId/view?usp=sharing,1,62,FALSE,
65844,"Cook & Cum – Ho Vinh Khoa, Rhonee & Taylor Reign (photo+video)",https://xemtrai.top/cook-cum-ho-vinh-khoa-rhonee-taylor-reign-photovideo/,https://upload.xemtrai.top/2024/07/HoVinhKhoa-Cook-Cum.mp4_20240726_203545.348-720x380.jpg,Europe photo; Gay video; Photo Set; Thailand photo; Vietnam photo; Vietnam video,https://drive.google.com/drive/folders/1UKDnlHYEd5GL0G1uOhoCOLamJrciPg2p?usp=sharing; https://drive.google.com/file/d/1HazmFBzjM9Uds5ALHCiNNaDu28ke1_8c/view?usp=sharing,2,62,FALSE,
65848,Baron Anh Huy x Lê Nam x Jallgone,https://xemtrai.top/baron-anh-huy-x-le-nam-x-jallgone/,https://upload.xemtrai.top/2024/07/Baron-x-LeNam-x-Jallgone.mp4_20240726_202217.038-720x380.jpg,Gay video; Vietnam video,https://drive.google.com/file/d/1hB_YLbkh5o2wh83rH6DvWlJDjDNc_rRq/view?usp=sharing,1,62,FALSE,
65847,Binkycum – 2 em trai 2k4 và 2k5 – P3,https://xemtrai.top/binky-cum-2-em-trai-2k4-va-2k5-p3/,https://upload.xemtrai.top/2024/07/BInkycum-720x380.jpg,Gay video; Vietnam video,https://drive.google.com/file/d/1_1gzfOFmIJY-5fzpo29IfF3_nZ2Ff1qb/view?usp=sharing,1,62,FALSE,
65846,Mario Thái Cường (mariosugar2107) x Hiroshi koh – In bathroom,https://xemtrai.top/mario-thai-cuong-mariosugar2107-x-hiroshi-koh-in-bathroom/,https://upload.xemtrai.top/2024/07/dlpsWwga-Mario-720x380.jpg,Gay video; Vietnam video,https://drive.google.com/file/d/1GeuKkGYREkhZwLFYlmkan6jTFtDvBpc1/view?usp=sharing,1,62,FALSE,
65849,Seachan – Nhân viên chịch khách dâm,https://xemtrai.top/seachan-nhan-vien-chich-khach-dam/,https://upload.xemtrai.top/2024/07/Seachan-Nhan-vien-chich-khach-dam.mp4_20240726_202008.152-720x380.jpg,Gay video; Vietnam video,https://drive.google.com/file/d/1Jx0Q88P1yvxiAGR6cCmysiEjJqYEh0GU/view?usp=sharing,1,62,FALSE,
65792,Seachan x Kc_inbkk,https://xemtrai.top/seachan-x-kc_inbkk/,https://upload.xemtrai.top/2024/07/vw4yWmEY-Seachan-720x380.jpg,Gay video; Vietnam video,https://drive.google.com/file/d/19bmQhqh0f3u_dGVfwMNLURdRis4tyzhV/view?usp=sharing,1,62,FALSE,
65790,Mario Thái Cường (mariosugar2107) x Hiroshi koh – On bed,https://xemtrai.top/mario-thai-cuong-mariosugar2107-x-hiroshi-koh/,https://upload.xemtrai.top/2024/07/Mario-720x380.jpg,Gay video; Vietnam video,https://drive.google.com/file/d/10pz3I2Vgvl3Mib3Nc5BnvD4wEK9m0b3k/view?usp=sharing,1,62,FALSE,
65791,Binkycum – 2 em trai 2k4 và 2k5 – P2,https://xemtrai.top/binky-cum-2-em-trai-2k4-va-2k5-p2/,https://upload.xemtrai.top/2024/07/binky-cum-P2-720x380.jpg,Gay video; Vietnam video,https://drive.google.com/file/d/1GlbY2DMF_26K2JRu4SsdtqpAGlbj-vZS/view?usp=sharing,1,62,FALSE,
65793,SemenX x Thunder Man (man999xx) EP3,https://xemtrai.top/semenx-x-thunder-man-man999xx-ep3/,https://upload.xemtrai.top/2024/07/SemenX-x-Thunder-Man-man999xx-EP3.mp4_20240725_203941.886-720x380.jpg,Gay video; Thailand video,https://drive.google.com/file/d/1C9_g8d0R0dtoHXlQ39m3pv6qOrE2tnGP/view?usp=sharing,1,63,FALSE,
65789,TantanEvan x Jkab Ethan Dale,https://xemtrai.top/tantanevan-x-jkab-ethan-dale-2/,https://upload.xemtrai.top/2024/07/TantanEvan-x-Jkab-Ethan-Dale.mp4_20240725_204219.261-720x380.jpg,Asia video; Gay video,https://drive.google.com/file/d/1wJ81IXXlnGufXet5Z8uUxWjJYoaFf9Yd/view?usp=sharing,1,63,FALSE,
65703,Baron Anh Huy x Tony Hùng,https://xemtrai.top/baron-anh-huy-x-tony-hung/,https://upload.xemtrai.top/2024/07/baron-x-Tony-720x380.jpg,Gay video; Vietnam video,https://drive.google.com/file/d/1VvKymNck2pAsiA-KEoDGdiqyf2iIr9b0/view?usp=sharing,1,63,FALSE,
65708,Seachan x Big boy PT,https://xemtrai.top/seachan-x-big-boy-pt/,https://upload.xemtrai.top/2024/07/Seachan-x-big-boy-PT-720x380.jpg,Straight guys; Vietnam video,https://drive.google.com/file/d/1MWgpVh5XVUQ7X6RvVMIcFPfoV2Pgv3mo/view?usp=sharing,1,63,FALSE,
65709,SemenX x Thunder Man (man999xx) EP2,https://xemtrai.top/semenx-x-thunder-man-man999xx-ep2/,https://upload.xemtrai.top/2024/07/SemenX-x-Thunder-Man-man999xx-EP2.mp4_20240724_203848.166-720x380.jpg,Gay video; Thailand video,https://drive.google.com/file/d/1926UUAOEXqPP_h-DR0CGlFXYvFUc6_Ts/view?usp=sharing,1,63,FALSE,
65705,Frong – Frxng89 solo,https://xemtrai.top/frong-frxng89-solo/,https://upload.xemtrai.top/2024/07/Frong-720x380.jpg,Asia video; Solo,https://drive.google.com/file/d/1b4Y-jWFluRCsg9XtVdslsf8BNw5G50fW/view?usp=sharing,1,63,FALSE,
65707,Zhiyugg – 子羽哥哥 x ptrli00005,https://xemtrai.top/zhiyugg-%e5%ad%90%e7%be%bd%e5%93%a5%e5%93%a5-x-ptrli00005/,https://upload.xemtrai.top/2024/07/phtrli00005-720x380.jpg,Asia video; Gay video,https://drive.google.com/file/d/1teKXBbMm8UQVCHukscbr1bRz3k0wmoDd/view?usp=sharing,1,63,FALSE,
65702,Hospital – Bagelijun x hiroya_nt x Shentiyuge x GGJF18top x 2022mxz,https://xemtrai.top/hospital-bagelijun-x-hiroya_nt-x-shentiyuge-x-ggjf18top-x-2022mxz/,https://upload.xemtrai.top/2024/07/BageliJun-720x380.jpg,Asia video; Gay video,https://drive.google.com/file/d/1XyDFrgwrHRU-C4TwpL52vU6GE05AnbcU/view?usp=sharing,1,63,FALSE,
65706,Chơi trai thẳng trong khách sạn,https://xemtrai.top/choi-trai-thang-trong-khach-san/,https://upload.xemtrai.top/2024/07/straight-720x380.jpg,Asia video; Gay video; Straight guys,https://drive.google.com/file/d/13t4xY5LfPVHsmJRGIFTtmDMHiq7zXON3/view?usp=sharing,1,63,FALSE,
65671,Baron Anh Huy x Andrechou,https://xemtrai.top/baron-anh-huy-x-andrechou/,https://upload.xemtrai.top/2024/07/Baron-x-Andrechou.mp4_20240723_201606.226-720x380.jpg,Gay video; Vietnam video,https://drive.google.com/file/d/1ElayTZ7w-_W6TcxpTdQhyrKQJ2mXm4Nb/view?usp=sharing,1,63,FALSE,
65670,Binkycum – 2 em trai 2k4 và 2k5 – P1,https://xemtrai.top/binky-cum-2-em-trai-2k4-va-2k5-p1/,https://upload.xemtrai.top/2024/07/binky-cum-2k4x2k5-720x380.jpg,Gay video; Vietnam video,https://drive.google.com/file/d/1TUL1hf6Hoh17n2vqtQbZKPAB8Zp3EkFO/view?usp=sharing,1,63,FALSE,
65672,Chuột chelsea x tattoo guy,https://xemtrai.top/chuot-chelsea-x-tattoo-guy/,https://upload.xemtrai.top/2024/07/chuotchelsea-720x380.jpg,Gay video; Vietnam video,https://drive.google.com/file/d/1XghyY27x_l2RZ9ZghI-wDy0OfsTpN7wZ/view?usp=sharing,1,63,FALSE,
65669,PTrainerTop,https://xemtrai.top/ptrainertop/,https://upload.xemtrai.top/2024/07/11484316_1721685309-720x380.jpg,Asia video; Gay video,https://drive.google.com/file/d/12RcewMeIJnV3N7ZXKK5eugbeBwhxc2pG/view?usp=sharing,1,63,FALSE,
65600,David_lychan x Tattoo guy,https://xemtrai.top/david_lychan-x-tattoo-guy/,https://upload.xemtrai.top/2024/07/arq5MlpZ-David_lychan-720x380.jpg,Gay video; Vietnam video,https://drive.google.com/file/d/1jslLpzskbfjqZWmqJq1RFzPHsqz5x0ib/view?usp=sharing,1,63,FALSE,
65604,Binkycum x Trai gym slave dâm P3,https://xemtrai.top/binky-cum-x-trai-gym-slave-dam-p3/,https://upload.xemtrai.top/2024/07/Jv21ITuK-binky-cum-720x380.jpg,Gay video; Vietnam video,https://drive.google.com/file/d/1JssZT_zeUUR7YfYp-1lBkpXKwWar_T2p/view?usp=sharing,1,63,FALSE,
65599,Cutotop1991 x Tattoo guy 4some,https://xemtrai.top/cutotop1991-x-tattoo-guy-4some/,https://upload.xemtrai.top/2024/07/zopEX5WZ-cutotop1991-720x380.jpg,Gay video; Vietnam video,https://drive.google.com/file/d/1v8naDct5ctqvmzt8e8LGmO3e43UFK2e6/view?usp=sharing,1,63,FALSE,
65601,SemenX x Thunder Man (man999xx) EP1,https://xemtrai.top/semenx-x-thunder-man-man999xx-ep1/,https://upload.xemtrai.top/2024/07/SemenX-man999xx.mp4_20240722_203257.985-720x380.jpg,Gay video; Thailand video,https://drive.google.com/file/d/10RCfLvVVrxk9800Nm4pbFYgWOgKRwYSi/view?usp=sharing,1,63,FALSE,
65603,TantanEvan x Porfi x Fitness Papi,https://xemtrai.top/tantanevan-x-porfi-x-fitness-papi/,https://upload.xemtrai.top/2024/07/G20TW240721GFDGTRH640BVCX56B07T.mp4_20240722_195435.520-720x380.jpg,Asia video; Gay video,https://drive.google.com/file/d/1Jz5dgM-yJNyHnMWTSOWaJSOnb-ISbACD/view?usp=sharing,1,63,FALSE,
65537,Xingfufu – Bevis.asian Trần Đức Vương – Hotboy Jerk Off,https://xemtrai.top/xingfufu-bevis-asian-hotboy-jerk-off/,https://upload.xemtrai.top/2024/07/Xingfufu-Bevis-Hotboy-Jerk-Off.mp4_20240721_204955.891-720x380.jpg,Solo; Vietnam video,https://drive.google.com/file/d/1w0-2_I29q_rstU7KUM1NAVkK78AYuPdu/view?usp=sharing,1,64,FALSE,
65536,Mario Thái Cường (mariosugar2107) x Batman,https://xemtrai.top/mario-thai-cuong-mariosugar2107-x-batman/,https://upload.xemtrai.top/2024/07/Mario-x-batman-720x380.jpg,Gay video; Vietnam video,https://drive.google.com/file/d/1Q5IZxEwTG5NqOAeTUQeCcqQ1hWLYQwFH/view?usp=sharing,1,64,FALSE,
65538,Binkycum x Trai gym slave dâm P2,https://xemtrai.top/binky-cum-x-trai-gym-slave-dam-p2/,https://upload.xemtrai.top/2024/07/MSYhN03m-binky-720x380.jpg,Gay video; Vietnam video,https://drive.google.com/file/d/15gSKxH-LHgsUfTCoC5cnd1EPBVLMAF7j/view?usp=sharing,1,64,FALSE,
65535,Frong – Frxng89,https://xemtrai.top/frong-frxng89/,https://upload.xemtrai.top/2024/07/41717134_1721562520-720x380.jpg,Asia video; Gay video,https://drive.google.com/file/d/1aCneWXsc0vLomJHJ9GbMpOPADUVe4S5C/view?usp=sharing,1,64,FALSE,
65534,Frong – Frxng89 x Ladyboy,https://xemtrai.top/frong-frxng89-x-ladyboy-2/,https://upload.xemtrai.top/2024/07/Frong-x-lady-720x380.jpg,Asia video; Transgender,https://drive.google.com/file/d/1z9XlWyE3KZrXD2lVEV-1oldBgPf9xQQe/view?usp=sharing,1,64,FALSE,
65533,Asian six pack man,https://xemtrai.top/asian-six-pack-man/,https://upload.xemtrai.top/2024/07/a-720x380.jpg,Asia video; Gay video,https://drive.google.com/file/d/1VkxX-EWF12eN05IwXNq1t1_g4WNx-RVi/view?usp=sharing,1,64,FALSE,
65480,Mario Thái Cường (mariosugar2107) x Hot guy from Indo,https://xemtrai.top/mario-thai-cuong-mariosugar2107-x-hot-guy-from-indo/,https://upload.xemtrai.top/2024/07/Mario-x-hot-guy-from-Indo.mp4_20240720_220249.529-720x380.jpg,Gay video; Vietnam video,https://drive.google.com/file/d/1dlpEooZR3QYnjlkP6XvW47ae1nEg_PLO/view?usp=sharing,1,64,FALSE,
65478,Binkycum x Trai gym slave dâm P1,https://xemtrai.top/binky-cum-x-trai-gym-slave-dam-p1/,https://upload.xemtrai.top/2024/07/57x6rjSv-Binky-cum-720x380.jpg,Gay video; Vietnam video,https://drive.google.com/file/d/1YUdbDheqZmKQR-dey9rh_F3u_TTU_k6C/view?usp=sharing,1,64,FALSE,
65477,Lê Ngọc Minh x Straight tattoo P2,https://xemtrai.top/le-ngoc-minh-x-straight-tattoo-p2/,https://upload.xemtrai.top/2024/07/leNgocMinh-720x380.jpg,Gay video; Vietnam video,https://drive.google.com/file/d/1x-hi0bzT0etvuxZeCncTM3diN0Iugyl4/view?usp=sharing,1,64,FALSE,
65479,Seachan cosplay crossdresser,https://xemtrai.top/seachan-cosplay-crossdresser/,https://upload.xemtrai.top/2024/07/tb1muMQt-Seachan-720x380.jpg,Gay video; Vietnam video,https://drive.google.com/file/d/1DhEzUCb1H4vKwfDIlLv867LndUm6XmzS/view?usp=sharing,1,64,FALSE,
65383,Lê Ngọc Minh x Straight tattoo P1,https://xemtrai.top/le-ngoc-minh-x-straight-tattoo-p1/,https://upload.xemtrai.top/2024/07/LeNgocMinh-x-Str8-720x380.jpg,Gay video; Vietnam video,https://drive.google.com/file/d/1cpXTc-QTOSgKxSTjVBqNL8n4K-TwNJjt/view?usp=sharing,1,64,FALSE,
65382,Binkycum x PT gym P3,https://xemtrai.top/binky-cum-x-pt-gym-p3/,https://upload.xemtrai.top/2024/07/binky-cum-P3-720x380.jpg,Gay video; Vietnam video,https://drive.google.com/file/d/1_N7lIwvB1HrSDWobCpaRHX-JnAbrCo2g/view?usp=sharing,1,64,FALSE,
65389,Cutotop1991 x bot gym slave,https://xemtrai.top/cutotop1991-x-bot-gym-slave/,https://upload.xemtrai.top/2024/07/Fq9P0mqY-cutotop1991-720x380.jpg,Gay video; Vietnam video,https://drive.google.com/file/d/1yba0ozyxlhVUZneeNXNp4FrSvJgWGFcM/view?usp=sharing,1,64,FALSE,
65464,James96997583 x Ladyboy,https://xemtrai.top/james96997583-x-ladyboy/,https://upload.xemtrai.top/2024/07/james-720x380.jpg,Asia video; Transgender,https://drive.google.com/file/d/1wBJ4waCt-ng87hYVy5o6ctFy70GfJCDC/view?usp=sharing,1,64,FALSE,
65384,HailiJiang x Vincent Tang (WingHong Tang),https://xemtrai.top/hailijiang-x-vincent-tang-winghong-tang/,https://upload.xemtrai.top/2024/07/HailiJiangxWingHongTang-720x380.jpg,Asia video; Gay video,https://drive.google.com/file/d/14wb9DnPzfTn7wsQciad8LJfcVwKrEw_f/view?usp=sharing,1,64,FALSE,
65388,Bagelijun x hiroya_nt x Shentiyuge x GGJF18top x 2022mxz,https://xemtrai.top/bagelijun-x-hiroya_nt-x-shentiyuge-x-ggjf18top-x-2022mxz/,https://upload.xemtrai.top/2024/07/Bagelijun-x-hiroya_nt-x-shentiyuge-x-GGJF18top-x-2022mxz-cover-720x380.jpg,Asia video; Gay video,https://drive.google.com/file/d/1WpxQ9EX0_N7YEEPu2mcGUFXPnnBM6rQQ/view?usp=sharing,1,64,FALSE,
65386,KMP5656,https://xemtrai.top/kmp5656/,https://upload.xemtrai.top/2024/07/KMP5656-720x380.jpg,Asia video; Gay video,https://drive.google.com/file/d/1i2i18JoY6g67eci6k8uD0wdFfK1isSuy/view?usp=sharing,1,64,FALSE,
65387,Justfor – LANG,https://xemtrai.top/justfor-lang-4/,https://upload.xemtrai.top/2024/07/Lang-720x380.jpg,Asia video; Gay video,https://drive.google.com/file/d/14Pd2fi5Si_R57cljWlNhkMq7_w0jYyIb/view?usp=sharing,1,64,FALSE,
65385,Zhiyugg – 子羽哥哥,https://xemtrai.top/zhiyugg-%e5%ad%90%e7%be%bd%e5%93%a5%e5%93%a5/,https://upload.xemtrai.top/2024/07/zhiyugg-720x380.jpg,Asia video; Gay video,https://drive.google.com/file/d/1bE0WDxG-wWKGCN7bzZHfKOJcHkpwWJqt/view?usp=sharing,1,65,FALSE,
65320,TantanEvan x Mario Thái Cường (mariosugar2107),https://xemtrai.top/tantanevan-x-mario-thai-cuong-mariosugar2107/,https://upload.xemtrai.top/2024/07/Mario-x-TanTanEvan.mp4_20240718_195627.554-720x380.jpg,Gay video; Vietnam video,https://drive.google.com/file/d/1cMizZhEEq6i4ZECsvCEjzT6v430jY11J/view?usp=sharing,1,65,FALSE,
65321,Binkycum x PT gym P2,https://xemtrai.top/binky-cum-x-pt-gym-p2/,https://upload.xemtrai.top/2024/07/Binky-cum-x-PT-gym-2-720x380.jpg,Gay video; Vietnam video,https://drive.google.com/file/d/1MGo6VvdbFdOHOsb8h-wKlA_Ydkq2K4Md/view?usp=sharing,1,65,FALSE,
65319,Security – Benz x Paul x Bank (bikerz_mechanic),https://xemtrai.top/security-benz-x-paul-x-bank-bikerz_mechanic/,https://upload.xemtrai.top/2024/07/photo_2024-03-24_20-59-36-720x380.jpg,Asia video; Gay video,https://drive.google.com/file/d/14fNbBuuecvDRBLtuKYsEPbaDkq7Way-w/view?usp=sharing,1,65,FALSE,
65322,Seachan x Top cặc bự,https://xemtrai.top/seachan-x-top-cac-bu/,https://upload.xemtrai.top/2024/07/iRn2HSs7-Seachan-720x380.jpg,Gay video; Vietnam video,https://drive.google.com/file/d/1wnmgIEWTFqY_FbyL_EpwEbDQSKKCHqOk/view?usp=sharing,1,65,FALSE,
65273,David_lychan x baby slim,https://xemtrai.top/david_lychan-x-baby-slim/,https://upload.xemtrai.top/2024/07/David_lychan-x-Baby-slim.mp4_20240717_212948.327-720x380.jpg,Gay video; Vietnam video,https://drive.google.com/file/d/1FpbpfEWF1JytSKSjGL_Fg4Q7us-FGwem/view?usp=sharing,1,65,FALSE,
65270,Binkycum x PT gym,https://xemtrai.top/binky-cum-x-pt-gym/,https://upload.xemtrai.top/2024/07/GTxjl8j5-binky-cum-720x380.jpg,Gay video; Vietnam video,https://drive.google.com/file/d/1evQBGvsWab4CmSQ1_h6rXA_XeA31c-Nf/view?usp=sharing,1,65,FALSE,
65271,Seachan x top body 6 múi,https://xemtrai.top/seachan-x-top-body-6-mui/,https://upload.xemtrai.top/2024/07/seachan-x-top-slim-6-mui-720x380.jpg,Gay video; Vietnam video,https://drive.google.com/file/d/1iDf-tP3rEbfj5K8guhDSXMyGDp_lVk9a/view?usp=sharing,1,65,FALSE,
65269,Andrechou x Batman,https://xemtrai.top/andrechou-x-batman/,https://upload.xemtrai.top/2024/07/Andrechou79-720x380.jpg,Asia video; Gay video,https://drive.google.com/file/d/1p-Ah37VtsHP7YH_e_6wJh-27UDGzOFpR/view?usp=sharing,1,65,FALSE,
65272,oscar10both,https://xemtrai.top/oscar10both/,https://upload.xemtrai.top/2024/07/33885705_1721219094-720x380.jpg,Asia video; Gay video,https://drive.google.com/file/d/1gpMJK2WfnN3E9UbnVsnTCTz0-FhlyUmX/view?usp=sharing,1,65,FALSE,
65268,Andrechou,https://xemtrai.top/andrechou/,https://upload.xemtrai.top/2024/07/23890105_1721218399-720x380.jpg,Asia video; Gay video,https://drive.google.com/file/d/1rBoZBU4aDg_i9UbnP0shYhKjjGEk7sIa/view?usp=sharing,1,65,FALSE,
65226,Pinky Nguyen x Winson Champa (Winson95),https://xemtrai.top/pinky-nguyen-x-winson-champa-winson95/,https://upload.xemtrai.top/2024/07/Winson-x-pinkyquocnguye.mp4_20240716_220339.076-720x380.jpg,Gay video; Vietnam video,https://drive.google.com/file/d/1vr7tq5C88dxEZ1eIZOxVdyqJ_Ckbiaey/view?usp=sharing,1,65,FALSE,
65229,Frong (Frxng89) x Ladyboy,https://xemtrai.top/frong-frxng89-x-ladyboy/,https://upload.xemtrai.top/2024/07/frxng-720x380.jpg,Asia video; Transgender,https://drive.google.com/file/d/1I1WJe46IAHxWALZFVWjWWFS_NWBbe7rw/view?usp=sharing,1,65,FALSE,
65230,Taehyun,https://xemtrai.top/taehyun/,https://upload.xemtrai.top/2024/07/75556636_1721128776-720x380.jpg,Asia video; Gay video,https://drive.google.com/file/d/1RJzCxwwATeMzAohnhJ7hNBWTPadHj-tT/view?usp=sharing,1,65,FALSE,
65171,Winson Champa (Winson95) x Araw,https://xemtrai.top/winson-champa-winson95-x-araw/,https://upload.xemtrai.top/2024/07/Winson95xAraw-720x380.jpg,Gay video; Vietnam video,https://drive.google.com/file/d/12F-C-9WSe9Ouhv4ZaDJpUnlWUdtaawZe/view?usp=sharing,1,65,FALSE,
65167,Kenvin – Nguyễn Tiến Quân x boy_breeder,https://xemtrai.top/kenvin-nguyen-tien-quan-x-boy_breeder/,https://upload.xemtrai.top/2024/07/TienQuan-x-boy_breeder.mp4_20240715_212416.452-720x380.jpg,Gay video; Vietnam video,https://drive.google.com/file/d/1n3Fvf7wPPWgeXE4BocojseKS0a6UAeC2/view?usp=sharing,1,65,FALSE,
65170,Binkycum x Em trai cần tiền mua quà cho người yêu P3,https://xemtrai.top/binky-cum-x-em-trai-can-tien-mua-qua-cho-nguoi-yeu-p3/,https://upload.xemtrai.top/2024/07/Binky-cum-x-Em-trai-can-tien-P3-720x380.jpg,Gay video; Vietnam video,https://drive.google.com/file/d/1GJl1_R_zl2Xss0hKAp6nDaftwf_CBD2_/view?usp=sharing,1,65,FALSE,
65169,David_lychan solo P3,https://xemtrai.top/david_lychan-solo-p3/,https://upload.xemtrai.top/2024/07/David_lychan-solo-3-720x380.jpg,Solo; Vietnam video,https://drive.google.com/file/d/1IMrzfHr53UTVoIkxSbwIdT6YQ_QpsYNo/view?usp=sharing,1,65,FALSE,
65168,GAYDAR – GD-010,https://xemtrai.top/gaydar-gd-010/,https://upload.xemtrai.top/2024/07/Gaydar-GD-010-720x380.png,Asia video; Gay video,https://drive.google.com/file/d/1YAMov_BtVi5RJ90vXo8m6ZLhc856I8RB/view?usp=sharing,1,66,FALSE,
65172,Zerozipang,https://xemtrai.top/zerozipang/,https://upload.xemtrai.top/2024/07/Zerozipang-720x380.jpg,Asia video; Gay video,https://drive.google.com/file/d/1fx1NH4s8D2d_yI6Yp037F-xrzAl43GxT/view?usp=sharing,1,66,FALSE,
65087,Baker – LongTongueBoyVN (caubeluoidai),https://xemtrai.top/baker-longtongueboyvn-x-ladyboy/,https://upload.xemtrai.top/2024/07/4okLCTvX-Baker-720x380.jpg,Transgender; Vietnam video,https://drive.google.com/file/d/1E73ToIcbykwzo9sLNsl7eeh4BjenUJom/view?usp=sharing,1,66,FALSE,
65088,Binkycum x Em trai cần tiền mua quà cho người yêu P2,https://xemtrai.top/binky-cum-x-em-trai-can-tien-mua-qua-cho-nguoi-yeu-p2/,https://upload.xemtrai.top/2024/07/Binkycum-x-em-trai-can-tien-P2-720x380.jpg,Gay video; Vietnam video,https://drive.google.com/file/d/1ugwS9ED-PA6RZ4ou5T0UVcf4Dof3ezKv/view?usp=sharing,1,66,FALSE,
65089,Ducal_39 solo,https://xemtrai.top/ducal_39-solo/,https://upload.xemtrai.top/2024/07/Ducal_39.mp4_20240714_200636.694-720x380.jpg,Gay video; Vietnam video,https://drive.google.com/file/d/15xvjtXjiEORWcohzwBUkfNTHr8WWpJG-/view?usp=sharing,1,66,FALSE,
65091,Lê Ngọc Minh x Slavedog,https://xemtrai.top/le-ngoc-minh-x-slavedog/,https://upload.xemtrai.top/2024/07/LengocMinh-720x380.jpg,Asia video; Gay video,https://drive.google.com/file/d/1mg-GHkp8r-2E0hDOEWZ0RK4Duelh1PFc/view?usp=sharing,1,66,FALSE,
65090,Cutotop1991 highfun 4some,https://xemtrai.top/cutotop1991-highfun-4some/,https://upload.xemtrai.top/2024/07/vyViyNla-cutotop1991-720x380.jpg,Gay video; Vietnam video,https://drive.google.com/file/d/1i8RoDihM4UEHvG0QsoQkaCnu4gRG-3Hj/view?usp=sharing,1,66,FALSE,
65086,Liam solo P2,https://xemtrai.top/liam-solo-p2/,https://upload.xemtrai.top/2024/07/qB45W7JR-Liam-720x380.jpg,Asia video; Solo,https://drive.google.com/file/d/1sY8zJ-zVZ1ML0aAe9Rr84RJwmLlI58AU/view?usp=sharing,1,66,FALSE,
65092,Silen_loong,https://xemtrai.top/silen_loong/,https://upload.xemtrai.top/2024/07/Silent-720x380.jpg,Asia video; Gay video,https://drive.google.com/file/d/1oea_D4IYJetHjYks9GNteou7WWyO_7ma/view?usp=sharing,1,66,FALSE,
65018,Binkycum x Em trai cần tiền mua quà cho người yêu P1,https://xemtrai.top/binky-cum-x-em-trai-can-tien-mua-qua-cho-nguoi-yeu/,https://upload.xemtrai.top/2024/07/RVxuEZUo-Binkycum-720x380.jpg,Gay video; Vietnam video,https://drive.google.com/file/d/1YKABdued9l1yOns9BdH7SeO547Zy6IFU/view?usp=sharing,1,66,FALSE,
65020,Baker – LongTongueBoyVN (caubeluoidai),https://xemtrai.top/baker-longtongueboyvn-caubeluoidai/,https://upload.xemtrai.top/2024/07/Baker-720x380.jpg,Transgender; Vietnam video,https://drive.google.com/file/d/1R7jK7EAO033N5ZAMbI4ieju2t-M5vWxL/view?usp=sharing,1,66,FALSE,
65016,Lê Ngọc Minh x BDSM Slave,https://xemtrai.top/le-ngoc-minh-x-bdsm-slave/,https://upload.xemtrai.top/2024/07/LeNgocMinh-x-BDSM-720x380.jpg,Gay video; Vietnam video,https://drive.google.com/file/d/1zJY3CKWDdWWdmfekc8bj_WEHauCPI7qD/view?usp=sharing,1,66,FALSE,
65019,Callboy body 6 múi,https://xemtrai.top/callboy-body-6-mui/,https://upload.xemtrai.top/2024/07/callboy-720x380.jpg,Asia video; Gay video,https://drive.google.com/file/d/1CQcQUszhTAvcn_D2S14XJDW_i0yeKIPZ/view?usp=sharing,1,66,FALSE,
65015,Han cross x Boston Jock,https://xemtrai.top/han-cross-x-boston-jock/,https://upload.xemtrai.top/2024/07/Hancross-x-Boston-720x380.jpg,Asia video; Gay video,https://drive.google.com/file/d/1sVQnRO3nioNP0hsYyfRaeRl_uZC-cEgP/view?usp=sharing,1,66,FALSE,
65014,Jkab Ethan Dale x Jin,https://xemtrai.top/jkab-ethan-dale-x-jin/,https://upload.xemtrai.top/2024/07/61729100_1657631199-720x380.jpg,Asia video; Gay video,https://drive.google.com/file/d/1VOgnATdfw6DQdKoDwg-BssJKSpia_7s3/view?usp=sharing,1,66,FALSE,
65017,Hunk Channel – XR-0101,https://xemtrai.top/hunk-channel-xr-0101/,https://upload.xemtrai.top/2024/07/19681390_1720874752.jpg,Asia video; Girl video,https://drive.google.com/file/d/12XZhZQKsCamgJYghxO5rrunvZLTxo0Bk/view?usp=sharing,1,66,FALSE,
64951,David_lychan x bot mặt nạ,https://xemtrai.top/david_lychan-x-bot-mat-na-3/,https://upload.xemtrai.top/2024/07/87W2e5ll-David_lychan-720x380.jpg,Gay video; Vietnam video,https://drive.google.com/file/d/1OMqp5ST9Appf_Lq_GN2nL6kRxJHjVKSP/view?usp=sharing,1,66,FALSE,
64952,Cutotop1991 x bot mông to,https://xemtrai.top/cutotop1991-x-bot-mong-to/,https://upload.xemtrai.top/2024/07/vrunMLpc-Cutotop1991-720x380.jpg,Gay video; Vietnam video,https://drive.google.com/file/d/17LaNr8NnF8m0GWLDuhxYbO6-sVaQwVVl/view?usp=sharing,1,66,FALSE,
64950,Binkycum x boy 2k4 – P3,https://xemtrai.top/binkycum-x-boy-2k4-p3/,https://upload.xemtrai.top/2024/07/Binkycum-720x380.jpg,Gay video; Vietnam video,https://drive.google.com/file/d/1adMEOGp9JXTXgNvKXXkSsBVXa-vGD4aj/view?usp=sharing,1,67,FALSE,
64886,OF Bevis.asian – Trần Đức Vương – With you 3,https://xemtrai.top/of-bevis-asian-tran-duc-vuong-with-you-3/,https://upload.xemtrai.top/2024/07/bevis-With-you-3-720x380.jpg,Gay video; Vietnam video,https://drive.google.com/file/d/1WknvMIpIRQ09xsJFXsU5HvJmp1jmaK9I/view?usp=sharing,1,67,FALSE,
64888,Baker – LongTongueBoyVN x Ladyboy (caubeluoidai),https://xemtrai.top/baker-longtongueboyvn-x-ladyboy-caubeluoidai/,https://upload.xemtrai.top/2024/07/baker-720x380.jpg,Transgender; Vietnam video,https://drive.google.com/file/d/1A7bKhyqbalvB_UfTNwtD1KTwRdhgP7u6/view?usp=sharing,1,67,FALSE,
64884,Hoa nắng boy – Tiến x Minh (bộ Tiến ngủ),https://xemtrai.top/hoa-nang-boy-tien-x-minh-bo-tien-ngu/,https://upload.xemtrai.top/2024/07/Hoanangboy-720x380.jpg,Gay video; Vietnam video,https://drive.google.com/file/d/1_AFWVzYT37d-jmZOTq3PUxAlReFJjbF6/view?usp=sharing,1,67,FALSE,
64885,Seachan x Thailand boy,https://xemtrai.top/seachan-x-thailand-boy-2/,https://upload.xemtrai.top/2024/07/LSozBSMY-Seachan-720x380.jpg,Gay video; Vietnam video,https://drive.google.com/file/d/1wfB1Z1tmdH0ruW1rbcTOl2rxyNuzsqsY/view?usp=sharing,1,67,FALSE,
64887,Binkycum x boy 2k4 – P2,https://xemtrai.top/binkycum-x-boy-2k4-p2/,https://upload.xemtrai.top/2024/07/Binkycum-x-boy-2k4-P2-720x380.jpg,Gay video; Vietnam video,https://drive.google.com/file/d/1I34G-t6UlDPBHUOpgPpzcfGUkg5DFM7f/view?usp=sharing,1,67,FALSE,
64813,Binkycum x boy 2k4 – P1,https://xemtrai.top/binkycum-x-boy-2k4-p1/,https://upload.xemtrai.top/2024/07/binky-720x380.jpg,Gay video; Vietnam video,https://drive.google.com/file/d/1pfNzUvP2tTB6WPxqy46EjrfNMv84lOFU/view?usp=sharing,1,67,FALSE,
64818,Traicongso1989 chịch bot tung nóc,https://xemtrai.top/traicongso1989-chich-bot-dam-tung-noc/,https://upload.xemtrai.top/2024/07/Traicongso1989.mp4_20240710_205005.402-720x380.jpg,Gay video; Vietnam video,https://drive.google.com/file/d/1KxHIu2fXae2g-XjlfN72V7u37pW84uHA/view?usp=sharing,1,67,FALSE,
64817,Titus low x JJJaewon,https://xemtrai.top/titus-low-x-jjjaewon/,https://upload.xemtrai.top/2024/07/Titus-low.mp4_20240710_205931.578-720x380.jpg,Gay video; Thailand video,https://drive.google.com/file/d/1JumEjEr5lzOH2Lv41xHWWT3uKFlVBoLE/view?usp=sharing,1,67,FALSE,
64814,Liam solo,https://xemtrai.top/liam-solo/,https://upload.xemtrai.top/2024/07/Lyam-720x380.jpg,Asia video; Solo,https://drive.google.com/file/d/1zUzLXG8EP7UeBPqCb4ZfCe1CVhILjT26/view?usp=sharing,1,67,FALSE,
64815,Mizuchixw x Saiki,https://xemtrai.top/mizuchixw-x-saiki/,https://upload.xemtrai.top/2024/07/5537940_1720529610-720x380.jpg,Asia video; Gay video,https://drive.google.com/file/d/1bibXD4Vbk46uCv9uJ7lN1z_7inzbK7pP/view?usp=sharing,1,67,FALSE,
64816,Mizuchixw,https://xemtrai.top/mizuchixw/,https://upload.xemtrai.top/2024/07/81094635_1720529590-720x380.jpg,Asia video; Gay video,https://drive.google.com/file/d/1xS6-I8lPt8r2ZMhoE7CLqm2hHUvYVUpi/view?usp=sharing,1,67,FALSE,
64752,Binkycum x R (eleven_315) – P2,https://xemtrai.top/binkycum-x-r-eleven_315-p2/,https://upload.xemtrai.top/2024/07/buinky-cum-720x380.jpg,Gay video; Thailand video,https://drive.google.com/file/d/1DUNcFCKim60jPcCWztWt2P2J_MAZGPKs/view?usp=sharing,1,67,FALSE,
64756,Seachan x cum control straight boy,https://xemtrai.top/seachan-x-cum-control-straight-boy/,https://upload.xemtrai.top/2024/07/Seachan-x-cumcontrol-720x380.jpg,Gay video; Straight guys; Vietnam video,https://drive.google.com/file/d/1FJ-BYStiBInk1UTQzlZ5sGO_ievh82oQ/view?usp=sharing,1,67,FALSE,
64754,David_lychan solo 2,https://xemtrai.top/david_lychan-solo-2/,https://upload.xemtrai.top/2024/07/David_lychan-720x380.jpg,Solo; Vietnam video,https://drive.google.com/file/d/1xMfoSewVFipFTALv7hNUDgt4su19U6cl/view?usp=sharing,1,67,FALSE,
64755,Friendlymen,https://xemtrai.top/friendlymen-2/,https://upload.xemtrai.top/2024/07/Friendly-720x380.jpg,Straight guys; Thailand video,https://drive.google.com/file/d/1U8qZC0H65QI3J8qYRpiH3HeuxWlAVsPX/view?usp=sharing,1,67,FALSE,
64751,Chinkou x Jin P2,https://xemtrai.top/chinkou-x-jin-p2/,https://upload.xemtrai.top/2024/07/Chinkou-x-Jin-P2.mp4_20240709_215207.841-720x380.jpg,Asia video; Gay video,https://drive.google.com/file/d/1TxPl4eG5y3tZUoPzI3GapY2NOfl5-S1t/view?usp=sharing,1,67,FALSE,
64750,Chinkou x Jin P1,https://xemtrai.top/chinkou-x-jin-p1/,https://upload.xemtrai.top/2024/07/75335127_1691670403-720x380.jpg,Asia video; Gay video,https://drive.google.com/file/d/1W0P9lNFWCoYC8f9wfPBkJRcG5jfYXG7C/view?usp=sharing,1,67,FALSE,
64663,OF Bevis.asian – Trần Đức Vương – With you 2,https://xemtrai.top/of-bevis-asian-tran-duc-vuong-with-you-2/,https://upload.xemtrai.top/2024/07/Bevis-Tran-Duc-Vuong-With-you-2.mp4_20240708_203842.803-720x380.jpg,Gay video; Vietnam video,https://drive.google.com/file/d/1VOxrdhJfPEdQMkmvQa_R1MAakIxlBRON/view?usp=sharing,1,68,FALSE,
64664,Cutotop1991 đụ em bot té đái,https://xemtrai.top/cutotop1991-du-em-bot-te-dai/,https://upload.xemtrai.top/2024/07/SNUao6MW-cutotop1991-720x380.jpg,Gay video; Vietnam video,https://drive.google.com/file/d/16HXPJeRyBBp5R4lopFfBCLoZqMbXCUJ8/view?usp=sharing,1,68,FALSE,
64665,Binkycum x R (eleven_315) – P1,https://xemtrai.top/binkycum-x-r-eleven_315-p1/,https://upload.xemtrai.top/2024/07/Eai9r006-binky-cum-720x380.jpg,Thailand video,https://drive.google.com/file/d/1jSjFwRaSeT6LMIcwAN2i_s96-cvqptTD/view?usp=sharing,1,68,FALSE,
64667,TanTanEvan x Zaizaikhun,https://xemtrai.top/tantanevan-x-zaizaikhun/,https://upload.xemtrai.top/2024/07/38244719_1715687895-720x380.jpg,Asia video; Gay video,https://drive.google.com/file/d/1JRDWZ95Ph189Q8bWHRn1PlHfORy0_ByV/view?usp=sharing,1,68,FALSE,
64666,TanTanEvan x Chen_hum,https://xemtrai.top/tantanevan-x-chen_hum/,https://upload.xemtrai.top/2024/07/19148728_1715340131-720x380.jpg,Asia video; Gay video,https://drive.google.com/file/d/1464QSkYVM47-Rrt46baoR_gyLnN5qcN_/view?usp=sharing,1,68,FALSE,
64669,G-BOT Man Power 太一 VDGBMP0007 003,https://xemtrai.top/g-bot-man-power-%e5%a4%aa%e4%b8%80-vdgbmp0007-003/,https://upload.xemtrai.top/2024/07/65254459_1720439692-720x380.jpg,Asia video; Gay video,https://drive.google.com/file/d/1QdUvNUEtbhJov76mB7x9GvzRWX-kwh3k/view?usp=sharing,1,68,FALSE,
64668,Hunk Channel – XR-0100,https://xemtrai.top/hunk-channel-xr-0100/,https://upload.xemtrai.top/2024/07/16782426_1720439834.jpg,Asia video; Girl video,https://drive.google.com/file/d/1fdGM-ozZqRjrd9sSj1qrPSTKy-Zq32dc/view?usp=sharing,1,68,FALSE,
64567,OF Bevis.asian – Trần Đức Vương show ass,https://xemtrai.top/of-bevis-asian-tran-duc-vuong-show-ass/,https://upload.xemtrai.top/2024/07/BevisAsian-show-ass.mp4_20240707_203405.673-720x380.jpg,Solo; Vietnam video,https://drive.google.com/file/d/1ssk3sAmW8WpPmvTDu-VDYRw8Bt6DzkYJ/view?usp=sharing; https://drive.google.com/file/d/1tsTyIjP_Y-HSJzFJmzXQXvExmci2pkSi/view?usp=sharing,2,68,FALSE,
64565,Lê Ngọc Minh x Str8 boy big cock try bottom,https://xemtrai.top/le-ngoc-minh-x-str8-boy-big-cock-try-bottom/,https://upload.xemtrai.top/2024/07/LeNgoMinh-x-Str8-boy-big-cock-try-bottom-720x380.jpg,Gay video; Vietnam video,https://drive.google.com/file/d/1AOn9s5WEXubRIulrzfrs497JnAAk5Axa/view?usp=sharing,1,68,FALSE,
64568,Việt Khải gạ trai Cần Thơ chịch – Part 2,https://xemtrai.top/viet-khai-ga-trai-can-tho-chich-part-2/,https://upload.xemtrai.top/2024/07/VietKhaiP2-720x380.jpg,Gay video; Vietnam video,https://drive.google.com/file/d/1--Az9tAENdOCkbIKJ64YToQseMb-4YJt/view?usp=sharing,1,68,FALSE,
64566,Zhiyugg – Brother Ziyu,https://xemtrai.top/brother-ziyu/,https://upload.xemtrai.top/2024/07/Brother-Ziyu-720x380.jpg,Asia video; Gay video,https://drive.google.com/file/d/1Ds6tfnFJI3utpbvGgmDxkMUMDEEMVs6C/view?usp=sharing,1,68,FALSE,
64564,JJJAEWON,https://xemtrai.top/jjjaewon/,https://upload.xemtrai.top/2024/07/JJJaewon-720x380.jpg,Asia video; Gay video,https://drive.google.com/file/d/1JVZxzvxxTJZcoBjBgZXw_Dhr18Mj_1U_/view?usp=sharing,1,68,FALSE,
64563,Hunk Channel – GV-OGVN200,https://xemtrai.top/hunk-channel-gv-ogvn200/,https://upload.xemtrai.top/2024/07/gv-ogvn200_top.jpg,Asia video; Girl video,https://drive.google.com/file/d/1Bf5KagLNFLFShdvgwL52bIfVPGGmZXMJ/view?usp=sharing,1,68,FALSE,
64562,Hunk Channel – GV-OND23004,https://xemtrai.top/hunk-channel-gv-ond23004/,https://upload.xemtrai.top/2024/07/gv-ond23004_top.jpg,Asia video; Gay video,https://drive.google.com/file/d/1IV4WPa7Mr_L1quTAErf0d-0m6sgKa_GJ/view?usp=sharing,1,68,FALSE,
64561,Hunk Channel – GV-OND23003,https://xemtrai.top/hunk-channel-gv-ond23003/,https://upload.xemtrai.top/2024/07/gv-ond23003_top.jpg,Asia video; Gay video,https://drive.google.com/file/d/1i-k68vxi1YnN49zUXbHixr4HhEVmGXjy/view?usp=sharing,1,68,FALSE,
64560,Hunk Channel – GV-OND23002,https://xemtrai.top/hunk-channel-gv-ond23002/,https://upload.xemtrai.top/2024/07/gv-ond23002_top.jpg,Asia video; Gay video,https://drive.google.com/file/d/1gVDCbnElfm8gP3cjfoQm7MvJec0BhoeJ/view?usp=sharing,1,68,FALSE,
64559,Hunk Channel – GV-OND23001,https://xemtrai.top/hunk-channel-gv-ond23001/,https://upload.xemtrai.top/2024/07/gv-ond23001_top.jpg,Asia video; Gay video,https://drive.google.com/file/d/1twXVYeJSNhp6_CGAcKgkBnvzb3SXHK0N/view?usp=sharing,1,68,FALSE,
64477,David_lychan solo,https://xemtrai.top/david_lychan-solo/,https://upload.xemtrai.top/2024/07/David_lychan-solo-720x380.jpg,Solo; Vietnam video,https://drive.google.com/file/d/1ke8PuIrCwtdHsjvcS8_fcIrEVa0JzFSU/view?usp=sharing,1,68,FALSE,
64475,Seachan x supper shy thailand boy,https://xemtrai.top/seachan-x-supper-shy-thailand-boy/,https://upload.xemtrai.top/2024/07/NgEjyWnp-Seachan-720x380.jpg,Gay video; Vietnam video,https://drive.google.com/file/d/1vQacQUbmEigbv0VsExPKltdCl0bRgX8p/view?usp=sharing,1,69,FALSE,
64478,Binky cum x Dancer Nguyen Tung Duong P3,https://xemtrai.top/binky-cum-x-dancer-nguyen-tung-duong-p3/,https://upload.xemtrai.top/2024/07/Binkycum-x-Nguyen-Tung-Duong-P3-720x380.jpg,Gay video; Vietnam video,https://drive.google.com/file/d/1MPqVDOQpv-YGcPI36bg1R6iu1bjsY2QS/view?usp=sharing,1,69,FALSE,
64474,Việt Khải gạ trai Cần Thơ chịch,https://xemtrai.top/viet-khai-ga-trai-can-tho-chich-nhau/,https://upload.xemtrai.top/2024/07/Vietkhai-720x380.jpg,Gay video; Vietnam video,https://drive.google.com/file/d/19cwEMDAc-dxP8HJ9e_6URvK6ncbBOjB8/view?usp=sharing,1,69,FALSE,
64476,MuscleWolf 188,https://xemtrai.top/musclewolf-188/,https://upload.xemtrai.top/2024/07/93004990_1709946550-720x380.jpg,Asia video; Gay video,https://drive.google.com/file/d/1MU4M1kNbm0R1VY4XThP61irz6TW_pQcO/view?usp=sharing,1,69,FALSE,
64462,Hunk Channel – RML4003,https://xemtrai.top/hunk-channel-rml4003/,https://upload.xemtrai.top/2024/07/RML4003.mp4_20240705_223735.167-720x380.jpg,Asia video; Gay video,https://drive.google.com/file/d/1KadjxQx_Lme0O36XSvfM2NNlMwLrCgW2/view?usp=sharing,1,69,FALSE,
64374,Lê Ngọc Minh x straight gym (handjob),https://xemtrai.top/le-ngoc-minh-x-straight-gym-handjob/,https://upload.xemtrai.top/2024/07/le-ngoc-minh-720x380.jpg,Gay video; Vietnam video,https://drive.google.com/file/d/1_UUGNN4-9cS_NvZDpZzIdEN77GteRjPo/view?usp=sharing,1,69,FALSE,
64370,Binky cum x Dancer Nguyen Tung Duong P2,https://xemtrai.top/binky-cum-x-dancer-nguyen-tung-duong-p2/,https://upload.xemtrai.top/2024/07/YUmuI6v4-binky-cum-720x380.jpg,Gay video; Vietnam video,https://drive.google.com/file/d/1tS8xyJxZJ0CAvBUVhWgGFVAd0XuWsTmo/view?usp=sharing,1,69,FALSE,
64368,Traicongso1989 đụ em bot thích bạo dâm,https://xemtrai.top/traicongso1989-du-em-bot-thich-bao-dam/,https://upload.xemtrai.top/2024/07/traicongso1989-720x380.jpg,Gay video; Vietnam video,https://drive.google.com/file/d/1uFHr3Z7uAyzumfGcQ9W1_FjlFVDkUWYl/view?usp=sharing,1,69,FALSE,
64369,Cutotop1991 x bot gym rên dâm,https://xemtrai.top/cutotop1991-x-bot-gym-ren-dam/,https://upload.xemtrai.top/2024/07/cutotop1991-720x380.jpg,Gay video; Vietnam video,https://drive.google.com/file/d/1dRGlaYmrNAZ1Hr3f5pdIZovTGaWpq2cL/view?usp=sharing,1,69,FALSE,
64372,Justfor fans – Kamahuhu,https://xemtrai.top/justfor-fans-kamahuhu/,https://upload.xemtrai.top/2024/07/44888203_1720177582-720x380.jpg,Asia video; Gay video,https://drive.google.com/file/d/1GHWPvE-yq3pBL2g0R2uAMi3ndGIIhjmB/view?usp=sharing,1,69,FALSE,
64373,Swtee,https://xemtrai.top/swtee/,https://upload.xemtrai.top/2024/07/96691340_1720175995-720x380.jpg,Asia video; Gay video,https://drive.google.com/file/d/1mA9Tnv2-YxBupBAvPxUZUwUMlyAvxDN1/view?usp=sharing,1,69,FALSE,
64371,AUREVOIR 178,https://xemtrai.top/aurevoir-178-3/,https://upload.xemtrai.top/2024/07/38526634_1720176464-720x380.jpg,Asia video; Gay video,https://drive.google.com/file/d/11nfFySpU9bQJwRvtK9dRBwzAWZ8eWvw-/view?usp=sharing,1,69,FALSE,
64329,OF Xingfufu – Benz x Paul – New men night,https://xemtrai.top/of-xingfufu-benz-x-paul-new-men-night/,https://upload.xemtrai.top/2024/07/NEW-MEN-NIGHT-BEN-PAUL.mp4_20240704_222213.641-720x380.jpg,Gay video; Thailand video,https://drive.google.com/file/d/1y0O2H7qfs53F22Agy5dnbOETBdxVnurk/view?usp=sharing,1,69,FALSE,
64332,Titus low x DJ Sakura x Ohsofickle,https://xemtrai.top/titus-low-x-dj-sakura-x-ohsofickle/,https://upload.xemtrai.top/2024/07/97156993_1719929714-720x380.jpg,Girl video; Thailand video,https://drive.google.com/file/d/1jGbwrN4QRBGzhDfG112J71KXBdXIiZj4/view?usp=sharing,1,69,FALSE,
64331,Binky cum x Dancer Nguyen Tung Duong P1,https://xemtrai.top/binky-cum-x-dancer-nguyen-tung-duong-p1/,https://upload.xemtrai.top/2024/07/Binky-cum-720x380.jpg,Gay video; Vietnam video,https://drive.google.com/file/d/1BxlI3DLpW95EI-Tl2-l2DusmveamHIuK/view?usp=sharing,1,69,FALSE,
64330,Cutotop1991 x bot sịp trắng lọt khe,https://xemtrai.top/cutotop1991-x-bot-sip-trang-lot-khe/,https://upload.xemtrai.top/2024/07/Cutotop1991-720x380.jpg,Gay video; Vietnam video,https://drive.google.com/file/d/1MFHj9XARfWqsYTmG9PCee3v-H4BnEVI0/view?usp=sharing,1,69,FALSE,
64267,OF Bevis.asian – Trần Đức Vương handjob,https://xemtrai.top/of-bevis-asian-tran-duc-vuong-handjob/,https://upload.xemtrai.top/2024/07/bevis-720x380.jpg,Gay video; Vietnam video,https://drive.google.com/file/d/1gujxkEhjQ46Pb6W79lVGUCckrFtbYEkE/view?usp=sharing,1,69,FALSE,
64264,David_lychan x Đoàn Nguyên Thanh – P2,https://xemtrai.top/david_lychan-x-doan-nguyen-thanh-p2/,https://upload.xemtrai.top/2024/07/David_lychan-x-Doan-Nguyen-Thanh-P2.mp4_20240703_202105.877-720x380.jpg,Gay video; Vietnam video,https://drive.google.com/file/d/1aiw6p5wZqi77JWmx7Spv8fMnWFXEq2Ui/view?usp=sharing,1,69,FALSE,
64263,Binky cum với 2 em trai body slim,https://xemtrai.top/binky-cum-voi-2-em-trai-body-slim/,https://upload.xemtrai.top/2024/07/binky-cum-720x380.jpg,Gay video; Vietnam video,https://drive.google.com/file/d/1MFXK0mpk1OMxFu4Tfk7dx1yMYnLS78V8/view?usp=sharing,1,70,FALSE,
64266,Traicongso1989 chơi bareback đụ em bot tơi tả,https://xemtrai.top/traicongso1989-choi-bareback-du-em-bot-toi-ta/,https://upload.xemtrai.top/2024/07/traicongso-720x380.jpg,Gay video; Vietnam video,https://drive.google.com/file/d/1VAirLuQ2VbSpDS1u2e41J-ALfnC7581Q/view?usp=sharing,1,70,FALSE,
64265,Mizuchixw Saiki,https://xemtrai.top/mizuchixw-saiki/,https://upload.xemtrai.top/2024/07/Mizuchixw-Saiki.mp4_20240703_201909.858-720x380.jpg,Asia video; Gay video,https://drive.google.com/file/d/18CAwwrj1VjjxbK54qD-ggmekl0WuMJKG/view?usp=sharing,1,70,FALSE,
64200,Binky cum P5,https://xemtrai.top/binky-cum-p5/,https://upload.xemtrai.top/2024/07/Binky-cum-P5-720x380.jpg,Solo; Vietnam video,https://drive.google.com/file/d/1SfT3eBR3noMsTyNFFNNXxMXg24z1jxSp/view?usp=sharing,1,70,FALSE,
64201,Seachan fuck straight guy,https://xemtrai.top/seachan-fuck-straight-guy/,https://upload.xemtrai.top/2024/07/Seachan-fuck-str8-720x380.jpg,Gay video; Vietnam video,https://drive.google.com/file/d/1G-KidWt2VOH26HLAJML0CCwCVMTDc99o/view?usp=sharing,1,70,FALSE,
64202,Xinfufu x Kittikhun – Male Fantasy,https://xemtrai.top/xinfufu-x-kittikhun-male-fantasy/,https://upload.xemtrai.top/2024/07/Xinfufu-x-Male-Fantasy.mp4_20240702_204859.889-720x380.jpg,Gay video; Thailand video,https://drive.google.com/file/d/1XbzG2XwgWgx3DDGK231EiG2tPuSevFNs/view?usp=sharing,1,70,FALSE,
64203,Nguyễn Tiến Quân 4some – Doctorpeter x Kenvin x France x LittleMonkey,https://xemtrai.top/nguyen-tien-quan-4some-doctorpeter-x-kenvin-x-france-x-littlemonkey/,https://upload.xemtrai.top/2024/07/TienQUan-4-some-720x380.jpg,Gay video; Vietnam video,https://drive.google.com/file/d/1KggzjR17w4UY8ju9i9cPc0iKISzHqKc2/view?usp=sharing,1,70,FALSE,
64162,David_lychan x Đoàn Nguyên Thanh – P1,https://xemtrai.top/david_lychan-x-doan-nguyen-thanh-p1/,https://upload.xemtrai.top/2024/07/David_lychan-x-Doan-Nguyen-Thanh.mp4_20240701_205747.411-720x380.jpg,Gay video; Vietnam video,https://drive.google.com/file/d/1k6lmw6QdwHBg5SkU-6WKqS5nMy6xmbLo/view?usp=sharing,1,70,FALSE,
64164,Hoa nắng boy – Nghĩa x Tiến (trong khách sạn),https://xemtrai.top/hoa-nang-boy-nghia-x-tien-trong-khach-san/,https://upload.xemtrai.top/2024/07/Hoa-nang-Nghia-x-Tien-720x380.jpg,Gay video; Vietnam video,https://drive.google.com/file/d/13fMJfn6Ou4V707YJbZcKPy0tcdQwZfCJ/view?usp=sharing,1,70,FALSE,
64165,Seachan x Big cock Thailand boy,https://xemtrai.top/seachan-x-big-cock-thailand-boy/,https://upload.xemtrai.top/2024/07/Seachan-720x380.jpg,Gay video; Vietnam video,https://drive.google.com/file/d/1_qpdryY_--dl20l_1f1udnJx6pWtf4Of/view?usp=sharing,1,70,FALSE,
64163,Andrechou x Fitnoyzz,https://xemtrai.top/andrechou-x-fitnoyzz/,https://upload.xemtrai.top/2024/07/Fitnoyzz-x-Andrechou.mp4_20240701_205827.342-720x380.jpg,Asia video; Gay video,https://drive.google.com/file/d/1FOGKDbx3NZRjwzXe7m-4FvS7h3PZxMG1/view?usp=sharing,1,70,FALSE,
64113,Xingfufu x Bevis.asian – Mysterious Group 2,https://xemtrai.top/xingfufu-x-bevis-asian-mysterious-group-2/,https://upload.xemtrai.top/2024/06/Bevis-720x380.jpg,Gay video; Vietnam video,https://drive.google.com/file/d/17Yvch03GTd_EsTE-d8MtmHCpcU3II06M/view?usp=sharing,1,70,FALSE,
64112,Titus Low x Walter Soh,https://xemtrai.top/titus-low-x-china-boy/,https://upload.xemtrai.top/2024/06/77193677_1719743858-720x380.jpg,Asia video; Gay video,https://drive.google.com/file/d/1GBEbGljIC0EXiWso5081FmjP11HXBFn6/view?usp=sharing,1,70,FALSE,
64110,Jkab Ethan Dale x Cody,https://xemtrai.top/jkab-ethan-dale-x-cody/,https://upload.xemtrai.top/2024/06/86928550_1719741980-720x380.jpg,Asia video; Gay video,https://drive.google.com/file/d/13YfOac0gRtOGhtEG2wBbDfh0jf_tOjbf/view?usp=sharing,1,70,FALSE,
64109,Han cross solo (Hanxxcore),https://xemtrai.top/han-cross-solo-hanxxcore/,https://upload.xemtrai.top/2024/06/3114944_1717849364-720x380.jpg,Asia video; Solo,https://drive.google.com/file/d/1yV-v2PiiJI_VY0Z2IVqrcaQu2cJlGfKb/view?usp=sharing,1,70,FALSE,
64111,JsonYau x Bound Hero SM,https://xemtrai.top/jsonyau-x-bound-hero-sm/,https://upload.xemtrai.top/2024/06/78613817_1719571062-720x380.jpg,Asia video; Gay video,https://drive.google.com/file/d/137KwytNyXd1mE8aTWq1FZM5KMCXFAWhb/view?usp=sharing,1,70,FALSE,
64044,Winson Champa (Winson95) x TantanEvan,https://xemtrai.top/winson-champa-winson95-x-tantanevan/,https://upload.xemtrai.top/2024/06/Winson95-x-TantanEvan.mp4_20240629_213858.787-720x380.jpg,Gay video; Vietnam video,https://drive.google.com/file/d/1EOR179GK84brzLdk2FcMD75ocuSiB_xA/view?usp=sharing,1,70,FALSE,
64043,Seachan x Some with two slave dog,https://xemtrai.top/seachan-x-some-with-two-slave-dog/,https://upload.xemtrai.top/2024/06/Seachan-some-720x380.jpg,Gay video; Vietnam video,https://drive.google.com/file/d/1QelWk_WFsdo5OvK_ruCSyyLCu7TNOL59/view?usp=sharing,1,70,FALSE,
64042,Arias (Sebarias) x Mario Thái Cường (mariosugar2107),https://xemtrai.top/arias-sebarias-x-mario-thai-cuong-mariosugar2107/,https://upload.xemtrai.top/2024/06/Arias-x-Mario-720x380.jpg,Gay video; Vietnam video,https://drive.google.com/file/d/13hwrQVzoWG6Du4e03t4tWK2_npczntRM/view?usp=sharing,1,71,FALSE,
64041,Arias (Sebarias) x Daniel,https://xemtrai.top/arias-sebarias-x-daniel/,https://upload.xemtrai.top/2024/06/66312417_1719571768-720x380.jpg,Asia video; Gay video,https://drive.google.com/file/d/1T_aJJMfAWN72_OpFaX5pnx70g63xNHGu/view?usp=sharing,1,71,FALSE,
64039,Araw x Nainoi,https://xemtrai.top/araw-x-nainoi/,https://upload.xemtrai.top/2024/06/Araw-x-Nainoi-720x380.jpg,Asia video; Gay video,https://drive.google.com/file/d/121GiBfCsT-NyeeDR1JWmyWKyhfmTK87H/view?usp=sharing,1,71,FALSE,
64040,Araw x Frong (frxng89),https://xemtrai.top/araw-x-frong-frxng89/,https://upload.xemtrai.top/2024/06/Araw-x-Frong-720x380.jpg,Asia video; Gay video,https://drive.google.com/file/d/1YyIOjwX2TkU4eZdjfQ5IAqRDq9Pnh959/view?usp=sharing,1,71,FALSE,
63983,Seachan x Japanse boy,https://xemtrai.top/seachan-x-japanse-boy/,https://upload.xemtrai.top/2024/06/Seachan-x-fapanse-boy.mp4_20240628_212111.898-720x380.jpg,Gay video; Vietnam video,https://drive.google.com/file/d/1-tpRGTZRWpq6kDWLearyNHVKWm9djG4r/view?usp=sharing,1,71,FALSE,
63981,OF Bevis.asian – Trần Đức Vương solo cum,https://xemtrai.top/of-bevis-asian-tran-duc-vuong-solo-cum/,https://upload.xemtrai.top/2024/06/Bevis.asian-Tran-Duc-Vuong-solocum.mp4_20240628_213729.876-720x380.jpg,Solo; Vietnam video,https://drive.google.com/file/d/1IcKbJYUVu4_YPkXic_JjdxnEKuF-NQvX/view?usp=sharing,1,71,FALSE,
63984,Myedging x JsonYau,https://xemtrai.top/myedging-x-jsonyau/,https://upload.xemtrai.top/2024/06/JsonYau-720x380.jpg,Asia video; Gay video,https://drive.google.com/file/d/1mhpfFSte3zCIZfj4Sge4iJi37SDKMl0Z/view?usp=sharing,1,71,FALSE,
63982,Buck05 – Buck x Jasper,https://xemtrai.top/buck05-buck-x-jasper/,https://upload.xemtrai.top/2024/06/Buck05.mp4_20240628_214711.438-720x380.jpg,Asia video; Gay video,https://drive.google.com/file/d/1-EQO3DUpaxRr8zMu1zThLVzPKMVOPdAq/view?usp=sharing,1,71,FALSE,
63940,Xingfufu – Bevis.asian Trần Đức Vương – Mysterious Group P1,https://xemtrai.top/xingfufu-bevis-asian-mysterious-group-p1/,https://upload.xemtrai.top/2024/06/Xingfufu-x-Bevis.asian-Mysterious-Group-1-720x380.jpg,Gay video; Vietnam video,https://drive.google.com/file/d/1sbs0CwndLOweVkF9GInPyhyGIxwgyGO-/view?usp=sharing,1,71,FALSE,
63937,David_lychan handjob,https://xemtrai.top/david_lychan-handjob/,https://upload.xemtrai.top/2024/06/David_lychan-handjob-720x380.jpg,Gay video; Vietnam video,https://drive.google.com/file/d/18ktnquxZIKeavh3stunQRBi-mJ5iMy57/view?usp=sharing,1,71,FALSE,
63938,Friendlymen,https://xemtrai.top/friendlymen/,https://upload.xemtrai.top/2024/06/Friendlymen-720x380.jpg,Straight guys; Thailand video,https://drive.google.com/file/d/1cJFcEeO5ocZ6GwxRBaviuffutJrwmmRX/view?usp=sharing,1,71,FALSE,
63939,Hothappyboy x Daigo,https://xemtrai.top/hothappyboy-x-daigo/,https://upload.xemtrai.top/2024/06/Hothappyboy-x-Daigo-720x380.jpg,Asia video; Gay video,https://drive.google.com/file/d/1RdN5ie0vWkoJCPmSpdmAKEa2LsmhyhY6/view?usp=sharing,1,71,FALSE,
63936,Sebarias x Bank (bikerz_mechanic),https://xemtrai.top/sebarias-x-bank-bikerz_mechanic/,https://upload.xemtrai.top/2024/06/Bank-x-Sebarias.mp4_20240627_203320.761-720x380.jpg,Asia video; Gay video,https://drive.google.com/file/d/1ydRcMmWOdAB2GBQeC2Ym_Vfyfs500U0q/view?usp=sharing,1,71,FALSE,
63888,David_lychan bị em trai cặc bự chơi tơi tả,https://xemtrai.top/david_lychan-bi-em-trai-cac-bu-choi-toi-ta/,https://upload.xemtrai.top/2024/06/Top-cac-bu-du-David_lychan.mp4_20240626_205608.829-720x380.jpg,Gay video; Vietnam video,https://drive.google.com/file/d/1gUIaZRiH2eVGcpSAcy0Y0qlqkDbZW5E_/view?usp=sharing,1,71,FALSE,
63891,OF Bevis.asian – Trần Đức Vương solo cumshot,https://xemtrai.top/of-bevis-asian-tran-duc-vuong-solo-cumshot/,https://upload.xemtrai.top/2024/06/Bevis.asian-cumshot.mp4_20240626_210556.768-720x380.jpg,Solo; Vietnam video,https://drive.google.com/file/d/1XpJZch08US4IsNisSJLGMBlApg6WvIt0/view?usp=sharing,1,71,FALSE,
63887,Kong0Sleep chơi 3some đụ em bot dâm,https://xemtrai.top/kong0sleep-choi-3some-du-em-bot-dam/,https://upload.xemtrai.top/2024/06/kong0sleep-720x380.jpg,Gay video; Vietnam video,https://drive.google.com/file/d/1F76CuTT2HMlu350D4cw4_zd2WsbLAIbF/view?usp=sharing,1,71,FALSE,
63890,NVS_Fitness – True Skill 3 – P2,https://xemtrai.top/nvs_fitness-true-skill-3-p2/,https://upload.xemtrai.top/2024/06/NVS_Fitness-True-Skill-3-P2-720x380.jpg,Asia video; Gay video,https://drive.google.com/file/d/1LE24X9qQ7B2qtGGgDf0RwYm0_MjqVeeK/view?usp=sharing,1,71,FALSE,
63886,NVS_Fitness – True Skill 3 – P1,https://xemtrai.top/nvs_fitness-true-skill-3-p1/,https://upload.xemtrai.top/2024/06/NVS_Fitness-True-Skill-3-P1-720x380.jpg,Asia video; Gay video,https://drive.google.com/file/d/1JcdBz9Hrf4-kahBB15akZVoU6LhkZ1kG/view?usp=sharing,1,71,FALSE,
63840,Seachan x two big cock,https://xemtrai.top/seachan-x-two-big-cock/,https://upload.xemtrai.top/2024/06/Seachan-x-2-bigcock-720x380.jpg,Gay video; Vietnam video,https://drive.google.com/file/d/1HAVoYVrnNRYakabBMzBtGdg5CbuKfVsp/view?usp=sharing,1,72,FALSE,
63842,Ex twkst,https://xemtrai.top/ex-twkst/,https://upload.xemtrai.top/2024/06/ex_twkst-720x380.jpg,Asia video; Gay video,https://drive.google.com/file/d/1T7Iy3P1rYNexznMzTSumlI81jD58k5m9/view?usp=sharing,1,72,FALSE,
63841,Lazytigerjj,https://xemtrai.top/lazytigerjj/,https://upload.xemtrai.top/2024/06/Lazytigerjj-720x380.jpg,Asia video; Gay video,https://drive.google.com/file/d/1XScewPVNtL4J0Vb0qnvx7TE4j6Af8k4C/view?usp=sharing,1,72,FALSE,
63088,Seachan x Thailand handsome guy,https://xemtrai.top/seachan-x-thailand-handsome-guy/,https://upload.xemtrai.top/2024/06/Seachan-720x380.jpg,Gay video; Vietnam video,https://drive.google.com/file/d/1s-QrHzKGLAs-ID1FgOurt_8j2Gh4B8SQ/view?usp=sharing,1,72,FALSE,
63813,David_lychan x bot mặt nạ,https://xemtrai.top/david_lychan-x-bot-mat-na-2/,https://upload.xemtrai.top/2024/06/David_lychan-x-bot-mat-na.mp4_20240624_203739.831-720x380.jpg,Gay video; Vietnam video,https://drive.google.com/file/d/1vF6Wcqjia7Q7RMXlzxdfDd-GS0woH7iK/view?usp=sharing,1,72,FALSE,
63812,Mastersim x Wolfpup_takashi,https://xemtrai.top/mastersim-x-wolfpup_takashi/,https://upload.xemtrai.top/2024/06/Mastersim-720x380.jpg,Asia video; Gay video,https://drive.google.com/file/d/1V4TpQTj68iDrnZg2Q7nbGD7IApE6FzCN/view?usp=sharing,1,72,FALSE,
63762,OF Bevis.asian – Trần Đức Vương – PT Training story 1,https://xemtrai.top/of-bevis-asian-tran-duc-vuong-pt-training-story-1/,https://upload.xemtrai.top/2024/06/Bevis-PT-training-story-1.mp4_20240623_205828.163-720x380.jpg,Solo; Vietnam video,https://drive.google.com/file/d/1MobT2H9ILNqWEyGZRqlMpmcNPJUvH-1D/view?usp=sharing,1,72,FALSE,
63763,Cutotop1991 x Slim gym body,https://xemtrai.top/cutotop1991-x-slim-gym-body/,https://upload.xemtrai.top/2024/06/Cutotop1991-x-Slim-gym-body-720x380.jpg,Gay video; Vietnam video,https://drive.google.com/file/d/1yGV62rIrXk6bgtH2WDChrZmgw9ZcsdJe/view?usp=sharing,1,72,FALSE,
63761,GAYDAR – GD-012,https://xemtrai.top/gaydar-gd-012/,https://upload.xemtrai.top/2024/06/GQXPJ5XagAAHXIf-720x380.jpg,Asia video; Gay video,https://drive.google.com/file/d/1mDJsymR8Oaazp_TlS02691VeRHYrPRXL/view?usp=sharing,1,72,FALSE,
63764,Vincent Tang (WingHong Tang) x HailiJiang,https://xemtrai.top/vincent-tang-winghong-tang-x-hailijiang/,https://upload.xemtrai.top/2024/06/Vincent-x-HailiJiang-720x380.jpg,Asia video; Gay video,https://drive.google.com/file/d/1Y8IJUOlbMMVcpUsYjcNXu9mFDNpvPMXk/view?usp=sharing,1,72,FALSE,
63684,Winson Champa (Winson95) x Mentomensex,https://xemtrai.top/winson-champa-winson95-x-mentomensex/,https://upload.xemtrai.top/2024/06/Winson95-x-Mentomensex.mp4_20240622_200420.574-720x380.jpg,Gay video; Vietnam video,https://drive.google.com/file/d/1y5T6-GZQhL4rdsp5XKeIomaXcI7Wa6vX/view?usp=sharing,1,72,FALSE,
63686,Sam Vũ (SamUniverse) x Fabian Divani,https://xemtrai.top/sam-vu-samuniverse-x-fabian-divani/,https://upload.xemtrai.top/2024/06/Sam-Universe-Fabian-Divani-.mp4_20240622_192757.398-720x380.jpg,Gay video; Vietnam video,https://drive.google.com/file/d/1jrLbZ28LkW8oPUixGDl3M5nPnnI40Ulv/view?usp=sharing,1,72,FALSE,
63688,Weibtm x Saul,https://xemtrai.top/weibtm-x-saul/,https://upload.xemtrai.top/2024/06/Weibtm-720x380.jpg,Asia video; Gay video,https://drive.google.com/file/d/1elq1e1_me22M13FMhI5P_G47bZFyNpsj/view?usp=sharing,1,72,FALSE,
63685,JsonYau,https://xemtrai.top/jsonyau/,https://upload.xemtrai.top/2024/06/Json-720x380.jpg,Asia video; Gay video,https://drive.google.com/file/d/1U5peg5LHTXflQ2Tq5MpBmbkpDOwwchVq/view?usp=sharing,1,72,FALSE,
63687,Toptoplee111 x Woogi,https://xemtrai.top/toptoplee111-x-woogi/,https://upload.xemtrai.top/2024/06/TOPTOPLEE111-720x380.jpg,Asia video; Gay video,https://drive.google.com/file/d/1MX7IqijvXVPJoE4VF5P61S5tuR_qnNvX/view?usp=sharing,1,72,FALSE,
63683,Zaizaikhun x Kamasutro,https://xemtrai.top/zaizaikhun-x-kamasutro/,https://upload.xemtrai.top/2024/06/Zaizaikhun-720x380.jpg,Gay video; Thailand video,https://drive.google.com/file/d/1VeWS3VSf6l9yC67LxxIDIl-99H2XDaOH/view?usp=sharing,1,72,FALSE,
63641,David_lychan x Tatto boy,https://xemtrai.top/david_lychan-x-tatto-boy/,https://upload.xemtrai.top/2024/06/David_lychan-x-tattto-boy.mp4_20240621_222009.921-720x380.jpg,Gay video; Vietnam video,https://drive.google.com/file/d/14nhtgOO3e_mR15xQmdcMKhW2KZleiqUM/view?usp=sharing,1,72,FALSE,
63642,Seachan x Bottom Thailand,https://xemtrai.top/seachan-x-bottom-thailand/,https://upload.xemtrai.top/2024/06/Fkk41d4x-Seachan-720x380.jpg,Gay video; Vietnam video,https://drive.google.com/file/d/1gRUFD3YMeyxEsmkw8s5tUpnKbOoxS25X/view?usp=sharing,1,72,FALSE,
63640,Chinkou sex threesome,https://xemtrai.top/chinkou-sex-threesome/,https://upload.xemtrai.top/2024/06/Chinkou.mp4_20240621_222542.883-720x380.jpg,Asia video; Gay video,https://drive.google.com/file/d/1WG6cwoUZNuB0qTj2V2ksWfXjJD2duAZR/view?usp=sharing,1,73,FALSE,
63597,OF Bevis.asian – Trần Đức Vương – With you 1,https://xemtrai.top/of-bevis-asian-tran-duc-vuong-with-you-1/,https://upload.xemtrai.top/2024/06/Bevis.asian-With-you-1-720x380.jpg,Gay video; Vietnam video,https://drive.google.com/file/d/134dKQF7s_m2O5DeTEpgiovWe6syrwqOM/view?usp=sharing,1,73,FALSE,
63599,Zaizaikhun x Robert Royal,https://xemtrai.top/zaizaikhun-x-robert-royal/,https://upload.xemtrai.top/2024/06/Zaizaikhun-x-Robert-Royal-720x380.jpg,Gay video; Thailand video,https://drive.google.com/file/d/1-ay8oKXuzv7u0ayBS7XcdmViHMQn57A2/view?usp=sharing,1,73,FALSE,
63598,FC2 VIDEO – PPV-4468205,https://xemtrai.top/fc2-video-ppv-4468205/,https://upload.xemtrai.top/2024/06/PPV-4468205-720x380.jpg,Asia video; Gay video,https://drive.google.com/file/d/1R-SXZNqKyUtdLRWEiw1Xio-xXy1G5Lav/view?usp=sharing,1,73,FALSE,
63565,Seachan x Thailand boy bigcock,https://xemtrai.top/seachan-x-thailand-boy-bigcock/,https://upload.xemtrai.top/2024/06/rEPClKns-Seachan-720x380.jpg,Gay video; Vietnam video,https://drive.google.com/file/d/1-En6EhIcKUAIJs5kNWc0wle_PmzARILd/view?usp=sharing,1,73,FALSE,
63562,Cutotop1991 x Bot gym body 6 múi (threesome),https://xemtrai.top/cutotop1991-x-bot-gym-body-6-mui-threesome/,https://upload.xemtrai.top/2024/06/lySQHNdW-cutotop1991-720x380.jpg,Gay video; Vietnam video,https://drive.google.com/file/d/1uJdPVqnPxsJjIXwMO-eTtUNpUcwyFBlU/view?usp=sharing,1,73,FALSE,
63534,OF Xingfufu – Meet fans – Pinky x Logan,https://xemtrai.top/of-xingfufu-meet-fans-pinky-x-logan/,https://upload.xemtrai.top/2024/06/Logan-x-Pinky-Meet-fans.mp4_20240618_194455.890-720x380.jpg,Gay video; Vietnam video,https://drive.google.com/file/d/10Ff94tlzK9uq0aecbzZJkZYFZumFYx6j/view?usp=sharing,1,73,FALSE,
63532,David_lychan chịch bot trên ghế tình yêu,https://xemtrai.top/david_lychan-chich-bot-tren-ghe-tinh-yeu/,https://upload.xemtrai.top/2024/06/David_lychan-720x380.jpg,Gay video; Vietnam video,https://drive.google.com/file/d/1VukXta9yCjUcgaKgarJiQQEfKfGsOo09/view?usp=sharing,1,73,FALSE,
63531,Cutotop1991 x Bot slim trắng trẻo,https://xemtrai.top/cutotop1991-x-bot-slim-trang-treo-khau-dam/,https://upload.xemtrai.top/2024/06/cutotop-1991-720x380.jpg,Gay video; Vietnam video,https://drive.google.com/file/d/1XQbrkx8MyV5CDledK3Esxp9uampZ6FCr/view?usp=sharing,1,73,FALSE,
63496,Winson Champa (Winson95) x Nainoi P2,https://xemtrai.top/winson-champa-winson95-x-nainoi-p2/,https://upload.xemtrai.top/2024/06/Winson95-720x380.png,Gay video; Vietnam video,https://drive.google.com/file/d/191McTH5MzCgkNnfTgGO_rTP8QnN0lpaT/view?usp=sharing,1,73,FALSE,
63498,Hoa nắng boy – Tiến x Lộc P3,https://xemtrai.top/hoa-nang-boy-tien-x-loc-p3/,https://upload.xemtrai.top/2024/06/Hoa-nang-Tien-x-Loc-720x380.jpg,Gay video; Vietnam video,https://drive.google.com/file/d/10WqE0MYbyFYbubEbObE79qHMbeYB4QhF/view?usp=sharing,1,73,FALSE,
63469,Cutotop1991 x Batman (khẩu dâm),https://xemtrai.top/cutotop1991-x-batman-khau-dam/,https://upload.xemtrai.top/2024/06/Cutotop1991-720x380.jpg,Gay video; Vietnam video,https://drive.google.com/file/d/1_dFxzdqbv97ZB5qbBvnr_LTTLcISeEQW/view?usp=sharing,1,73,FALSE,
63429,Justfor – LANG,https://xemtrai.top/justfor-lang-3/,https://upload.xemtrai.top/2024/06/75990777_1718537678-720x380.jpg,Asia video; Gay video,https://drive.google.com/file/d/1PFsx1GWDZbtZnI87NAriy35nes00nGxO/view?usp=sharing,1,73,FALSE,
63440,FC4282065,https://xemtrai.top/fc4282065/,https://upload.xemtrai.top/2024/06/96055773_1718277586-Sao-chep-659x380.jpg,Asia video; Gay video,https://drive.google.com/file/d/1uZsCr9rZ0JYJYfM_7IaAkaGtzJy_SDI4/view?usp=sharing,1,73,FALSE,
63372,OF Bevis.asian – Trần Đức Vương – Shower with me,https://xemtrai.top/of-bevis-asian-tran-duc-vuong-shower-with-me/,https://upload.xemtrai.top/2024/06/Bevis.asian_-720x380.jpg,Solo; Vietnam video,https://drive.google.com/file/d/1q5FhaJxJtuz4h4kaDCiQRQM3o8cU8MRz/view?usp=sharing,1,73,FALSE,
63370,SemenX,https://xemtrai.top/semenx/,https://upload.xemtrai.top/2024/06/SemenX.mp4_20240615_204248.799-720x380.jpg,Gay video; Thailand video,https://drive.google.com/file/d/1YYH0lNbKo2KEOrYfc3s-4m0pGfAV_IZK/view?usp=sharing,1,73,FALSE,
63371,Shandong Xiaofei,https://xemtrai.top/shandong-xiaofei/,https://upload.xemtrai.top/2024/06/Shandong-Xiaofei-720x380.jpg,Asia video; Gay video,https://drive.google.com/file/d/1o5a94Y9JSNkFg1YFs3DlpkNctJT4Sl_x/view?usp=sharing,1,73,FALSE,
63338,David_lychan x bot mặt nạ,https://xemtrai.top/david_lychan-x-bot-mat-na/,https://upload.xemtrai.top/2024/06/David_lychan.mp4_20240614_205149.797-720x380.jpg,Gay video; Vietnam video,https://drive.google.com/file/d/1s8qXm20R03tD8wwnRkQlILTA8gPihSwH/view?usp=sharing,1,73,FALSE,
63339,Seachan x Thailand boy,https://xemtrai.top/seachan-x-thailand-boy/,https://upload.xemtrai.top/2024/06/micvMtPa-seachan-720x380.jpg,Gay video; Vietnam video,https://drive.google.com/file/d/1jsqK5fwCNdMnrpSazJyGJcsFx8VF9Z00/view?usp=sharing,1,74,FALSE,
63309,Winson Champa (Winson95) x Fitnoyz,https://xemtrai.top/winson-champa-winson95-x-fitnoyz/,https://upload.xemtrai.top/2024/06/Winson95-x-fitnoyz-720x380.jpg,Gay video; Vietnam video,https://drive.google.com/file/d/1i65x-NZpjrSaYdj7xKMXPowYM46MQVoe/view?usp=sharing,1,74,FALSE,
63311,OF Cg_hao,https://xemtrai.top/of-cg_hao/,https://upload.xemtrai.top/2024/06/26864319_1718278112-720x380.jpg,Asia video; Gay video,https://drive.google.com/file/d/1tn4U7km3-auBVkO-HTuHWSzHzHM8ZGqn/view?usp=sharing,1,74,FALSE,
63310,OF Golf Suraphong foursome,https://xemtrai.top/golf-suraphong-foursome/,https://upload.xemtrai.top/2024/06/89465137_1718276573-720x380.jpg,Gay video; Thailand video,https://drive.google.com/file/d/1Nq8NkORerM-eqGj4kPt1m2ZE_5m5HqD2/view?usp=sharing,1,74,FALSE,
63243,David_lychan x Mario Thái Cường (mariosugar2107),https://xemtrai.top/david_lychan-x-mario-thai-cuong-mariosugar2107/,https://upload.xemtrai.top/2024/06/5_6167811472165440470.MOV_20240612_210634.293-720x380.jpg,Gay video; Vietnam video,https://drive.google.com/file/d/1uyE-g0bmYa2wO32-l9SXBajW-TeVCboq/view?usp=sharing,1,74,FALSE,
63244,Binky cum P4,https://xemtrai.top/binky-cum-p4/,https://upload.xemtrai.top/2024/06/binky-cum-P4-720x380.jpg,Solo; Vietnam video,https://drive.google.com/file/d/176Dm-1htPrnS9bDpTAlL5POV-V4mHkxK/view?usp=sharing,1,74,FALSE,
63246,Friendlymen collection P17,https://xemtrai.top/friendlymen-collection-p17/,https://upload.xemtrai.top/2024/06/FriendlyMen17-720x380.jpg,Straight guys; Thailand video,https://drive.google.com/file/d/1lh8PQ9OZRzk_8CLr-CH6MVYc0JX-4X_h/view?usp=sharing,1,74,FALSE,
63247,Friendlymen collection P16,https://xemtrai.top/friendlymen-collection-p16/,https://upload.xemtrai.top/2024/06/FriendlyMen16-720x380.jpg,Straight guys; Thailand video,https://drive.google.com/file/d/1NDT3eLvMA_wtlRmyL8Lm0j8sw6UHTmP5/view?usp=sharing,1,74,FALSE,
63245,HUNK CHANNEL – XR-0015,https://xemtrai.top/hunk-channel-xr-0015-2/,https://upload.xemtrai.top/2024/06/XR-0015.mp4_20240612_200523.451-720x380.jpg,Asia video; Girl video,https://drive.google.com/file/d/1rYyEPG0eq7_siYVlqwQnwlXkcW5ei6Nw/view?usp=sharing,1,74,FALSE,
63198,OF Xingfufu – Lucky Fan 2 – Pinky x Logan,https://xemtrai.top/of-xingfufu-lucky-fan-2-pinky-x-logan/,https://upload.xemtrai.top/2024/06/OF-Xingfufu-LuckyFan2-Pinky-x-Logan.mp4_20240611_212135.100-720x380.jpg,Gay video; Vietnam video,https://drive.google.com/file/d/1w6VLDR212vYz0dzy2dbGoXSebI5slfiN/view?usp=sharing,1,74,FALSE,
63196,Hoa nắng boy – Tiến x Huy,https://xemtrai.top/hoa-nang-boy-tien-x-huy/,https://upload.xemtrai.top/2024/06/Hoa-nang-Tien-x-Huy-720x380.jpg,Gay video; Vietnam video,https://drive.google.com/file/d/1TZfLh6qNzgQGpROUwFqljhwn3eMvRN9q/view?usp=sharing,1,74,FALSE,
63197,Andrechou x KianRaiX,https://xemtrai.top/andrechou-x-kianraix/,https://upload.xemtrai.top/2024/06/15006586_1718103845-720x380.jpg,Asia video; Gay video,https://drive.google.com/file/d/1_D-ZDNCkPszU7rYzkrNoMUGFojI8MZNX/view?usp=sharing,1,74,FALSE,
63139,OF Xingfufu x Mario Thái Cường (mariosugar2107),https://xemtrai.top/of-xingfufu-x-mario-mariosugar2107/,https://upload.xemtrai.top/2024/06/Mario-720x380.jpg,Solo; Vietnam video,https://drive.google.com/file/d/1J8t1vqyZrG4fugYoOd1ri2f2Snmoxgs4/view?usp=sharing,1,74,FALSE,
63138,Seachan sex threesome,https://xemtrai.top/seachan-sex-threesome-2/,https://upload.xemtrai.top/2024/06/zpf9txDE-Seachan-720x380.jpg,Gay video; Vietnam video,https://drive.google.com/file/d/1gGdBjBlnywAfOq3xGKPlXQZZVhfcNJwu/view?usp=sharing,1,74,FALSE,
63137,Kenvin – Nguyễn Tiến Quân x Mastersim,https://xemtrai.top/kenvin-nguyen-tien-quan-x-mastersim/,https://upload.xemtrai.top/2024/06/TienQuan-x-Mastersim.mp4_20240610_202656.973-720x380.jpg,Gay video; Vietnam video,https://drive.google.com/file/d/11GLwqERUYLALvopHAHesyUH8lS3-7nLE/view?usp=sharing,1,74,FALSE,
63087,David_lychan x Lê Ngọc Minh,https://xemtrai.top/david_lychan-x-le-ngoc-minh/,https://upload.xemtrai.top/2024/06/David_lychan-x-LeNgocMinh-720x380.jpg,Gay video; Vietnam video,https://drive.google.com/file/d/1IRim8IdJTu2NuzwdMWsL5_Y3unsefRpR/view?usp=sharing,1,74,FALSE,
63085,Cutotop1991 Sex gay boy,https://xemtrai.top/cutotop1991-sex-gay-boy/,https://upload.xemtrai.top/2024/06/Cutotp1991-720x380.jpg,Gay video; Vietnam video,https://drive.google.com/file/d/1-ofCXGE3Li4Av0cZEzJ_Xw503iUGK7nd/view?usp=sharing,1,74,FALSE,
63086,Hoa nắng boy – Lập x Tiến,https://xemtrai.top/hoa-nang-boy-lap-x-tien/,https://upload.xemtrai.top/2024/06/Hoanangboy-Lap-x-Tien.mp4-1-720x380.jpg,Gay video; Vietnam video,https://drive.google.com/file/d/1hIBehtcQAYqZlekYsRaU3-NRYmmBpL7a/view?usp=sharing,1,74,FALSE,
62988,OF Xingfufu – Bevis Trần Đức Vương – Nice couple,https://xemtrai.top/of-xingfufu-bevis-tran-duc-vuong-nice-couple/,https://upload.xemtrai.top/2024/06/OF-Xingfufu-Bevis-Nice-couple.mp4_20240607_213510.165-720x380.jpg,Girl video; Vietnam video,https://drive.google.com/file/d/1njqrKEaiatvTxkPMGklATzLh_3xu0fQ7/view?usp=sharing,1,75,FALSE,
63018,Binky cum P3,https://xemtrai.top/binky-cum-p3/,https://upload.xemtrai.top/2024/06/binky-cum-P3-720x380.jpg,Solo; Vietnam video,https://drive.google.com/file/d/19StxmvA6nqothfpLd7H8rVvX3528Ig1M/view?usp=sharing,1,75,FALSE,
63020,Kenvin – Nguyễn Tiến Quân x Andrechou79,https://xemtrai.top/kenvin-nguyen-tien-quan-x-andrechou79-2/,https://upload.xemtrai.top/2024/06/TienQuan-x-Andrechou78.mp4_20240608_201444.071-720x380.jpg,Gay video; Vietnam video,https://drive.google.com/file/d/1PoBAeAQ1zjInSHbhhMdEYnI_5hr8ahxd/view?usp=sharing,1,75,FALSE,
63019,Hoa nắng boy – Hoàng solo,https://xemtrai.top/hoa-nang-boy-hoang-solo/,https://upload.xemtrai.top/2024/06/Hoanang-Hoang-720x380.jpg,Solo; Vietnam video,https://drive.google.com/file/d/12GmqGW9MGFBAwiwGaD_7T3RqEac7dKA1/view?usp=sharing,1,75,FALSE,
62989,Winson Champa (Winson95) x KianRaiX,https://xemtrai.top/winson-champa-winson95-x-kianraix/,https://upload.xemtrai.top/2024/06/Winson95-x-KianRaiX.mp4_20240607_213411.929-720x380.jpg,Gay video; Vietnam video,https://drive.google.com/file/d/1BfmJqcv_V8HuvZ7AP3Q5PFH2zBtRg49G/view?usp=sharing,1,75,FALSE,
62986,OF JJJAEWON,https://xemtrai.top/of-jjjaewon-3/,https://upload.xemtrai.top/2024/06/JJJaewon.mp4_20240607_213355.619-720x380.jpg,Asia video; Gay video,https://drive.google.com/file/d/1fLT2ejVsYLp_s0JVOB4jO11ec7r3cjc1/view?usp=sharing,1,75,FALSE,
62987,Connor Peter x Ryuji Suzuki,https://xemtrai.top/connor-peter-x-ryuji-suzuki/,https://upload.xemtrai.top/2024/06/8974936_1717766276-720x380.jpg,Asia video; Gay video,https://drive.google.com/file/d/1qKhMNr7_KA7iw0TfypfwgJYJHMPNxTCG/view?usp=sharing,1,75,FALSE,
62938,David_Lychan x Lady boy,https://xemtrai.top/david_lychan-x-lady-boy/,https://upload.xemtrai.top/2024/06/David-720x380.jpg,Gay video; Transgender; Vietnam video,https://drive.google.com/file/d/16VKQsgxTLNuxOVsiyAB8Emc5zQjjaH9z/view?usp=sharing,1,75,FALSE,
62935,Hoa nắng boy – Nghĩa x Ngọc P2,https://xemtrai.top/hoa-nang-boy-nghia-x-ngoc-p2/,https://upload.xemtrai.top/2024/06/Hoa-nang-Nghia-x-Ngoc-720x380.jpg,Gay video; Vietnam video,https://drive.google.com/file/d/1YfnpoRqjJKcmD2xXXk81UDh6ll_cTq7X/view?usp=sharing,1,75,FALSE,
62936,Cutotop1991 x Bot nhún,https://xemtrai.top/cutotop1991-x-bot-nhun/,https://upload.xemtrai.top/2024/06/cutotop19911-720x380.jpg,Gay video; Vietnam video,https://drive.google.com/file/d/1GNV6MgfcmZHHyAuuHTCsVsFCrLFyn8wO/view?usp=sharing,1,75,FALSE,
62888,Winson Champa (Winson95) x Top mặt nạ,https://xemtrai.top/winson-champa-winson95-x-top-mat-na/,https://upload.xemtrai.top/2024/06/winson95-720x380.jpg,Gay video; Vietnam video,https://drive.google.com/file/d/11u34ixRauA_JirbDLAOnvudOS7dq4g0L/view?usp=sharing,1,75,FALSE,
62887,Cutotop1991 x Bot gym,https://xemtrai.top/cutotop1991-x-bot-gym/,https://upload.xemtrai.top/2024/06/cutotop1991-720x380.jpg,Gay video; Vietnam video,https://drive.google.com/file/d/1EodVu8EondzFkErKMnvZmvy4gL-VYLUe/view?usp=sharing,1,75,FALSE,
62889,David_Lychan,https://xemtrai.top/david_lychan/,https://upload.xemtrai.top/2024/06/David_lychan.mp4_20240605_215010.844-720x380.jpg,Gay video; Vietnam video,https://drive.google.com/file/d/1x3ainYNfmF3grlvPvzv7MLOYozGN2OoN/view?usp=sharing,1,75,FALSE,
62890,Hoa nắng boy – Long ka chịch Hiếu,https://xemtrai.top/hoa-nang-boy-long-ka-chich-hieu/,https://upload.xemtrai.top/2024/06/Longka-x-Hieu-720x380.jpg,Gay video; Vietnam video,https://drive.google.com/file/d/1GZqjvbqZBgryDukiRnLc25-KGQAKWUx0/view?usp=sharing,1,75,FALSE,
62836,Jasper 02,https://xemtrai.top/jasper-02/,https://upload.xemtrai.top/2024/06/Jasper02-720x380.jpg,Asia video; Gay video,https://drive.google.com/file/d/13x5Ugbm4Jv21w9Ap9f8aF9z44IaWmg6a/view?usp=sharing,1,75,FALSE,
62834,Lê Ngọc Minh fuck gymer Ha Noi,https://xemtrai.top/le-ngoc-minh-fuck-gymer-ha-noi/,https://upload.xemtrai.top/2024/06/LengocMinh-720x380.jpg,Gay video; Vietnam video,https://drive.google.com/file/d/1crbRxTdRY3W4n4yR9oBg1uj9ZTfptXKR/view?usp=sharing,1,75,FALSE,
62832,[OF] JJJAEWON,https://xemtrai.top/of-jjjaewon-2/,https://upload.xemtrai.top/2024/06/JJJAEWON.mp4_20240604_192706.841-720x380.jpg,Asia video; Gay video,https://drive.google.com/file/d/1RAKpBR5QCIElS2IceMQWqauhFj-o4rAr/view?usp=sharing,1,75,FALSE,
62835,[OF] ITZEMO,https://xemtrai.top/of-itzemo/,https://upload.xemtrai.top/2024/06/ITZEMO.mp4_20240604_193544.245-720x380.jpg,Asia video; Gay video,https://drive.google.com/file/d/1tYz7sYNs9ckDesurscFouBbfrjwYgGmP/view?usp=sharing,1,75,FALSE,
62833,[OF] ALXMARDUE,https://xemtrai.top/of-alxmardue/,https://upload.xemtrai.top/2024/06/ALXMARDUE-720x380.jpg,Asia video; Gay video,https://drive.google.com/file/d/1j2Xn_HLmaUSMYIcIV6wPzzXAT8Gk9RT9/view?usp=sharing,1,76,FALSE,
62777,Binky cum P2,https://xemtrai.top/binky-cum-p2/,https://upload.xemtrai.top/2024/06/binky-720x380.jpg,Solo; Vietnam video,https://drive.google.com/file/d/1GBQpLyvNHhL-pcVnUbYGKFUp9JfcfisN/view?usp=sharing,1,76,FALSE,
62776,Seachan x Maioak,https://xemtrai.top/seachan-x-maioak/,https://upload.xemtrai.top/2024/06/seachan-720x380.jpg,Gay video; Vietnam video,https://drive.google.com/file/d/1ftIxRpc7cuYGirEfvy4OwxwDAITt9ZgN/view?usp=sharing,1,76,FALSE,
62775,Gaydar Office EP3,https://xemtrai.top/gaydar-office-ep3/,https://upload.xemtrai.top/2024/06/Gaydar-Office-EP3.mp4_20240603_214836.668-720x380.jpg,Asia video; Gay video,https://drive.google.com/file/d/1zFNKOfz0uO1K14n1XJ7jUOuUwxlEonQf/view?usp=sharing,1,76,FALSE,
62631,Kenvin – Nguyễn Tiến Quân x Beau nik,https://xemtrai.top/kenvin-nguyen-tien-quan-x-beau-nik/,https://upload.xemtrai.top/2024/05/Tien-Quan-x-Beaunik.mp4_20240531_205011.011-720x380.jpg,Gay video; Vietnam video,https://drive.google.com/file/d/1qUccl2GP0wYULH_TI3dzDEwqurjDrzO8/view?usp=sharing,1,76,FALSE,
62630,Seachan x Fisting gay boy,https://xemtrai.top/seachan-x-fisting-gay-boy/,https://upload.xemtrai.top/2024/05/Seachan-x-guy-BDSM-720x380.jpg,Gay video; Vietnam video,https://drive.google.com/file/d/1O6Mmr9NxaO9un7VrToIn037JzQ3x9LQ1/view?usp=sharing,1,76,FALSE,
62624,Hoa nắng boy – Huy x Dương P2,https://xemtrai.top/hoa-nang-boy-huy-x-duong-p2/,https://upload.xemtrai.top/2024/05/Hoanangboy-Huy-x-Duong-P2-720x380.jpg,Gay video; Vietnam video,https://drive.google.com/file/d/1_JFsurT54Kj3rIGnIUjlKv0_hzX1a1Jz/view?usp=sharing,1,76,FALSE,
62619,Cutotop1991 x Bot xăm mình P2,https://xemtrai.top/cutotop1991-x-bot-xam-minh-p2/,https://upload.xemtrai.top/2024/05/loZSGycO-cutotop1991-720x380.jpg,Gay video; Vietnam video,https://drive.google.com/file/d/19yfTd4VwqaonFpIerVjvNXe35WRKgJ5P/view?usp=sharing,1,76,FALSE,
62626,Justfor – Kamahuhu,https://xemtrai.top/justfor-kamahuhu-2/,https://upload.xemtrai.top/2024/05/Kamahuhu.mp4_20240531_205417.658-720x380.jpg,Asia video; Gay video,https://drive.google.com/file/d/1tIpPl-4tPp271XaviDEHudDwWFCMpmss/view?usp=sharing,1,76,FALSE,
62617,Binky cum,https://xemtrai.top/binky-cum/,https://upload.xemtrai.top/2024/05/binky-cum-720x380.jpg,Solo; Vietnam video,https://drive.google.com/file/d/1yv4M3U6MkxA0VIcYkSHXeudDi9KCqYfI/view?usp=sharing,1,76,FALSE,
62620,Cutotop1991 x Bot mông to rên dâm,https://xemtrai.top/cutotop1991-x-bot-mong-to-ren-dam/,https://upload.xemtrai.top/2024/05/Cutotop1991-x-bot-dam-720x380.jpg,Gay video; Vietnam video,https://drive.google.com/file/d/1ktSnpM8zAtDcOrzKMO4_1QkrSUenFFsc/view?usp=sharing,1,76,FALSE,
62618,Boner Sex Addict,https://xemtrai.top/boner-sex-addict-3/,https://upload.xemtrai.top/2024/05/Boner-Sex-Addict-cover-720x380.jpg,Asia video; Gay video,https://drive.google.com/file/d/1vJy5-Y_en9gXrSu0W_etcg_0YqJ6A-K-/view?usp=sharing,1,76,FALSE,
62616,OF BageLijun,https://xemtrai.top/of-bagelijun-2/,https://upload.xemtrai.top/2024/05/BageLijun-cover-720x380.jpg,Asia video; Gay video,https://drive.google.com/file/d/1Sq_jWgcxwaRwKaT5wCxkR54gWJI8RJ18/view?usp=sharing,1,76,FALSE,
62621,Douyin solo,https://xemtrai.top/douyin-solo/,https://upload.xemtrai.top/2024/05/Douyin-solo-cover-a-720x380.jpg,Asia video; Solo,https://drive.google.com/file/d/1-yVDv-BytTEVGUwGTiFdLv-QMzqtCrmE/view?usp=sharing,1,76,FALSE,
62622,Gymer handsome solo cum,https://xemtrai.top/gymer-handsome-solo-cum/,https://upload.xemtrai.top/2024/05/Gymmer-dep-trai-720x380.jpg,Solo; Vietnam video,https://drive.google.com/file/d/1LhRhRvwWOWDwqTOVRhuSsokvo-LnRbP8/view?usp=sharing,1,76,FALSE,
62629,Lê Ngọc Minh x Top slim body,https://xemtrai.top/le-ngoc-minh-x-top-slim-body/,https://upload.xemtrai.top/2024/05/Le-NGoc-Minh-x-top-slim-720x380.jpg,Gay video; Vietnam video,https://drive.google.com/file/d/1XqkRpXoz_iwIFGoVs9aPZnzlznt6KE5Y/view?usp=sharing,1,76,FALSE,
62625,Hoa nắng boy – Luận x Cường,https://xemtrai.top/hoa-nang-boy-luan-x-cuong/,https://upload.xemtrai.top/2024/05/Hoanang-Luan-x-Cuong-720x380.jpg,Gay video; Vietnam video,https://drive.google.com/file/d/1qzpIa1wSMHdNG75do3wvIWZvEaH_fZxO/view?usp=sharing,1,76,FALSE,
62628,Konglah x Rome (Phanuphong Wanthamat) – P2,https://xemtrai.top/konglah-x-rome-phanuphong-wanthamat-p2/,https://upload.xemtrai.top/2024/05/Konglah-x-Rome-cover-P2-720x380.jpg,Asia video; Gay video,https://drive.google.com/file/d/1xk_vLHLSOuF1zm-hHnOMz9Qz8pnZwTfP/view?usp=sharing,1,76,FALSE,
62627,Konglah x Rome (Phanuphong Wanthamat) – P1,https://xemtrai.top/konglah-x-rome-phanuphong-wanthamat-p1/,https://upload.xemtrai.top/2024/05/Konglah-x-Rome-P1-720x380.jpg,Asia video; Gay video,https://drive.google.com/file/d/19wmrwS6izSllwSawGjHwQ0zLACYnAEaJ/view?usp=sharing,1,77,FALSE,
62566,Seachan x Guy body srucb,https://xemtrai.top/seachan-x-guy-body-srucb/,https://upload.xemtrai.top/2024/05/bEdJm7bi-Seachan-720x380.jpg,Gay video; Straight guys; Vietnam video,https://drive.google.com/file/d/11WYkFEOLN8X1rn9WdYmVr5IUlKSzPJ3b/view?usp=sharing,1,77,FALSE,
62568,Perfect body – FC-4458180,https://xemtrai.top/fc-4458180/,https://upload.xemtrai.top/2024/05/1716093025.65-1-720x380.jpg,Asia video; Straight guys; Transgender,https://drive.google.com/file/d/1Tb9QQxiJgV80ThnLejMCv8teDehKbuvK/view?usp=sharing,1,77,FALSE,
62567,Justcumoverme – Daigo,https://xemtrai.top/justcumoverme-daigo/,https://upload.xemtrai.top/2024/05/Daigo-Justcumoverme-a-720x380.jpg,Asia video; Gay video,https://drive.google.com/file/d/1MIKWE_nYtZ3OJonu2Ee1gVdijJwug5WD/view?usp=sharing,1,77,FALSE,
62565,Justfor – LANG,https://xemtrai.top/justfor-lang-2/,https://upload.xemtrai.top/2024/05/Justfor-Lang-720x380.jpg,Asia video; Gay video,https://drive.google.com/file/d/1e1XtyZkSK9NvuJp6aEHpcpQjEh291d0W/view?usp=sharing,1,77,FALSE,
62564,Jkab Ethan Dale x Keres Fox,https://xemtrai.top/jkab-ethan-dale-x-keres-fox/,https://upload.xemtrai.top/2024/05/Jkab-Ethan-Dale-x-Keres-Fox-720x380.jpg,Asia video; Gay video,https://drive.google.com/file/d/1shKG9Sp_ub0iypzKL8uidCI5Mo6Bf3_2/view?usp=sharing,1,77,FALSE,
62457,Logan Nguyen x Mario Thái Cường (mariosugar2107),https://xemtrai.top/logan-nguyen-x-mario/,https://upload.xemtrai.top/2024/05/Logan-x-Mario.mp4_20240529_195149.487-720x380.jpg,Gay video; Vietnam video,https://drive.google.com/file/d/128xhFDQOoShL-X6NFr8iJUIRPkFyMtWD/view?usp=sharing,1,77,FALSE,
62458,Baron Anh Huy x BageLijun,https://xemtrai.top/baron-anh-huy-x-bagelijun/,https://upload.xemtrai.top/2024/05/Baron-x-Bagelijun.mp4_20240529_194551.095-720x380.jpg,Gay video; Vietnam video,https://drive.google.com/file/d/1gBe7CPDAiSaDKKj8H-odI6kHPLkyZ92i/view?usp=sharing,1,77,FALSE,
62456,Friendlymen collection P15,https://xemtrai.top/friendlymen-collection-p15/,https://upload.xemtrai.top/2024/05/friendlymen-720x380.jpg,Straight guys; Thailand video,https://drive.google.com/file/d/1OLXR8OPWuZHI1cjouQSSSuAVgHhKrT80/view?usp=sharing,1,77,FALSE,
62412,Seachan fucks Straight in spa,https://xemtrai.top/seachan-fucks-straight-in-spa/,https://upload.xemtrai.top/2024/05/Seachan-x-stra8-720x380.jpg,Gay video; Straight guys; Vietnam video,https://drive.google.com/file/d/1NJDwFK9kJROONphuetlriyU8t_ai2j8q/view?usp=sharing,1,77,FALSE,
62414,Hoa nắng boy – Trung x Phương,https://xemtrai.top/hoa-nang-boy-trung-x-phuong/,https://upload.xemtrai.top/2024/05/Hoanang-Trung-x-Phuong-720x380.jpg,Gay video; Vietnam video,https://drive.google.com/file/d/1hnlPfH7a2c8PL3pYk35mCkyiqBnuf7x9/view?usp=sharing,1,77,FALSE,
62415,OF Silverrose1404,https://xemtrai.top/of-silverrose1404/,https://upload.xemtrai.top/2024/05/Silverrose1404.mp4-1-720x380.jpg,Asia video; Gay video,https://drive.google.com/file/d/1bmlfWZgActEozYSuO4OccBp2Dc-bV2yk/view?usp=sharing,1,77,FALSE,
62371,Kenvin – Nguyễn Tiến Quân x Floridatwunkk,https://xemtrai.top/kenvin-nguyen-tien-quan-x-floridatwunkk/,https://upload.xemtrai.top/2024/05/TienQuan-x-Floridatwunkk.mp4_20240527_205805.564-720x380.jpg,Gay video; Vietnam video,https://drive.google.com/file/d/1xspFx5qYxumkzY2S8ikBF9tqc9AAMeaK/view?usp=sharing,1,77,FALSE,
62372,KongLah x Marinvip,https://xemtrai.top/konglah-x-marinvip/,https://upload.xemtrai.top/2024/05/79791796_1660042709-720x380.jpg,Asia video; Gay video,https://drive.google.com/file/d/1W86gNYEfdpvjSjBRu4tQkkkQkot79S-Q/view?usp=sharing,1,77,FALSE,
62325,Pinky Nguyen x Paul,https://xemtrai.top/pinky-nguyen-x-paul/,https://upload.xemtrai.top/2024/05/Pinky-x-Paul.mp4_20240526_210027.467-720x380.jpg,Gay video; Vietnam video,https://drive.google.com/file/d/1COaUiu3p2tNV6wMgwabdMioV4lW2xYdB/view?usp=sharing,1,77,FALSE,
62324,Cutotop1991 threesome,https://xemtrai.top/cutotop1991-threesome-2/,https://upload.xemtrai.top/2024/05/aDd2s77m-cutotop1991-720x380.jpg,Gay video; Vietnam video,https://drive.google.com/file/d/1xbpn6WPJ9P2Jaitv5_Sv2NHIoiEGETFJ/view?usp=sharing,1,77,FALSE,
62323,Bathroom Muscle Man,https://xemtrai.top/bathroom-muscle-man/,https://upload.xemtrai.top/2024/05/solo-720x380.jpg,Asia video; Solo,https://drive.google.com/file/d/1q5y8iZ0tNk7nq3YDRRSlue8LD9zxOxe6/view?usp=sharing,1,77,FALSE,
62326,WWWWJKLL,https://xemtrai.top/wwwwjkll/,https://upload.xemtrai.top/2024/05/www-720x380.jpg,Asia video; Solo,https://drive.google.com/file/d/1m7sWX8Qo7YoJqATiK1r1pJcuXJAfPqIo/view?usp=sharing,1,77,FALSE,
62257,OF Xingfufu – Bevis Trần Đức Vương – Daily life 1,https://xemtrai.top/of-xingfufu-bevis-tran-duc-vuong-daily-life-1/,https://upload.xemtrai.top/2024/05/bevis-Vuong-720x380.jpg,Solo; Vietnam video,https://drive.google.com/file/d/1TWQh2x90fPjo_it3uous5V5sCCxDrI5N/view?usp=sharing,1,78,FALSE,
62256,OF Chiang_gogo,https://xemtrai.top/of-chiang_gogo/,https://upload.xemtrai.top/2024/05/Chiang-720x380.jpg,Asia video; Gay video,https://drive.google.com/file/d/1cL0KLKc0Jp2VxDzpcCGgFMMFuF7Jyn0-/view?usp=sharing,1,78,FALSE,
62255,Andrechou79 threesome,https://xemtrai.top/andrechou79-threesome/,https://upload.xemtrai.top/2024/05/39221775_1716635669-720x380.jpg,Asia video; Gay video,https://drive.google.com/file/d/1yZLw94cXBtFnnRwUF_PWkmExivqYkp5a/view?usp=sharing,1,78,FALSE,
62258,Anh Thỏ Anh Tôn (兔先生 太陽表哥),https://xemtrai.top/%e5%85%94%e5%85%88%e7%94%9f-%e5%a4%aa%e9%99%bd%e8%a1%a8%e5%93%a5/,https://upload.xemtrai.top/2024/05/page-720x380.jpg,Asia video; Gay video,https://drive.google.com/file/d/1rGC3KiYXf2yx5kAIjdav-yigaZvXpbHU/view?usp=sharing,1,78,FALSE,
62259,Anh Ziyu (子羽哥哥),https://xemtrai.top/%e5%ad%90%e7%be%bd%e5%93%a5%e5%93%a5/,https://upload.xemtrai.top/2024/05/2-720x380.jpg,Asia video; Gay video,https://drive.google.com/file/d/1a46Ra6u66ZBm-VXroGIpRNbs6g6oBVbF/view?usp=sharing,1,78,FALSE,
62213,OF Xingfufu – Bevis Trần Đức Vương sexy cumcontrol,https://xemtrai.top/of-xingfufu-bevis-tran-duc-vuong-sexy-cumcontrol/,https://upload.xemtrai.top/2024/05/Bevis-720x380.jpg,Solo; Vietnam video,https://drive.google.com/file/d/1OJ17Vh8QfYUmONA0BJyKtxvtHVsZZKIt/view?usp=sharing,1,78,FALSE,
62215,OF Mizuchixw Saiki,https://xemtrai.top/of-mizuchixw-saiki/,https://upload.xemtrai.top/2024/05/51044796_1716549724-720x380.jpg,Asia video; Gay video,https://drive.google.com/file/d/1flcupEyRkrHIrirHGQtA0G1ZXgoDFffz/view?usp=sharing,1,78,FALSE,
62211,[JUSTFOR] Kamahuhu,https://xemtrai.top/justfor-kamahuhu/,https://upload.xemtrai.top/2024/05/Kamahuhu.mp4_20240524_201812.977-720x380.jpg,Asia video; Gay video,https://drive.google.com/file/d/15OrNs9Gd4B56DcAgP-15w0Af7-Jl8EJW/view?usp=sharing,1,78,FALSE,
62212,Chuột chelsea x Top gym khoai to chơi khỏe chịch 2 em bot,https://xemtrai.top/chuot-chelsea-x-top-gym-khoai-to-choi-khoe-chich-2-em-bot/,https://upload.xemtrai.top/2024/05/Chuot-Chelsea-x-2-em-bot.mp4_20240524_201433.449-720x380.jpg,Gay video; Vietnam video,https://drive.google.com/file/d/1phtdX-8Nj0Y-wY0lKbVudr51No99-3ck/view?usp=sharing,1,78,FALSE,
62162,Seachan Fan boy,https://xemtrai.top/seachan-fan-boy/,https://upload.xemtrai.top/2024/05/Seachan-x-Fan-boy-720x380.jpg,Gay video; Vietnam video,https://drive.google.com/file/d/1vOHQ1MmxWyAjPGUQU42kEmv29yrGkt6i/view?usp=sharing,1,78,FALSE,
62159,Cutotop1991 x Bot gym mông to,https://xemtrai.top/cutotop1991-x-bot-gym-mong-to-2/,https://upload.xemtrai.top/2024/05/SMeamWTI-cutotop1991-720x380.jpg,Gay video; Vietnam video,https://drive.google.com/file/d/14O3YeRAUW-nj_Aac8xY8QEB5Scs9R465/view?usp=sharing,1,78,FALSE,
62160,Hoa nắng boy – Luận x Chiến & Nhật x Tùng,https://xemtrai.top/hoa-nang-boy-luan-x-chien-nhat-x-tung/,https://upload.xemtrai.top/2024/05/Hoa-nang-Luan-x-Chien-720x380.jpg,Gay video; Vietnam video,https://drive.google.com/file/d/1Kbusb_MQBlsKiJenivH5uW0-dM5zxmiB/view?usp=sharing,1,78,FALSE,
62161,Hoa nắng boy – Hùng x Nam,https://xemtrai.top/hoa-nang-boy-hung-x-nam/,https://upload.xemtrai.top/2024/05/Hoanangboy-Hung-x-Nam.mp4-1-720x380.jpg,Gay video; Vietnam video,https://drive.google.com/file/d/1yw8VYM3wfXQwqflh4yVRlFWMzvPZSvg6/view?usp=sharing,1,78,FALSE,
62124,OF Xingfufu – Bevis Trần Đức Vương – Nipple Play,https://xemtrai.top/of-xingfufu-bevis-tran-duc-vuong-nipple-play/,https://upload.xemtrai.top/2024/05/OF-Xingfufu-Bevis-Nipple-Play.mp4_20240522_205620.506-720x380.jpg,Solo; Vietnam video,https://drive.google.com/file/d/1-fXqveHI0ciFyNyylciMR0iOAHbsdXhO/view?usp=sharing,1,78,FALSE,
62125,Seachan x straight guy,https://xemtrai.top/seachan-x-straight-guy-4/,https://upload.xemtrai.top/2024/05/cgcBjN6k-Seachan-720x380.jpg,Gay video; Straight guys; Vietnam video,https://drive.google.com/file/d/144EiDL16FxDlT_-WwgUEVwHcLUyQebvd/view?usp=sharing,1,78,FALSE,
62123,Hoa nắng boy – Tiến x Minh,https://xemtrai.top/hoa-nang-boy-tien-x-minh/,https://upload.xemtrai.top/2024/05/Hoanangboy-Tien-x-Minh-720x380.jpg,Gay video; Vietnam video,https://drive.google.com/file/d/1EQ1q4c6oujitCaJknUxHYEmqYXXbNYVT/view?usp=sharing,1,78,FALSE,
62126,Yahh6666,https://xemtrai.top/yahh6666/,https://upload.xemtrai.top/2024/05/64946133_1716287642-720x380.jpg,Asia video; Gay video,https://drive.google.com/file/d/1zjtFtvaUQAhzcCYrpj9ZKgOUE6RPBUmm/view?usp=sharing,1,78,FALSE,
62122,Boner Sex Addict,https://xemtrai.top/boner-sex-addict-2/,https://upload.xemtrai.top/2024/05/58433554_1716287521-720x380.jpg,Asia video; Gay video,https://drive.google.com/file/d/11y-RujcDtJeSYLIOZ4ASPwaW7iJW4gPU/view?usp=sharing,1,78,FALSE,
62037,OF Xingfufu – Bevis Trần Đức Vương solo cum,https://xemtrai.top/of-xingfufu-bevis-solo-cum/,https://upload.xemtrai.top/2024/05/OF-Xingfufu-Bevis-solo-cum.mp4_20240521_205026.968-720x380.jpg,Solo; Vietnam video,https://drive.google.com/file/d/1K-h4LpGyOTcaJwalKO1aUF4D1priRGGy/view?usp=sharing,1,79,FALSE,
62038,Kenvin – Nguyễn Tiến Quân x Ed_max,https://xemtrai.top/kenvin-nguyen-tien-quan-x-ed_max/,https://upload.xemtrai.top/2024/05/TienQuan-Ed_max.mp4_20240521_204750.215-720x380.jpg,Gay video; Vietnam video,https://drive.google.com/file/d/13MWDLLuVBSej-H4kC7ZfxGF-T4eg7KCF/view?usp=sharing,1,79,FALSE,
62036,Lê Ngọc Minh x Trai HN slave,https://xemtrai.top/le-ngoc-minh-x-trai-hn-slave/,https://upload.xemtrai.top/2024/05/LeNgocMinh-x-TraiHN-720x380.jpg,Gay video; Vietnam video,https://drive.google.com/file/d/1-LcE4HmS7FyV0K1wAF8meTrdjdolxPT_/view?usp=sharing,1,79,FALSE,
62039,GAYDAR Gosu-002 Ryo x Leo,https://xemtrai.top/gaydar-gosu-002-ryo-x-leo/,https://upload.xemtrai.top/2024/05/IMG_9609-702x380.jpeg,Asia video; Gay video,https://drive.google.com/file/d/17uyoV4_cXwEv6oIN0oc-jTLh2UpKirWb/view?usp=sharing,1,79,FALSE,
62035,Chuột chelsea chịch em gym vũ công,https://xemtrai.top/chuot-chelsea-chich-em-gym-vu-cong/,https://upload.xemtrai.top/2024/05/HoCgLFyW-Chuot-chelsea-720x380.jpg,Gay video; Vietnam video,https://drive.google.com/file/d/10NHFzhIoVQKuy2vJLPkxbjvh2NAc5-FP/view?usp=sharing,1,79,FALSE,
62034,Cutotop1991 x Bot sịp vàng (khẩu dâm),https://xemtrai.top/cutotop1991-x-bot-sip-vang-khau-dam/,https://upload.xemtrai.top/2024/05/cutotop1991-720x380.jpg,Gay video; Vietnam video,https://drive.google.com/file/d/1gH4255vFiRBOkxReorpIPXJPOATnp0Ib/view?usp=sharing,1,79,FALSE,
61971,Gaydar Office EP2,https://xemtrai.top/gaydar-office-ep2/,https://upload.xemtrai.top/2024/05/1-720x380.jpg,Asia video; Gay video,https://drive.google.com/file/d/1si2rtUsxqdDnzIc_yLpDXBIY0hyXba5M/view?usp=sharing,1,79,FALSE,
61977,Hoa nắng boy – Tấn x Đại P2,https://xemtrai.top/hoa-nang-boy-tan-x-dai-p2/,https://upload.xemtrai.top/2024/05/Hoa-nang-Dai-x-Tan-P2-720x380.jpg,Gay video; Vietnam video,https://drive.google.com/file/d/1RLlH5sJ9eUdK6SgMfgQ3XkgvyNftAA1J/view?usp=sharing,1,79,FALSE,
61975,Chuột Chelsea chịch bot dâm,https://xemtrai.top/chuot-chelsea-chich-bot-dam/,https://upload.xemtrai.top/2024/05/Chuot-chelsea-720x380.jpg,Gay video; Vietnam video,https://drive.google.com/file/d/1qIsI1gfCsw2H18YeqYuI9rirDQnWrrfE/view?usp=sharing,1,79,FALSE,
61972,Titus low (Tituslow22) x Hotpecs,https://xemtrai.top/titus-low-tituslow22-x-hotpecs/,https://upload.xemtrai.top/2024/05/Tituslow-x-Hotpecs.mp4_20240520_202840.486-720x380.jpg,Asia video; Gay video,https://drive.google.com/file/d/1RE7-23G0GhMVkph5i5EF-VHRcte2dzlg/view?usp=sharing,1,79,FALSE,
61947,Kenvin – Nguyễn Tiến Quân x Paul (Sofa K & P),https://xemtrai.top/kenvin-nguyen-tien-quan-x-paul-sofa-k-p/,https://upload.xemtrai.top/2024/05/Kenvin-x-Paul-Sofa.mp4_20240519_221353.141-720x380.jpg,Gay video; Vietnam video,https://drive.google.com/file/d/10x5aIa1OY-BikN1mMs17BHJWcnJkO9mv/view?usp=sharing,1,79,FALSE,
61946,Hoa nắng boy – Tấn x Đại P1,https://xemtrai.top/hoa-nang-boy-tan-x-dai-p1/,https://upload.xemtrai.top/2024/05/Hoa-nang-Dai-x-Tan-720x380.jpg,Gay video; Vietnam video,https://drive.google.com/file/d/1oO2_EIlTGLJQcziypY0NgJ6MspJB5ia9/view?usp=sharing,1,79,FALSE,
61945,Seachan x Straight big cock,https://xemtrai.top/seachan-x-straight-big-cock/,https://upload.xemtrai.top/2024/05/Qpl5peYc-Seachan-720x380.jpg,Gay video; Straight guys; Vietnam video,https://drive.google.com/file/d/1tFydrXPxyV3ynd6NYi6inmNUUlbpxb4M/view?usp=sharing,1,79,FALSE,
61898,Logan Nguyen x Baron Anh Huy,https://xemtrai.top/logan-nguyen-x-baron-anh-huy/,https://upload.xemtrai.top/2024/05/Logan-x-Baron-720x380.jpg,Gay video; Vietnam video,https://drive.google.com/file/d/14KOeAYazdotOZQS9M1JqCSiWnlNZrlT1/view?usp=sharing,1,79,FALSE,
61895,Hoa nắng boy – Duy x Nam,https://xemtrai.top/hoa-nang-boy-duy-x-nam/,https://upload.xemtrai.top/2024/05/Hoa-nang-Duy-x-Nam-720x380.jpg,Gay video; Vietnam video,https://drive.google.com/file/d/1dJ_MZA56V-pKYceZNZpvPPb11aJZYcCG/view?usp=sharing,1,79,FALSE,
61896,OF Andrechou79,https://xemtrai.top/of-andrechou79-2/,https://upload.xemtrai.top/2024/05/Andrechou79.mp4_20240518_194718.596-720x380.jpg,Asia video; Gay video,https://drive.google.com/file/d/1GRUFZ1DKylMpy17LwHUF_X-oTDIiv2U0/view?usp=sharing,1,79,FALSE,
61897,Boner Sex Addict,https://xemtrai.top/boner-sex-addict/,https://upload.xemtrai.top/2024/05/55184048_1716019512-720x380.jpg,Asia video; Gay video,https://drive.google.com/file/d/1ORPeyvSqPcy5Dy6XJ5NoSMLlb3RwWD56/view?usp=sharing,1,79,FALSE,
61843,Logan Nguyen x Seachan,https://xemtrai.top/logan-nguyen-x-seachan/,https://upload.xemtrai.top/2024/05/Seachan-x-Logan-720x380.jpg,Gay video; Vietnam video,https://drive.google.com/file/d/1PbGy-RRmyEnxS3EdSI6tj0mMI5U7_NtY/view?usp=sharing,1,79,FALSE,
61845,Hoa nắng boy – Luận x Thịnh x Chiến 3some,https://xemtrai.top/hoa-nang-boy-luan-x-thinh-x-chien-3some/,https://upload.xemtrai.top/2024/05/Hoanangboy-Luan-x-Thinh-x-Chien-720x380.jpg,Gay video; Vietnam video,https://drive.google.com/file/d/1A6DGt8u4nmWljvSb6QKGr7GP6cCTxCqB/view?usp=sharing,1,80,FALSE,
61846,TantanEvan x Danielandandre,https://xemtrai.top/tantanevan-x-danielandandre/,https://upload.xemtrai.top/2024/05/TanTanEvan-720x380.jpg,Asia video; Gay video,https://drive.google.com/file/d/1syeehscurv7ahAierj5ZO3-UJQ2L63hI/view?usp=sharing,1,80,FALSE,
61844,Trai đẹp cơ bắp chịch bot slim,https://xemtrai.top/handsome-muscular-guy/,https://upload.xemtrai.top/2024/05/Handsome-muscular-guy-sex-720x380.jpg,Asia video; Gay video,https://drive.google.com/file/d/1njwpTQWUcFkPEqE9jWDyuc2ZYKmtvEmW/view?usp=sharing,1,80,FALSE,
61806,Semenx ft Jrman_175,https://xemtrai.top/semenx-ft-jrman_175/,https://upload.xemtrai.top/2024/05/semenx-720x380.jpg,Gay video; Thailand video,https://drive.google.com/file/d/1Vw28c2CdkbRbiVIzK3kBdquxULFadumr/view?usp=sharing,1,80,FALSE,
61805,Hoa nắng boy – Huy x Tiến,https://xemtrai.top/hoa-nang-boy-huy-x-tien/,https://upload.xemtrai.top/2024/05/Hoannag-Huy-x-Tien-720x380.jpg,Gay video; Vietnam video,https://drive.google.com/file/d/1N6UZyupxXN-QtYUF-Z_LEU9nLHfyRbsk/view?usp=sharing,1,80,FALSE,
61761,Seachan x Guy big cock,https://xemtrai.top/seachan-x-guy-big-cock/,https://upload.xemtrai.top/2024/05/DjSz6U2A-Seachan-720x380.jpg,Gay video; Vietnam video,https://drive.google.com/file/d/1HwZ9UzXAKGdwdQsMaOZYgVsctVYMzBz2/view?usp=sharing,1,80,FALSE,
61762,Hoa nắng boy – Nghĩa x Ngọc,https://xemtrai.top/hoa-nang-boy-nghia-x-ngoc/,https://upload.xemtrai.top/2024/05/hoannag-Nghia-x-Ngoc-720x380.jpg,Gay video; Vietnam video,https://drive.google.com/file/d/1eOptfWd8G_RYXgLpYXHGdPktDn27U8Be/view?usp=sharing,1,80,FALSE,
61709,Cutotop1991 x bot xăm mình,https://xemtrai.top/cutotop1991-x-bot-xam-minh/,https://upload.xemtrai.top/2024/05/Ks4mvVLp-Cutotop1991-720x380.jpg,Gay video; Vietnam video,https://drive.google.com/file/d/15pqVXs9uyC8eZ4uXXPj5-KtaKUs5DY7r/view?usp=sharing,1,80,FALSE,
61710,Hoa nắng boy – Tú solo,https://xemtrai.top/hoa-nang-boy-tu-solo/,https://upload.xemtrai.top/2024/05/Hoa-nang-Tu-720x380.jpg,Solo; Vietnam video,https://drive.google.com/file/d/1kKmjgvq369ek7sejgxLTbM6CjCukFaXP/view?usp=sharing,1,80,FALSE,
61708,OF Andrechou79,https://xemtrai.top/of-andrechou79/,https://upload.xemtrai.top/2024/05/Anderchou79.mp4_20240514_211111.791-720x380.jpg,Asia video; Gay video,https://drive.google.com/file/d/1tntkKdT_0QEsoegGCJRHyOUAkkMDdEDj/view?usp=sharing,1,80,FALSE,
61668,Seachan x Straight slim big cock,https://xemtrai.top/seachan-x-straight-slim-big-cock/,https://upload.xemtrai.top/2024/05/Seachan-x-str8-slim-720x380.jpg,Straight guys; Vietnam video,https://drive.google.com/file/d/1A2A9DubwmO1nUehcmvoT_Z0NUl3MyhnL/view?usp=sharing,1,80,FALSE,
61669,Kevin – Nguyễn Tiến Quân x Pinky,https://xemtrai.top/kevin-nguyen-tien-quan-x-pinky/,https://upload.xemtrai.top/2024/05/TienQuan-x-Pinky.mp4_20240513_214036.518-720x380.jpg,Gay video; Vietnam video,https://drive.google.com/file/d/1mjzeS19gqquyDUjKA9VfmEsyWmEhWsza/view?usp=sharing,1,80,FALSE,
61642,Seachan x Straight guy,https://xemtrai.top/seachan-x-straight-guy-3/,https://upload.xemtrai.top/2024/05/SeachanxStr8-720x380.jpg,Straight guys; Vietnam video,https://drive.google.com/file/d/1m5_A839_5RbyEfANgO9ADkfq_T64D6gH/view?usp=sharing,1,80,FALSE,
61643,Kenvin – Nguyễn Tiến Quân x Felino_2537,https://xemtrai.top/kenvin-nguyen-tien-quan-x-felino_2537/,https://upload.xemtrai.top/2024/05/Collabration-a-hreffelino_2537@felino_2537a.mp4_20240512_212952.584-720x380.jpg,Gay video; Vietnam video,https://drive.google.com/file/d/1wBhuvm61b_K3qmu1qKrlHE3_jIC1NzsA/view?usp=sharing,1,80,FALSE,
61641,Hoa nắng boy – Tiến x Lộc P2,https://xemtrai.top/hoa-nang-boy-tien-x-loc-p2/,https://upload.xemtrai.top/2024/05/hoannag-TienxLoc-720x380.jpg,Gay video; Vietnam video,https://drive.google.com/file/d/1Tf_Q1XuPbV0mPFaLYjvLbiNkr7mNTJ-n/view?usp=sharing,1,80,FALSE,
61572,Winson Champa (Winson95) x Alantop1069,https://xemtrai.top/winson-champa-winson95-x-alantop1069/,https://upload.xemtrai.top/2024/05/Winson95-720x380.jpg,Gay video; Vietnam video,https://drive.google.com/file/d/1ZhYg4WHwDZmMECuuLgMMs9nLspa_7Vbe/view?usp=sharing,1,80,FALSE,
61571,KianRaiX ft ScottieJ702,https://xemtrai.top/kianraix-ft-scottiej702/,https://upload.xemtrai.top/2024/05/14112041_1715424774-720x380.jpg,Asia video; Gay video,https://drive.google.com/file/d/1OAF0ABNjO_vCowv4eb3qmB0vDnaEfgmu/view?usp=sharing,1,80,FALSE,
61569,SemenX ft Title (Tlekittikhun) EP4,https://xemtrai.top/semenx-ft-title-tlekittikhun-ep4/,https://upload.xemtrai.top/2024/05/94361379_1715424429-720x380.jpg,Gay video; Thailand video,https://drive.google.com/file/d/1dCY0aNFnXcgXB_v6IIoCm4F8YYCCVrxH/view?usp=sharing,1,80,FALSE,
61568,SemenX ft Title (Tlekittikhun) EP3,https://xemtrai.top/semenx-ft-title-tlekittikhun-ep3/,https://upload.xemtrai.top/2024/05/95947867_1715424408-720x380.jpg,Gay video; Thailand video,https://drive.google.com/file/d/1PI5meRIJB48dYFVDaGFqavgK-hxq1LVu/view?usp=sharing,1,81,FALSE,
61511,Lê Ngọc Minh – Love threesome,https://xemtrai.top/le-ngoc-minh-love-threesome/,https://upload.xemtrai.top/2024/05/LeNgocMinh-love3some.mp4_20240510_200958.771-720x380.jpg,Gay video; Vietnam video,https://drive.google.com/file/d/1dwjr1suwIZqbho5I0qCSkPCvbrid6lg_/view?usp=sharing,1,81,FALSE,
61510,SemenX ft Title (Tlekittikhun) EP2,https://xemtrai.top/semenx-ft-title-tlekittikhun-ep2/,https://upload.xemtrai.top/2024/05/51641929_1715160660-720x380.jpg,Gay video; Thailand video,https://drive.google.com/file/d/1xYtLRfx-bF5pceBUHkImGqM349pXWmW1/view?usp=sharing,1,81,FALSE,
61509,SemenX ft Title (Tlekittikhun) EP1,https://xemtrai.top/semenx-ft-title-tlekittikhun-ep1/,https://upload.xemtrai.top/2024/05/61436978_1715160631-720x380.jpg,Gay video; Thailand video,https://drive.google.com/file/d/16hOyv8SeZu9fODwCeUXawU9imLEJIjH2/view?usp=sharing,1,81,FALSE,
61514,奶弟挖掘機,https://xemtrai.top/%e5%a5%b6%e5%bc%9f%e6%8c%96%e6%8e%98%e6%a9%9f/,https://upload.xemtrai.top/2024/05/a-720x380.jpg,Asia video; Gay video,https://drive.google.com/file/d/100WtQJNDipXljh4cli3AydR--FDnDnEd/view?usp=sharing,1,81,FALSE,
61512,Seachan x bot slim,https://xemtrai.top/seachan-x-bot-slim/,https://upload.xemtrai.top/2024/05/Seachan-x-bot-slim.mp4_20240510_201635.727-720x380.jpg,Gay video; Vietnam video,https://drive.google.com/file/d/1Vf5L9WXUZvw8pAb0Gy8m4OyL4xJiwy0m/view?usp=sharing,1,81,FALSE,
61466,Cutotop1991 x bot sịp đỏ,https://xemtrai.top/cutotop1991-x-bot-sip-do/,https://upload.xemtrai.top/2024/05/Cutotop1991-720x380.jpg,Gay video; Vietnam video,https://drive.google.com/file/d/10kVDNHnZXNu5AydcasHGb0o0apNhwAnx/view?usp=sharing,1,81,FALSE,
61465,Hoa nắng boy – Tiến x Lộc,https://xemtrai.top/hoa-nang-boy-tien-x-loc/,https://upload.xemtrai.top/2024/05/Hoa-nang-Tien-x-Loc-720x380.jpg,Gay video; Vietnam video,https://drive.google.com/file/d/1FZvQMZZoKbNMoGpOYrB-mPT2xtLSGlxY/view?usp=sharing,1,81,FALSE,
61482,OF JJJAEWON,https://xemtrai.top/of-jjjaewon/,https://upload.xemtrai.top/2024/05/Jjjaewon-720x380.jpg,Asia video; Gay video,https://drive.google.com/file/d/1qwVprjf8IgpPC8DuQbTEsBVd1Go66YGc/view?usp=sharing,1,81,FALSE,
61433,Seachan x Arias,https://xemtrai.top/seachan-x-arias/,https://upload.xemtrai.top/2024/05/Seachan-720x380.jpg,Gay video; Vietnam video,https://drive.google.com/file/d/1Lfg_ktUMeBi2aFee9LFmPMGtjH7TtSpn/view?usp=sharing,1,81,FALSE,
61432,Hoa nắng boy – Phước x Tây,https://xemtrai.top/hoa-nang-boy-phuoc-x-tay/,https://upload.xemtrai.top/2024/05/Hoa-nang-Phuoc-x-Tay-720x380.jpg,Gay video; Vietnam video,https://drive.google.com/file/d/1GStG6tpfXlcDWM7A9tQWvAZpSy6jxUzF/view?usp=sharing,1,81,FALSE,
61434,Peedeedi (Paul),https://xemtrai.top/peedeedi-paul/,https://upload.xemtrai.top/2024/05/75526866_1715077906-720x380.jpg,Gay video; Thailand video,https://drive.google.com/file/d/1OiwMqJbR1FzHWT9x_CT4Iso29dBso-p9/view?usp=sharing,1,81,FALSE,
61368,Gaydar Office EP1,https://xemtrai.top/gaydar-office-ep1/,https://upload.xemtrai.top/2024/05/Gaydar-Office-EP1.mp4_20240507_201335.678-720x380.jpg,Asia video; Gay video,https://drive.google.com/file/d/1xjowVzKxp8IqWoHUWAGcjniSrmgTm45r/view?usp=sharing,1,81,FALSE,
61365,Hoa nắng boy – Tiến x Phúc (Phúc chịch Tiến),https://xemtrai.top/hoa-nang-boy-tien-x-phuc-phuc-chich-tien/,https://upload.xemtrai.top/2024/05/Hoanang-Tien-x-Phuc-720x380.jpg,Gay video; Vietnam video,https://drive.google.com/file/d/1lCxiFRH5HSNVMOmTs6wNY0flRaRe-vHT/view?usp=sharing,1,81,FALSE,
61367,Kenvin – Nguyễn Tiến Quân x musc_edge x bananapie1069,https://xemtrai.top/kenvin-nguyen-tien-quan-x-musc_edge-x-bananapie1069/,https://upload.xemtrai.top/2024/05/TienQuan-x-musc_edge-x-bananapie1069-720x380.jpg,Gay video; Vietnam video,https://drive.google.com/file/d/1mnVfZK8aKjwin8RqGqVvCQJmuTkpbyqe/view?usp=sharing,1,81,FALSE,
61338,TantanEvan x Tylerwu,https://xemtrai.top/tantanevan-x-tylerwu/,https://upload.xemtrai.top/2024/05/TanTanEvan-x-TylerWu.mp4_20240506_210915.307-720x380.jpg,Asia video; Gay video,https://drive.google.com/file/d/1zQ-8cJMQG_CtukjeTTKbFI2gXukfRs4-/view?usp=sharing,1,81,FALSE,
61337,Hoa nắng boy – Kiệt solo P3,https://xemtrai.top/hoa-nang-boy-kiet-solo-p3/,https://upload.xemtrai.top/2024/05/Hoa-nang-boy-Kiet-720x380.jpg,Solo; Vietnam video,https://drive.google.com/file/d/1faC9-kuFefsjVJ1PR3i0VL4Ex5iUM5oX/view?usp=sharing,1,81,FALSE,
61272,Seachan x Cosplay,https://xemtrai.top/seachan-x-cosplay/,https://upload.xemtrai.top/2024/05/Seachan-x-cosplay-720x380.jpg,Gay video; Vietnam video,https://drive.google.com/file/d/1f_XkJX4lxuuEVq_tPrNyihlxwkMKIcqB/view?usp=sharing,1,81,FALSE,
61275,The rich 2nd gen- Mosanshao x 佳怡哥哥 (yu895114373) x CTXY1314,https://xemtrai.top/the-rich-2nd-gen-mosanshao-x-%e4%bd%b3%e6%80%a1%e5%93%a5%e5%93%a5-yu895114373-x-ctxy1314/,https://upload.xemtrai.top/2024/05/c-720x380.jpeg,Asia video; Gay video,https://drive.google.com/file/d/1j6pA0wFpLYR24Bu2I-6EKJYrt6g8dFxa/view?usp=sharing,1,82,FALSE,
61273,Winsonchampa (Winson95) x Bagelijun x Nainoi (nainoi9999),https://xemtrai.top/winsonchampa-winson95-x-bagelijun-x-nainoi-nainoi9999/,https://upload.xemtrai.top/2024/05/Bagelijun-x-Nainoi-x-Winson.mp4_20240505_205730.283-720x380.jpg,Gay video; Vietnam video,https://drive.google.com/file/d/1zlW1ir8opZbtAMnY3FnG-Vzu1TiwMz-2/view?usp=sharing,1,82,FALSE,
61229,Hoa nắng boy – Bảo solo,https://xemtrai.top/hoa-nang-boy-bao-solo/,https://upload.xemtrai.top/2024/05/Hoanangboy-Bao-solo-720x380.jpg,Solo; Vietnam video,https://drive.google.com/file/d/1XVBIBO7RC1pbPZqjrRpc4Qklvr43Ijsv/view?usp=sharing,1,82,FALSE,
61230,Kenvin – Nguyễn Tiến Quân x Paul,https://xemtrai.top/kenvin-nguyen-tien-quan-x-paul/,https://upload.xemtrai.top/2024/05/TienQuan-Paul.mp4_20240504_204142.437-720x380.jpg,Gay video; Vietnam video,https://drive.google.com/file/d/1bZFvHncqRVIAcXS4ipcaNsz17XaAABwu/view?usp=sharing,1,82,FALSE,
61174,Seachan x straight guy big body,https://xemtrai.top/seachan-x-straight-guy-big-body/,https://upload.xemtrai.top/2024/05/Seachan-x-Straight-guy-big-body-720x380.jpg,Straight guys; Vietnam video,https://drive.google.com/file/d/1ssPeIzmpL2G4bGvbxVW9Qr73h5rRuAaG/view?usp=sharing,1,82,FALSE,
61176,Kenvin – Nguyễn Tiến Quân x Sammysinsss,https://xemtrai.top/kenvin-nguyen-tien-quan-x-sammysinsss/,https://upload.xemtrai.top/2024/05/TienQuan-x-Sammysinsss.mp4_20240503_202158.223-720x380.jpg,Gay video; Vietnam video,https://drive.google.com/file/d/1C4vwkpcasmyvBNWGvbGRQEVh4fpzMns7/view?usp=sharing,1,82,FALSE,
61175,Hoa nắng boy – Phong x Minh,https://xemtrai.top/hoa-nang-boy-phong-x-minh/,https://upload.xemtrai.top/2024/05/Hoa-nang-Phong-x-Minh-720x380.jpg,Gay video; Vietnam video,https://drive.google.com/file/d/1_KxgCbSO4o4Kjwro3vswzN3n15E3iNr3/view?usp=sharing,1,82,FALSE,
61264,Chiang x HailiJiang,https://xemtrai.top/chiang-x-hailijiang/,https://upload.xemtrai.top/2024/05/Hailijiang-x-Chiang-720x380.jpg,Asia video,https://drive.google.com/file/d/10QVYAcHhdY4rrLPxe-jb8gWS-bUzAlyF/view?usp=sharing,1,82,FALSE,
61119,Kenvin – Nguyễn Tiến Quân x Gboylovetough,https://xemtrai.top/kenvin-nguyen-tien-quan-x-gboylovetough/,https://upload.xemtrai.top/2024/05/TienQuan-x-Gboylovetough.mp4_20240502_212327.890-720x380.jpg,Gay video; Vietnam video,https://drive.google.com/file/d/1wA0OXH3EPeieu2oyjJutxctynDbGPQ7R/view?usp=sharing,1,82,FALSE,
61120,Hoa nắng boy – Tấn shower,https://xemtrai.top/hoa-nang-boy-tan-shower/,https://upload.xemtrai.top/2024/05/Hoanang-Tan-720x380.jpg,Solo; Vietnam video,https://drive.google.com/file/d/1noTCRSmtZVwqnSTBYYVc4EhOgwUf9Gwk/view?usp=sharing,1,82,FALSE,
61117,OF Bagelijun,https://xemtrai.top/of-bagelijun/,https://upload.xemtrai.top/2024/05/Begelijun-720x380.jpg,Asia video; Gay video,https://drive.google.com/file/d/1RJJB2IbU5ht1PRlWC9VNx9pZ5i3mPZ8w/view?usp=sharing,1,82,FALSE,
61118,OF Jallgone x Titus Low,https://xemtrai.top/of-jallgone/,https://upload.xemtrai.top/2024/05/Jallgone-720x380.jpg,Asia video; Gay video,https://drive.google.com/file/d/1RkYDY4LOpCLVsl1I1SENxDzVrCX5Na-O/view?usp=sharing,1,82,FALSE,
61115,Mastersim x Ryuji_suzuki,https://xemtrai.top/mastersim-x-ryuji_suzuki/,https://upload.xemtrai.top/2024/05/Mastersim-720x380.jpg,Asia video; Gay video,https://drive.google.com/file/d/1iDrCDwmLF-6UslwanjoR6UVW_ePoKyFe/view?usp=sharing,1,82,FALSE,
61089,Tony Hùng x FM16970,https://xemtrai.top/tony-hung-x-fm16970/,https://upload.xemtrai.top/2024/05/Tony-720x380.jpg,Gay video; Vietnam video,https://drive.google.com/file/d/1MYh0jykDioT9iDekey3mts5oaqV8WxL0/view?usp=sharing,1,82,FALSE,
61081,Hoa nắng boy – Huy x Hiếu,https://xemtrai.top/hoa-nang-boy-huy-x-hieu/,https://upload.xemtrai.top/2024/05/Hoa-nang-Huy-x-Hieu-720x380.jpg,Gay video; Vietnam video,https://drive.google.com/file/d/187pjJEnkY-RHe7vcqQ_1amoqHWWWgBRu/view?usp=sharing,1,82,FALSE,
61021,Winson Champa (Winson95) x Nainoi,https://xemtrai.top/winson95-x-nainoi/,https://upload.xemtrai.top/2024/04/Winson95-x-Nainoi.mp4_20240430_204607.219-720x380.jpg,Gay video; Vietnam video,https://drive.google.com/file/d/16yGC6m7-odRhA7mrCyM-BffoETxmIA6w/view?usp=sharing,1,82,FALSE,
61019,Hoa nắng boy – Lâm solo,https://xemtrai.top/hoa-nang-boy-lam-solo/,https://upload.xemtrai.top/2024/04/Hoa-nang-Lam-720x380.jpg,Solo; Vietnam video,https://drive.google.com/file/d/1X0TS8-D7fJsxcuHab3pclboGulyIO53B/view?usp=sharing,1,82,FALSE,
60488,Hoa nắng boy – Thắng solo P3,https://xemtrai.top/hoa-nang-boy-thang-solo-p3/,https://upload.xemtrai.top/2024/04/Hoanangboy-Thang-solo-P3-720x380.jpg,Solo; Vietnam video,https://drive.google.com/file/d/1MHDy53yWG666IRZSr4F5aFHxeaE1w6q-/view?usp=sharing,1,82,FALSE,
61020,Saiki (saiki01) x Lige,https://xemtrai.top/saiki-saiki01-x-lige/,https://upload.xemtrai.top/2024/04/Saiki-saiki01-x-Lige.mp4_20240430_204652.591-720x380.jpg,Asia video; Gay video,https://drive.google.com/file/d/1r9n1aJ8P6SHnv0MxYvRNxWdUYQL2-8dc/view?usp=sharing,1,83,FALSE,
61017,GAYDAR – GD-009,https://xemtrai.top/gaydar-gd-009/,https://upload.xemtrai.top/2024/04/GLSBsxFaEAAOB3i-720x380.jpg,Asia video; Gay video,https://drive.google.com/file/d/1nnWV6uTMJ8kZW2Ir-tdKR-jHfMIJe7oh/view?usp=sharing,1,83,FALSE,
61018,Lê Ngọc Minh fucks 2 bottom,https://xemtrai.top/le-ngoc-minh-fucks-2-bottom/,https://upload.xemtrai.top/2024/04/LeNgocMinh-x-2-em-bot.mp4_20240430_204832.547-720x380.jpg,Gay video; Vietnam video,https://drive.google.com/file/d/1uendx1_9MVS9KPE7u7dmoU7maKqGbNve/view?usp=sharing,1,83,FALSE,
60950,Cutotop1991 threesome,https://xemtrai.top/cutotop1991-threesome/,https://upload.xemtrai.top/2024/04/BsxvGXFC-cutotop1991-720x380.jpg,Gay video; Vietnam video,https://drive.google.com/file/d/1GNbw87eCe3fgQXMFXxIOFnQvP2vnx9m7/view?usp=sharing,1,83,FALSE,
60946,Hoa nắng boy – Hùng solo,https://xemtrai.top/hoa-nang-boy-hung-solo/,https://upload.xemtrai.top/2024/04/Hoa-nang-Hungsolo-720x380.jpg,Solo; Vietnam video,https://drive.google.com/file/d/1Q17AgaE30QmMc5QnZt7UrOnlMhCEGnqo/view?usp=sharing,1,83,FALSE,
60947,Hoa nắng boy – Nghĩa x Tiến (anh điện lạnh),https://xemtrai.top/hoa-nang-boy-nghia-x-tien-anh-dien-lanh/,https://upload.xemtrai.top/2024/04/Hoa-nang-boy-Nghia-x-Tien-720x380.jpg,Gay video; Vietnam video,https://drive.google.com/file/d/1FE_2sD6asuxNWVIGT8B8bUe1CHjWQtTT/view?usp=sharing,1,83,FALSE,
60949,Seachan x cumcontrol straight guy,https://xemtrai.top/seachan-x-cumcontrol-straight-guy/,https://upload.xemtrai.top/2024/04/eKdX3fKX-seachan-720x380.jpg,Straight guys; Vietnam video,https://drive.google.com/file/d/1s4h7ybTv-2YakzwLWMr6zCYcrU7djB1c/view?usp=sharing,1,83,FALSE,
60948,Kenvin – Nguyễn Tiến Quân x Vincent Tang (WingHong Tang),https://xemtrai.top/kenvin-nguyen-tien-quan-x-vincent-tang-winghong-tang/,https://upload.xemtrai.top/2024/04/TienQuanxVIncent-Tang-720x380.jpg,Gay video; Vietnam video,https://drive.google.com/file/d/1k2GyC0WFgzONKtnA8TtfCRnId7LG7zkU/view?usp=sharing,1,83,FALSE,
60900,Seachan x Top bigcock,https://xemtrai.top/seachan-x-top-bigcock/,https://upload.xemtrai.top/2024/04/Seachan-Top-cac-bu-720x380.jpg,Gay video; Vietnam video,https://drive.google.com/file/d/11MLsw38HtevW3rLO_0uVDRkc8pLDNfE-/view?usp=sharing,1,83,FALSE,
60901,Hoa nắng boy – Tấn x Ngọc (blowjob),https://xemtrai.top/hoa-nang-boy-tan-x-ngoc-blowjob/,https://upload.xemtrai.top/2024/04/Hoanang-Tan-x-Ngoc-720x380.jpg,Gay video; Vietnam video,https://drive.google.com/file/d/1JvL83tYVT1ynGJnWFaC4mcbYG_OECPoM/view?usp=sharing,1,83,FALSE,
60903,Hoa nắng boy – Dũng solo,https://xemtrai.top/hoa-nang-boy-dung-solo/,https://upload.xemtrai.top/2024/04/Hoanang-Dung-720x380.jpg,Solo; Vietnam video,https://drive.google.com/file/d/1xqe54fMFRpe47VzUqvZto1PstnC4ggD-/view?usp=sharing,1,83,FALSE,
60793,Logan Nguyen & Pinky Nguyen – 2 Brother,https://xemtrai.top/logan-nguyen-pinky-nguyen-2-brother/,https://upload.xemtrai.top/2024/04/Logan-Pinky-2-brother-720x380.jpg,Girl video; Vietnam video,https://drive.google.com/file/d/1nDEb2p0-ylZJ6QZPpjD2Ei7L1GsyppDd/view?usp=sharing,1,83,FALSE,
60795,Hoa nắng boy – Phong x Thiện,https://xemtrai.top/hoa-nang-boy-phong-x-thien/,https://upload.xemtrai.top/2024/04/Hoa-nang-PhongxThien-720x380.jpg,Gay video; Vietnam video,https://drive.google.com/file/d/1jn-zsxSCuql0R4KDUEPOyeLqtN-q-p8N/view?usp=sharing,1,83,FALSE,
60796,Tony Hùng x BonerSexAddict x Chen hum x Leonardo,https://xemtrai.top/tony-hung-x-bonersexaddict-x-chen-hum-x-leonardo/,https://upload.xemtrai.top/2024/04/TonyHung-4some-720x380.jpg,Gay video; Vietnam video,https://drive.google.com/file/d/122EjEQdh3wqlbpGKBpY1UzfWk9Bu1o_D/view?usp=sharing,1,83,FALSE,
60797,Tommy x NCKY,https://xemtrai.top/tommy-x-ncky/,https://upload.xemtrai.top/2024/04/Tommy-720x380.jpg,Asia video; Gay video,https://drive.google.com/file/d/1YX5c-nciwdsW9gJ-2oCOXH8idsDr5P4I/view?usp=sharing,1,83,FALSE,
60800,AUREVOIR 178,https://xemtrai.top/aurevoir-178-2/,https://upload.xemtrai.top/2024/04/44537809_1714135782-720x380.jpg,Asia video; Gay video,https://drive.google.com/file/d/1DT2VsgQGRnPUcvICxDyTPr6plyQKCDiB/view?usp=sharing,1,83,FALSE,
60760,Hoa nắng boy – Nhật x An bác sĩ,https://xemtrai.top/hoa-nang-boy-nhat-x-an-bac-si/,https://upload.xemtrai.top/2024/04/Hoa-nang-Nhat-An-720x380.jpg,Gay video; Vietnam video,https://drive.google.com/file/d/1dk4x1nxliaeeIxs_95abeD61_2ldB2Zg/view?usp=sharing,1,83,FALSE,
60759,Seachan x Boom straight boy Thailan,https://xemtrai.top/seachan-x-boom-straight-boy-thailan/,https://upload.xemtrai.top/2024/04/Seachan-x-Boom-720x380.jpg,Straight guys; Vietnam video,https://drive.google.com/file/d/1K1zC0Ugg4p7mU8rB2oAAgQDmVq2yN4qs/view?usp=sharing,1,83,FALSE,
60680,Hunt Series EP.25 – The DUNGEON (photo+video),https://xemtrai.top/hunt-series-ep-25-the-dungeon-photovideo/,https://upload.xemtrai.top/2024/04/Hunt25-720x380.jpg,Gay video; Photo Set; Thailand photo; Thailand video,https://drive.google.com/drive/folders/10PtslvHuyJcR7Jnt4JVZt7KJ57pJaQHc?usp=sharing; https://drive.google.com/file/d/14BcbK35ZhRUWXnnGuqSFbZY2erT6Kou2/view?usp=sharing,2,84,FALSE,
60679,Hoa nắng boy – Phúc x Tiến,https://xemtrai.top/hoa-nang-boy-phuc-x-tien/,https://upload.xemtrai.top/2024/04/Hoa-nang-boy-Phuc-Tien-720x380.jpg,Gay video; Vietnam video,https://drive.google.com/file/d/1dfw0bo7X-ZMSK4N4D32H7maTI_RUUmJG/view?usp=sharing,1,84,FALSE,
60678,Cutotop1991 x Bot gym mông to,https://xemtrai.top/cutotop1991-x-bot-gym-mong-to/,https://upload.xemtrai.top/2024/04/Cutotop1991-720x380.jpg,Gay video; Vietnam video,https://drive.google.com/file/d/1-rM-bC9bqkGOBRWPxGdBz5BL3gRdb3hE/view?usp=sharing,1,84,FALSE,
60639,Seachan x Top mình dây,https://xemtrai.top/seachan-x-top-minh-day/,https://upload.xemtrai.top/2024/04/Seachan-720x380.jpg,Gay video; Vietnam video,https://drive.google.com/file/d/1Gx3KqKCwOpslPjXduoiiTynQMWYPhAxw/view?usp=sharing,1,84,FALSE,
60637,Hoa nắng boy – Tây x Đạt,https://xemtrai.top/hoa-nang-boy-tay-x-dat/,https://upload.xemtrai.top/2024/04/Hoa-nang-Dat-Tay-720x380.jpg,Gay video; Vietnam video,https://drive.google.com/file/d/1QtyzPxA9sqUm4jUcI_RP_tT_vnMmwPk3/view?usp=sharing,1,84,FALSE,
60638,Kenvin – Nguyễn Tiến Quân ft Daniel & Andre,https://xemtrai.top/kenvin-nguyen-tien-quan-ft-daniel-andre/,https://upload.xemtrai.top/2024/04/TienQuan.mp4_20240424_203356.788-720x380.jpg,Gay video; Vietnam video,https://drive.google.com/file/d/1B4G1DHemvk-Y4C0yuECMA-cL1R3Gf53J/view?usp=sharing,1,84,FALSE,
60592,Hoa nắng boy – Huy x Hoàng,https://xemtrai.top/hoa-nang-boy-huy-x-hoang/,https://upload.xemtrai.top/2024/04/Hoa-nang-Huy-Hoang-720x380.jpg,Gay video; Vietnam video,https://drive.google.com/file/d/1i6JE1LNC8_0fOsE9A0nTSn6iedUUh4sK/view?usp=sharing,1,84,FALSE,
60595,Kenvin – Nguyễn Tiến Quân x Ali,https://xemtrai.top/kenvin-nguyen-tien-quan-x-ali/,https://upload.xemtrai.top/2024/04/TienQuan-x-Ali.mp4_20240423_214249.050-720x380.jpg,Gay video; Vietnam video,https://drive.google.com/file/d/1D4ZcodfVM5VvBSa4Mwp4uAgKz7MsUUbT/view?usp=sharing,1,84,FALSE,
60596,AUREVOIR 178,https://xemtrai.top/aurevoir-178/,https://upload.xemtrai.top/2024/04/16898267_1713865274-720x380.jpg,Asia video; Gay video,https://drive.google.com/file/d/1Ru9h-qqGGMleDXBR2xqs9ga8N22i31qx/view?usp=sharing,1,84,FALSE,
60522,"Foursome Fuck Fest – Ho Vinh Khoa, Rhonee (photo+video)",https://xemtrai.top/foursome-fuck-fest-ho-vinh-khoa-rhonee-photovideo/,https://upload.xemtrai.top/2024/04/4-720x380.jpg,Europe photo; Gay video; Photo Set; Thailand photo; Vietnam photo; Vietnam video,https://drive.google.com/drive/folders/1cq17ThFfl8Tvy95kCIqGRkLSA6ghjwMh?usp=sharing; https://drive.google.com/file/d/1JAZ65DdMtXHXei_pu0--1cM82pJsDZmt/view?usp=sharing,2,84,FALSE,
60553,Seachan x straight guy,https://xemtrai.top/seachan-x-straight-guy-2/,https://upload.xemtrai.top/2024/04/ldhbcjS4-seachan-720x380.jpg,Gay video; Straight guys; Vietnam video,https://drive.google.com/file/d/1PwUY_KwMnmFW8-HIpH1vwgC213yz9914/view?usp=sharing,1,84,FALSE,
60554,Mastersim x hunter592525,https://xemtrai.top/mastersim-x-hunter592525/,https://upload.xemtrai.top/2024/04/mastesim.mp4_20240422_205800.130-720x380.jpg,Asia video; Gay video,https://drive.google.com/file/d/1bt3o3CjeX9AwgaeBbUsrkhtr11lM3ZV7/view?usp=sharing,1,84,FALSE,
60555,Hoa nắng boy – Khang solo,https://xemtrai.top/hoa-nang-boy-khang-solo/,https://upload.xemtrai.top/2024/04/Hoanangboy-Khang-solo-720x380.jpg,Solo; Vietnam video,https://drive.google.com/file/d/1waD_byOB55-4P3-KRHHzYU70vaBCh1eY/view?usp=sharing,1,84,FALSE,
60487,Seachan x boy gym cặc đẹp,https://xemtrai.top/seachan-x-boy-gym-cac-dep/,https://upload.xemtrai.top/2024/04/seachan-x-boy-gym-cac-dep-720x380.jpg,Gay video; Straight guys; Vietnam video,https://drive.google.com/file/d/1DorxAXg99qnnMLIgdI0BE6DJF4Mj8Zl_/view?usp=sharing,1,84,FALSE,
60440,Kenvin – Nguyễn Tiến Quân x Lazytigerjj,https://xemtrai.top/kenvin-nguyen-tien-quan-x-shin_tro/,https://upload.xemtrai.top/2024/04/TienQuan-Shin_tro.mp4_20240420_221943.054-720x380.jpg,Gay video; Vietnam video,https://drive.google.com/file/d/1EUb0FdpVdCRFT199jEfEhNKcr_RcS4jc/view?usp=sharing,1,84,FALSE,
60443,"Hoa nắng boy – Nhật, Hiển, Nam 3some P2",https://xemtrai.top/hoa-nang-boy-nhat-hien-nam-3some-p2/,https://upload.xemtrai.top/2024/04/Hoanangboy-Nhat-Hien-Nam-3some-P2-720x380.jpg,Gay video; Vietnam video,https://drive.google.com/file/d/1UXVPKGnDtaW92Cf7NfT-2W8xCRGCbxHi/view?usp=sharing,1,84,FALSE,
60442,Hoa nắng boy – Long solo,https://xemtrai.top/hoa-nang-boy-long-solo/,https://upload.xemtrai.top/2024/04/Hoa-nang-Long-720x380.jpg,Solo; Vietnam video,https://drive.google.com/file/d/11Ekba0H1hgtjxnnut-CqN2ZmK3XkUyBd/view?usp=sharing,1,84,FALSE,
60441,Hoa nắng boy – Thiên solo,https://xemtrai.top/hoa-nang-boy-thien-solo/,https://upload.xemtrai.top/2024/04/Hoa-nang-Thien-720x380.jpg,Solo; Vietnam video,https://drive.google.com/file/d/1tBRRN_3LwLOBPIvaGhJ1LG4SaN3khODb/view?usp=sharing,1,84,FALSE,
60365,Lê Ngọc Minh threesome slave dog,https://xemtrai.top/le-ngoc-minh-threesome-slave-dog/,https://upload.xemtrai.top/2024/04/LeNgocMinh-3some-slave-dog.mp4_20240419_212541.241-720x380.jpg,Gay video; Vietnam video,https://drive.google.com/file/d/1iu-nST4NvTNk4yvVrYFDzUiIaz2VMWnj/view?usp=sharing,1,85,FALSE,
60367,Semenx x Jaowinnn x Kuaysuper,https://xemtrai.top/semenx-x-jaowinnn-x-kuaysuper/,https://upload.xemtrai.top/2024/04/Semenx-Jaowinnn-Kuaysuper.mp4_20240419_212321.996-720x380.jpg,Gay video; Thailand video,https://drive.google.com/file/d/1znGq_NsPMdHpKFpIVVtpddS6RxYG-MJr/view?usp=sharing,1,85,FALSE,
60366,Mastersim x Remixedty,https://xemtrai.top/mastersim-x-remixedty/,https://upload.xemtrai.top/2024/04/mastersim-720x380.jpg,Europe video; Gay video,https://drive.google.com/file/d/1_PGG6cFYY2OBWKExx_4eAgF8_ZqzKDef/view?usp=sharing,1,85,FALSE,
60363,Kong0sleep x Bot dâm xăm mình chơi 4some – P2,https://xemtrai.top/kong0sleep-x-bot-dam-xam-minh-choi-4some-p2/,https://upload.xemtrai.top/2024/04/4Q9HsBia-kong0sleep-720x380.jpg,Gay video; Vietnam video,https://drive.google.com/file/d/1zuGEvsmpsTwPjxD9QkkR9ptZV18lgCrl/view?usp=sharing,1,85,FALSE,
60307,Xingfufu OF – Bevis Trần Đức Vương – Zoro cosplay,https://xemtrai.top/xingfufu-of-bevis-tran-duc-vuong-zoro-cosplay/,https://upload.xemtrai.top/2024/04/bevis-720x380.jpg,Girl video; Vietnam video,https://drive.google.com/file/d/1_EdV6MoV8QWaQdhyqiEhWxkNjQO7PWg6/view?usp=sharing,1,85,FALSE,
60304,GAYDAR – You are apple of my eye,https://xemtrai.top/gaydar-you-are-apple-of-my-eye/,https://upload.xemtrai.top/2024/04/IMG_9471.jpeg,Asia video; Gay video,https://drive.google.com/file/d/1gL5nEFBSxtADtYx6yYm9cIBFgNbuN3kA/view?usp=sharing,1,85,FALSE,
60301,Kong0sleep x Bot dâm xăm mình chơi 4some – P1,https://xemtrai.top/kong0sleep-x-bot-dam-xam-minh-choi-4some-p1/,https://upload.xemtrai.top/2024/04/kong0sleep-720x380.jpg,Gay video; Vietnam video,https://drive.google.com/file/d/1WL6cKAg4WHvsshiAYMz5VAFbjB-5bQL0/view?usp=sharing,1,85,FALSE,
60234,Kenvin – Nguyễn Tiến Quân x Kamahuhu P2,https://xemtrai.top/kenvin-nguyen-tien-quan-x-kamahuhu-p2/,https://upload.xemtrai.top/2024/04/TienQuan-x-Kamahuhu-P2.mp4_20240416_210416.046-720x380.jpg,Gay video; Vietnam video,https://drive.google.com/file/d/1VzySGZ0PSDiK_jt3tB-M-53NosVvOxSO/view?usp=sharing,1,85,FALSE,
60232,GAYDAR-BL–001–EP02,https://xemtrai.top/gaydar-bl-001-ep02/,https://upload.xemtrai.top/2024/04/IMG_4897.jpeg,Asia video; Gay video,https://drive.google.com/file/d/1vygKHZnJ-Gvtc1ba2lrvlDHQHgTZk-M8/view?usp=sharing,1,85,FALSE,
60231,GAYDAR-BL–001–EP01,https://xemtrai.top/gaydar-bl-001-ep01/,https://upload.xemtrai.top/2024/04/BL001EP1.jpg,Asia video; Gay video,https://drive.google.com/file/d/1XMG_w9_3wVPEDghIscCcPGlC4Jui37w7/view?usp=sharing,1,85,FALSE,
60191,Xingfufu OF – Bevis Trần Đức Vương solo cum,https://xemtrai.top/xingfufu-of-bevis-tran-duc-vuong-solo-cum/,https://upload.xemtrai.top/2024/04/Xingfufu-Bevis-solo.mp4_20240415_210317.526-720x380.jpg,Solo; Vietnam video,https://drive.google.com/file/d/1P7zxbacoxgWwMPYgVENGpCcz5GpIRSAe/view?usp=sharing,1,85,FALSE,
60137,Xingfufu OF – Security story 2 | Paul & Benz,https://xemtrai.top/xingfufu-of-security-story-2-paul-benz/,https://upload.xemtrai.top/2024/04/Xinfufu-OF-Security-story-2.mp4_20240414_210932.167-720x380.jpg,Gay video; Thailand video,https://drive.google.com/file/d/1GRefDtdjy5uh_2dw3H_Z9soiQ0i-pC4c/view?usp=sharing,1,85,FALSE,
60159,GAYDAR – GD-006,https://xemtrai.top/gaydar-gd-006/,https://upload.xemtrai.top/2024/04/IMG_9430-720x380.jpeg,Asia video; Gay video,https://drive.google.com/file/d/1uhDB1_LJMw53r5HXqfKDRp8eLzivXbVi/view?usp=sharing,1,85,FALSE,
60136,Seachan được boy gym massa và đụ,https://xemtrai.top/seachan-duoc-boy-gym-massa-va-du/,https://upload.xemtrai.top/2024/04/seachan-720x380.jpg,Gay video; Straight guys; Vietnam video,https://drive.google.com/file/d/1WLRL2VreP0YJcrkl15NTaCCtSwGGGFKb/view?usp=sharing,1,85,FALSE,
60138,Cutotop1991 x Bot dâm,https://xemtrai.top/cutotop1991-x-bot-dam/,https://upload.xemtrai.top/2024/04/cutotop1991-720x380.jpg,Gay video; Vietnam video,https://drive.google.com/file/d/1uAgidzafdhp5OlKeK8l1_COuo71aLBM_/view?usp=sharing,1,85,FALSE,
60120,Kenvin Nguyễn Tiến Quân x Keresfordxxx,https://xemtrai.top/kenvin-nguyen-tien-quan-x-keresfordxxx/,https://upload.xemtrai.top/2024/04/TienQuan-x-keresfordxxx.mp4_20240413_215822.829-720x380.jpg,Gay video; Vietnam video,https://drive.google.com/file/d/1shSQBwEwKBRFFGCC-mB8Zpei0I5ZxOlj/view?usp=sharing,1,85,FALSE,
60047,Logan x Baron Anh Huy,https://xemtrai.top/logan-x-baron-anh-huy/,https://upload.xemtrai.top/2024/04/2560x1914_92e12dddc5c2c61fb8da0e5f01dd1249-720x380.jpg,Gay video; Vietnam video,https://drive.google.com/file/d/1_OvXFmjgPyBDYqoI9bi81dMIm28tU_xb/view?usp=sharing,1,85,FALSE,
60046,Kenvin Nguyễn Tiến Quân x frxng89,https://xemtrai.top/kenvin-nguyen-tien-quan-x-frxng89-2/,https://upload.xemtrai.top/2024/04/TienQuan-x-frxng89.mp4_20240412_204824.039-720x380.jpg,Gay video; Vietnam video,https://drive.google.com/file/d/1UmDhwyRG8amtb4Lvf9Nvbf1MLOFVOOix/view?usp=sharing; https://drive.google.com/file/d/1CIHIWao02rKBx2L8nLRcZQm30Cb9ge3w/view?usp=sharing,2,85,FALSE,
60003,GAYDAR – GD-005,https://xemtrai.top/gaydar-gd-005/,https://upload.xemtrai.top/2024/04/GFVFOIEbwAAP-RM-720x380.jpg,Asia video; Gay video,https://drive.google.com/file/d/1VGzm6LeqJVHb_lQtaW40oi4skjTAVZkw/view?usp=sharing,1,86,FALSE,
60025,JustFor – LANG,https://xemtrai.top/justfor-lang/,https://upload.xemtrai.top/2024/04/LANG-720x380.jpg,Asia video; Gay video,https://drive.google.com/file/d/1J7dGwdDZ-tRrXsGkLqQwl5XnnKGNvvmc/view?usp=sharing,1,86,FALSE,
60026,CHANGTUING,https://xemtrai.top/changtuing/,https://upload.xemtrai.top/2024/04/Changtuing-720x380.jpg,Asia video; Gay video,https://drive.google.com/file/d/1UN4X0qyc5e6WyNw6J_5MIPnmPMZPctxS/view?usp=sharing,1,86,FALSE,
59967,Seachan x Boy Bangkok,https://xemtrai.top/seachan-x-boy-bangkok/,https://upload.xemtrai.top/2024/04/Seachan-x-boy-bangkok-720x380.jpg,Gay video; Vietnam video,https://drive.google.com/file/d/1bsPwmV0WoNxdmd7X8_vsQ95BRWgyReWJ/view?usp=sharing,1,86,FALSE,
59966,Lê Ngọc Minh x Straight boy big cock,https://xemtrai.top/le-ngoc-minh-x-straight-boy-big-cock/,https://upload.xemtrai.top/2024/04/LeNgocMinh-x-str8-boy-big-cock-720x380.jpg,Gay video; Vietnam video,https://drive.google.com/file/d/1otxwGMUQT0VYsNJHgsQNbBgeJgU5PaQf/view?usp=sharing,1,86,FALSE,
59931,Kenvin Nguyễn Tiến Quân x Baron Anh Huy,https://xemtrai.top/kenvin-nguyen-tien-quan-x-baron-anh-huy/,https://upload.xemtrai.top/2024/04/TienQuan-x-Baron.mp4_20240409_215747.210-720x380.jpg,Gay video; Vietnam video,https://drive.google.com/file/d/1NL4wU2ZyIZpcxeK5jBZiFLsDfJKZGANy/view?usp=sharing,1,86,FALSE,
59895,Kenvin – Nguyễn Tiến Quân x Kamahuhu,https://xemtrai.top/kenvin-nguyen-tien-quan-x-kamahuhu/,https://upload.xemtrai.top/2024/04/TienQuan-x-Kamahuhu.mp4_20240408_202602.624-720x380.jpg,Gay video; Vietnam video,https://drive.google.com/file/d/1GraCSr5SK0iZggYeNGtOd1jaqZR52d0u/view?usp=sharing,1,86,FALSE,
59896,Vincent Hong x Tyler Wu – Hong kong boys Reunited,https://xemtrai.top/vincent-hong-x-tyler-wu-hong-kong-boys-reunited/,https://upload.xemtrai.top/2024/04/Vincent-Tang-x-Tyler-Wu.mp4_20240408_202533.100-720x380.jpg,Asia video; Gay video,https://drive.google.com/file/d/1fD_oqSoGATh8B4glLHzjJDZmK5niIofk/view?usp=sharing,1,86,FALSE,
59873,GAYDAR – GD-004,https://xemtrai.top/gaydar-gd-004/,https://upload.xemtrai.top/2024/04/GFVF6DMbIAAUpTK-720x380.jpg,Asia video; Gay video,https://drive.google.com/file/d/1q5zlGFuXS3MwpzbAdn-RahZGL2i7teZS/view?usp=sharing,1,86,FALSE,
59811,Lê Ngọc Minh x Gymer Bi,https://xemtrai.top/le-ngoc-minh-x-gymer-bi/,https://upload.xemtrai.top/2024/04/le-ngoc-minh-720x380.jpg,Gay video; Vietnam video,https://drive.google.com/file/d/124XxrjbNHH-O67JVbMu0IQSnH1KnxDel/view?usp=sharing,1,86,FALSE,
59812,Han cross – Pilot,https://xemtrai.top/han-cross-pilot/,https://upload.xemtrai.top/2024/04/Hancross-Pilot.mp4_20240406_212457.774-720x380.jpg,Asia video; Gay video,https://drive.google.com/file/d/1iicCKHQ7iKtv3ntMpoRZrNglijcZNH4y/view?usp=sharing,1,86,FALSE,
59813,GAYDAR – GD-003,https://xemtrai.top/gaydar-gd-003/,https://upload.xemtrai.top/2024/04/GayDar-GD-003-720x380.jpg,Asia video; Gay video,https://drive.google.com/file/d/1feBaS5L9fnPnbb5pVWIeCpBihVdPzuq8/view?usp=sharing,1,86,FALSE,
59741,"Love game – Logan Nguyen, Chap 2 – Girl",https://xemtrai.top/love-game-logan-nguyen-chap-2-girl/,https://upload.xemtrai.top/2024/04/LoganNguyen-LoveGame-P2.mp4_20240404_200234.862-720x380.jpg,Girl video; Vietnam video,https://drive.google.com/file/d/1toNZvKZPuUMZJfLj8fO08rvd4sct_hI6/view?usp=sharing,1,86,FALSE,
59742,Han cross x Jkab Ethan Dale,https://xemtrai.top/han-cross-x-jkab-ethan-dale/,https://upload.xemtrai.top/2024/04/Hancross-x-Jkab.mp4_20240404_200452.317-720x380.jpg,Asia video; Gay video,https://drive.google.com/file/d/1LvQ3Uof7HWnTTCF_63-Spu-HU1O2kHMw/view?usp=sharing,1,86,FALSE,
59715,Kamahuhu x Eugene (NickGG99),https://xemtrai.top/kamahuhu-x-eugene-nickgg99/,https://upload.xemtrai.top/2024/04/kamahuhu-720x380.jpg,Gay video; Thailand video,https://drive.google.com/file/d/1rj_KIJzQYPRfsa7u5Es1ySf4fnvDTn3L/view?usp=sharing,1,86,FALSE,
59714,Kamahuhu threesome,https://xemtrai.top/kamahuhu-threesome/,https://upload.xemtrai.top/2024/04/Kamahuhu-threesome.mp4_20240403_210137.893-720x380.jpg,Gay video; Thailand video,https://drive.google.com/file/d/1dt3xrPbjTxD4nY-P-bZZnF1z7fEL4LV0/view?usp=sharing,1,86,FALSE,
59658,"Jacuzzi Jizz – Ho Vinh Khoa, Rhonee & Kam Stone (video)",https://xemtrai.top/jacuzzi-jizz-ho-vinh-khoa-rhonee-kam-stone-video/,https://upload.xemtrai.top/2024/04/GD2sSMlbAAABbFSa-720x380.jpg,Gay video; Vietnam video,https://drive.google.com/file/d/1V6e6cLyp_0STAL8SfC2WVpfg12-1Suph/view?usp=sharing,1,86,FALSE,
59657,Kong0sleep x Bot body slim (khẩu dâm),https://xemtrai.top/kong0sleep-x-bot-body-slim-khau-dam/,https://upload.xemtrai.top/2024/04/Kong0sleep-bot-slim-720x380.jpg,Gay video; Vietnam video,https://drive.google.com/file/d/1b3mMr9Qf4-QpOZ_JFRJxNEbwwEejNMOu/view?usp=sharing,1,86,FALSE,
59602,Anh cá chép x em sinh viên (flip fuck),https://xemtrai.top/anh-ca-chep-x-em-sinh-vien-flip-fuck/,https://upload.xemtrai.top/2024/04/Anhcachep-720x380.jpg,Gay video; Vietnam video,https://drive.google.com/file/d/1B0zNWw6x-zlCm_b5iR-Wpn4F8t66xkB3/view?usp=sharing,1,87,FALSE,
59600,Shenky OF – Talo Nguyễn,https://xemtrai.top/shenky-of-talo-nguyen/,https://upload.xemtrai.top/2024/04/Shenky-Talo-720x380.jpg,Vietnam video,https://drive.google.com/file/d/1olmJxNm5_otwl8-NfC_-jtaH8PZ_jJN3/view?usp=sharing,1,87,FALSE,
59601,Shenky OF,https://xemtrai.top/shenky-of/,https://upload.xemtrai.top/2024/04/shenky-OF-720x380.jpg,Vietnam video,https://drive.google.com/file/d/1doLg4YU9uGvfKQLWSG4muWcDiggTrRuW/view?usp=sharing,1,87,FALSE,
59558,Seachan x Top body slim,https://xemtrai.top/seachan-x-top-body-slim/,https://upload.xemtrai.top/2024/03/OWEwHpd8-Seachan-720x380.jpg,Gay video; Vietnam video,https://drive.google.com/file/d/1iCYh-i8AyGDjT_LRXdEHvsQydxhvYE-L/view?usp=sharing,1,87,FALSE,
59561,Mastersim x Zaizaikhun,https://xemtrai.top/mastersim-x-zaizaikhun/,https://upload.xemtrai.top/2024/03/DUYiunX1-mastersim-720x380.jpg,Asia video; Gay video,https://drive.google.com/file/d/1sn-L0KiMDECx-X4DwvPS81L6vkLRyj9r/view?usp=sharing,1,87,FALSE,
59494,Bevis Trần Đức Vương – My love story,https://xemtrai.top/tran-duc-vuong-my-love-story/,https://upload.xemtrai.top/2024/03/DucVuong-Mylovestory.mp4_20240330_194614.697-720x380.jpg,Girl video; Vietnam video,https://drive.google.com/file/d/1BGef5kZdFm3o8FHl7Vdrb7s21gNUpzUD/view?usp=sharing,1,87,FALSE,
59495,Baron – Anh Huy x Beau Nik,https://xemtrai.top/baron-anh-huy-x-beau-nik/,https://upload.xemtrai.top/2024/03/Baron.mp4_20240330_195046.395-720x380.jpg,Gay video; Vietnam video,https://drive.google.com/file/d/1WWXNnwnqhAEH6ZdLMaMZoYLU18TX8_kV/view?usp=sharing,1,87,FALSE,
59496,GAYDAR – GD-001,https://xemtrai.top/gaydar-gd-001/,https://upload.xemtrai.top/2024/03/GBs6J3aagAEvffk-720x380.jpg,Asia video; Gay video,https://drive.google.com/file/d/1HGbPiNQ13LEEaRgtzABJ8fGRxdiavHTD/view?usp=sharing,1,87,FALSE,
59464,Mastersim – Jallgone,https://xemtrai.top/mastersim-jallgone/,https://upload.xemtrai.top/2024/03/Mastersim-Jallgone.mp4_20240329_221314.625-720x380.jpg,Gay video; Thailand video,https://drive.google.com/file/d/1X0A8dmlWCjRyzSy7qI_3u4Yla_nEY3eX/view?usp=sharing,1,87,FALSE,
59439,Kenvin – Nguyễn Tiến Quân x Hunggaycock,https://xemtrai.top/kenvin-nguyen-tien-quan-x-hunggaycock/,https://upload.xemtrai.top/2024/03/TienQuan-x-hunggaycock.mp4_20240328_212943.445-720x380.jpg,Gay video; Vietnam video,https://drive.google.com/file/d/1LgsiCZnvgWkHf6pwEZIbZW3Mn-6BSKRD/view?usp=sharing,1,87,FALSE,
59424,"Love game – Logan Nguyen, Chap 1 – Boy",https://xemtrai.top/love-game-logan-nguyen-chap-1-boy/,https://upload.xemtrai.top/2024/03/Love-game-Logan-Chap-1.mp4_20240327_213821.852-720x380.jpg,Gay video; Vietnam video,https://drive.google.com/file/d/1MsoNZg2JDT_MjB_sldaZh3B3M7CfrqZd/view?usp=sharing,1,87,FALSE,
59345,GAYDAR – GD 002,https://xemtrai.top/gaydar-gd-002/,https://upload.xemtrai.top/2024/03/IMG_9205.jpeg,Asia video; Gay video,https://drive.google.com/file/d/1VpQO8DVQ6CdSmH5EsAxyXe5Z-8_C0-Av/view?usp=sharing,1,87,FALSE,
59344,Cutotop1991 x Bot handsome,https://xemtrai.top/cutotop1991-x-bot-handsome/,https://upload.xemtrai.top/2024/03/cutotop-1991-720x380.jpg,Gay video; Vietnam video,https://drive.google.com/file/d/1yprRsEIBESLHaf1M4Y0u4qQN4an69KIK/view?usp=sharing,1,87,FALSE,
59346,Lê Ngọc Minh fucks em bot ngon,https://xemtrai.top/le-ngoc-minh-fucks-em-bot-ngon/,https://upload.xemtrai.top/2024/03/Le-Ngoc-Minh-720x380.jpg,Gay video; Vietnam video,https://drive.google.com/file/d/1pbwI0a9ld46H4kcdNkzulnyuzSnVPQeo/view?usp=sharing,1,87,FALSE,
59347,Mastersim – Jsonyau,https://xemtrai.top/mastersim-jsonyau/,https://upload.xemtrai.top/2024/03/mastersim-720x380.jpg,Asia video; Gay video,https://drive.google.com/file/d/1ZCx-y82RZ64ZJjlub-DT57g7_GUN8oyK/view?usp=sharing,1,87,FALSE,
59308,Nainoi x BageLijun,https://xemtrai.top/nainoi-x-bagelijun/,https://upload.xemtrai.top/2024/03/Nainoi-720x380.jpg,Gay video; Thailand video,https://drive.google.com/file/d/1xJx9lITWbpRNucM8h33o5dDCMM-Vnina/view?usp=sharing,1,87,FALSE,
59309,Nainoi x Top 6 múi,https://xemtrai.top/nainoi-x-top-6-mui/,https://upload.xemtrai.top/2024/03/Nainoi.mp4_20240325_214949.803-720x380.jpg,Gay video; Thailand video,https://drive.google.com/file/d/1w5MipThJnwkDvem6M3wgcKuKzaoyi1GZ/view?usp=sharing,1,87,FALSE,
59310,BageLijun x Heizai8,https://xemtrai.top/bagelijun-x-heizai8/,https://upload.xemtrai.top/2024/03/Bagelijun.mp4_20240325_214651.919-720x380.jpg,Asia video; Gay video,https://drive.google.com/file/d/1R1VGYRAOtIETuiKqGIkkGYok0WOFb-Mq/view?usp=sharing,1,87,FALSE,
59311,BageLijun x Nainoi x SilverNewGrey,https://xemtrai.top/bagelijun-x-nainoi-x-silvernewgrey/,https://upload.xemtrai.top/2024/03/Bagelijun-x-SilverNewGrey.mp4_20240325_214625.120-720x380.jpg,Asia video; Gay video,https://drive.google.com/file/d/1KWnDCqxSAi5sLYcUiK9rDnRHaSsuAkxd/view?usp=sharing,1,88,FALSE,
59228,Pinky Nguyen x BageLijun,https://xemtrai.top/pinky-nguyen-x-bagel-i-jun/,https://upload.xemtrai.top/2024/03/Pinky-x-Bagelijun.mp4_20240324_202931.716-720x380.jpg,Gay video; Vietnam video,https://drive.google.com/file/d/1L4zBYNqr18x7WOybA8pCfyca6lMEmist/view?usp=sharing,1,88,FALSE,
59230,Mastersim x Muscular men,https://xemtrai.top/mastersim-x-muscular-men/,https://upload.xemtrai.top/2024/03/mastersim-muscle-men-720x380.jpg,Asia video; Gay video,https://drive.google.com/file/d/13KYj5qwX-ga3pS1qe0FiVTRl1hIKaG2z/view?usp=sharing,1,88,FALSE,
59246,Bareback Twink Lovers CumSoHard (photo+video),https://xemtrai.top/bareback-twink-lovers-cumsohard-photovideo/,https://upload.xemtrai.top/2024/03/boys-Fox-720x380.jpg,Europe photo; Europe video; Gay video; Photo Set,https://drive.google.com/drive/folders/11j4E2kLvOSG-Zzp3BhV7M2gffZA-SI7h?usp=sharing; https://drive.google.com/file/d/1B9p8nU-93Ws9_ds74SnPGpiKCaHP8Dnw/view?usp=sharing,2,88,FALSE,
59172,"Cumming Home for Christmas – Ho Vinh Khoa, Rhonee & Eddie Patrick (photo+video)",https://xemtrai.top/cumming-home-for-christmas-ho-vinh-khoa-rhonee-eddie-patrick-photovideo/,https://upload.xemtrai.top/2024/03/ho-vinh-khoa-720x380.jpg,Europe photo; Gay video; Photo Set; Thailand photo; Vietnam photo; Vietnam video,https://drive.google.com/drive/folders/15VJmGd9DeP5EPqdxhqD5rgVoUnrsHiMA?usp=sharing; https://drive.google.com/file/d/1ZMhmPmSvPjASPaxE_VM0S_trbXwKAkjV/view?usp=sharing,2,88,FALSE,
59158,Baron – Anh Huy x Thunder man | Order food at night,https://xemtrai.top/baron-anh-huy-x-thunder-man-order-food-at-night/,https://upload.xemtrai.top/2024/03/Baron-x-ThunderMan.mp4_20240322_211023.562-720x380.jpg,Gay video; Vietnam video,https://drive.google.com/file/d/1_Z1BX_2nBVakBvNZph0LUaEFHDuN5SUP/view?usp=sharing,1,88,FALSE,
59160,Semenx ft Auto mechanic,https://xemtrai.top/semenx-ft-auto-mechanic/,https://upload.xemtrai.top/2024/03/Semenx-Auto-mechanic.mp4_20240322_211351.795-720x380.jpg,Gay video; Thailand video,https://drive.google.com/file/d/1ruv_UYvRm29WBV3IRzUhBZgfACxdtJbk/view?usp=sharing,1,88,FALSE,
59064,TantanEvan x Eugene,https://xemtrai.top/tantanevan-x-eugene/,https://upload.xemtrai.top/2024/03/TantanEvan-x-Eugene.mp4_20240321_211127.266-720x380.jpg,Asia video; Gay video,https://drive.google.com/file/d/1OhUoOgghSRS-9xI4JrRF1PAVdwb5OPeJ/view?usp=sharing,1,88,FALSE,
59065,MasterSim – Bank,https://xemtrai.top/mastersim-bank/,https://upload.xemtrai.top/2024/03/Mastersim-Bank.mp4_20240321_211415.158-720x380.jpg,Asia video; Gay video,https://drive.google.com/file/d/1rMr0wukkZIo769s1DMPzUFN1iYOnAe0B/view?usp=sharing,1,88,FALSE,
59066,Hoa nắng boy – Hùng solo P2,https://xemtrai.top/hoa-nang-boy-hung-solo-p2/,https://upload.xemtrai.top/2024/03/hoanang-hung-720x380.jpg,Solo; Vietnam video,https://drive.google.com/file/d/1nCH1ypb2zS1SpZG0ly87k6X9mPVNrm5A/view?usp=sharing,1,88,FALSE,
59067,Hoa nắng boy – Thoại solo,https://xemtrai.top/hoa-nang-boy-thoai-solo/,https://upload.xemtrai.top/2024/03/hoanang-Thoai-720x380.jpg,Solo; Vietnam video,https://drive.google.com/file/d/1wwyjGC4gaJkXagXV0PLQB8pTunW8ozwD/view?usp=sharing,1,88,FALSE,
59021,SeaChan x Batman P5,https://xemtrai.top/seachan-x-batman-p5/,https://upload.xemtrai.top/2024/03/735TPeyG-seachan-720x380.jpg,Straight guys; Vietnam video,https://drive.google.com/file/d/1e20JOWbqLUbGFF2XsWIdMGZBId9x8NTs/view?usp=sharing,1,88,FALSE,
59022,Cutotop1991 x Bot slim sịp trắng,https://xemtrai.top/cutotop1991-x-bot-slim-sip-trang/,https://upload.xemtrai.top/2024/03/71dkmITt-cutotop1991-720x380.jpg,Gay video; Vietnam video,https://drive.google.com/file/d/1-u1bT2naTOcgmhPEhQ4dlgULRJI3XlyQ/view?usp=sharing,1,88,FALSE,
58981,MasterSim – Tony Hùng,https://xemtrai.top/mastersim-tony-hung/,https://upload.xemtrai.top/2024/03/Mastersim-TonyHung.mp4_20240319_221027.355-720x380.jpg,Gay video; Vietnam video,https://drive.google.com/file/d/1s5jhzzcT9naBwWYOMMCbLpNoRCXgVtLU/view?usp=sharing,1,88,FALSE,
58973,Hoa nắng boy – Nhật solo P2,https://xemtrai.top/hoa-nang-boy-nhat-solo-p2/,https://upload.xemtrai.top/2024/03/hoanang-Nhat-720x380.jpg,Solo; Vietnam video,https://drive.google.com/file/d/1X0IBvvicRegOhU5Chpm7nYRl5oAdT9ia/view?usp=sharing,1,88,FALSE,
58977,Friendlymen collection P14 – OHM Jirapong,https://xemtrai.top/friendlymen-collection-p14-ohm-jirapong/,https://upload.xemtrai.top/2024/03/friendlymenP14-720x380.jpg,Straight guys; Thailand video,https://drive.google.com/file/d/1Klksoj1J5EvDsqXMfP1dfp7BHmd7rF2J/view?usp=sharing,1,88,FALSE,
58972,Han cross x Mateo muscle,https://xemtrai.top/han-cross-x-mateo-muscle/,https://upload.xemtrai.top/2024/03/32488006_1708942141-720x380.jpg,Asia video; Gay video,https://drive.google.com/file/d/1v99Um5UNpeW4JrucKQ_V2Gm1hEr9cYVA/view?usp=sharing,1,88,FALSE,
58911,Baron – Anh Huy x bassoon_chw,https://xemtrai.top/baron-anh-huy-x-bassoon_chw/,https://upload.xemtrai.top/2024/03/baronlee95-ft-bassoon_chw.mp4_20240318_213036.491-720x380.jpg,Gay video; Vietnam video,https://drive.google.com/file/d/1EIuXbcpnGgubS4c6YTlX9QAawoFaISVr/view?usp=sharing,1,88,FALSE,
58909,Friendlymen collection P13,https://xemtrai.top/friendlymen-collection-p13/,https://upload.xemtrai.top/2024/03/friendlymen-720x380.jpg,Straight guys; Thailand video,https://drive.google.com/file/d/1VPWaRBLTJJvmFitnHkiYEcFaAV3DieGi/view?usp=sharing,1,89,FALSE,
58806,OF Bevis.asian – Trần Đức Vương | My wife’s family P3,https://xemtrai.top/of-bevis-asian-tran-duc-vuong-my-wifes-family-p3/,https://upload.xemtrai.top/2024/03/TranDucVuong-My-wifes-family-P3.mp4_20240316_221335.810-720x380.jpg,Girl video; Vietnam video,https://drive.google.com/file/d/1MeA_n_g4reilArTRnDFbkEcfYcfp-eta/view?usp=sharing,1,89,FALSE,
58784,MasterSim – Baron Anh Huy,https://xemtrai.top/mastersim-baron-anh-huy/,https://upload.xemtrai.top/2024/03/Mastersim-Baron.mp4_20240315_224327.706-720x380.jpg,Gay video; Vietnam video,https://drive.google.com/file/d/17_YuInblxS4kXyN5PPVeARn7u9eGuVFc/view?usp=sharing,1,89,FALSE,
58781,Sam Vũ x Cody Seiya,https://xemtrai.top/sam-vu-x-cody-seiya/,https://upload.xemtrai.top/2024/03/51360068_1708421011-720x380.jpg,Gay video; Vietnam video,https://drive.google.com/file/d/1ft8cjE_992EMxcZuTZwyqT-pJplJet7Y/view?usp=sharing,1,89,FALSE,
58780,Sam Vũ x YesBrawn,https://xemtrai.top/sam-vu-x-yesbrawn/,https://upload.xemtrai.top/2024/03/40489256_1708520355-720x380.jpg,Gay video; Vietnam video,https://drive.google.com/file/d/1_b8XRI4hIBE27iUdoMNa6Stav3KxUJSy/view?usp=sharing,1,89,FALSE,
58735,MasterSim – Nainoi,https://xemtrai.top/mastersim-nainoi/,https://upload.xemtrai.top/2024/03/Mastersim-Nainoi-1-720x380.jpg,Asia video; Gay video,https://drive.google.com/file/d/1pwkREulT00JIfyYEgthzyP6y6K4wSv3I/view?usp=sharing,1,89,FALSE,
58736,Seachan x Guy Filip big cock,https://xemtrai.top/seachan-x-guy-filip-bigcock/,https://upload.xemtrai.top/2024/03/seachan-720x380.jpg,Gay video; Vietnam video,https://drive.google.com/file/d/1drEGAfMR3oMBviQeJiqnPdI8AoWU0IIk/view?usp=sharing,1,89,FALSE,
58734,MasterSim – Kenvin Nguyễn Tiến Quân,https://xemtrai.top/mastersim-kenvin-nguyen-tien-quan/,https://upload.xemtrai.top/2024/03/mastersim-TienQuan-1-720x380.jpg,Gay video; Vietnam video,https://drive.google.com/file/d/1i2GyDrFZHY31MtcxPpN6xeWEUathJ89C/view?usp=sharing,1,89,FALSE,
58712,"Leebaron – Anh Huy, Lê Nam, Ncky9278 foursome",https://xemtrai.top/leebaron-anh-huy-le-nam-ncky9278-foursome/,https://upload.xemtrai.top/2024/03/Leebaron-4some-.mp4_20240313_223435.046-720x380.jpg,Gay video; Vietnam video,https://drive.google.com/file/d/1ENC3GlhS669a_A9k5QXwBCpsJpbCPf9v/view?usp=sharing,1,89,FALSE,
58668,Lê Ngọc Minh x Handsome shipper,https://xemtrai.top/le-ngoc-minh-x-handsome-shipper/,https://upload.xemtrai.top/2024/03/LeNgocMinh-x-Handsome-shipper.mp4_20240312_222041.704-720x380.jpg,Gay video; Vietnam video,https://drive.google.com/file/d/16OUscY6BsZMo3K_kzKvMz5PklKgWHnBM/view?usp=sharing,1,89,FALSE,
58669,Cutotop1991 x Bot sơ mi,https://xemtrai.top/cutotop1991-x-bot-so-mi/,https://upload.xemtrai.top/2024/03/dVYpjDJk-cutotop1991-720x380.jpg,Gay video; Vietnam video,https://drive.google.com/file/d/1ER9SE6OnxTzVM2eirpV6B_O2eKsUxWBH/view?usp=sharing,1,89,FALSE,
58670,Semenx ft Jaowinnn & Kuaysuper,https://xemtrai.top/semenx-ft-jaowinnn-kuaysuper/,https://upload.xemtrai.top/2024/03/semenx.mp4_20240312_222219.791-720x380.jpg,Gay video; Thailand video,https://drive.google.com/file/d/1WyOS2cFw_DfL6ss3rbXsqmplNAab1KOX/view?usp=sharing,1,89,FALSE,
58671,MasterSim5,https://xemtrai.top/mastersim5-2/,https://upload.xemtrai.top/2024/03/85116150_1701000889-720x380.jpg,Asia video; Gay video,https://drive.google.com/file/d/1D2kFUIUXqeMvDOWbiEwHn5TDgKiMXmSS/view?usp=sharing,1,89,FALSE,
58547,Seachan x straight boy,https://xemtrai.top/seachan-x-straight-boy/,https://upload.xemtrai.top/2024/03/Seachan-x-straight-boy-720x380.jpg,Straight guys; Vietnam video,https://drive.google.com/file/d/1aDfCvci48sx2ImUvj6y4yBtSxeV-DVka/view?usp=sharing,1,89,FALSE,
58543,Seachan sex threesome,https://xemtrai.top/seachan-sex-threesome/,https://upload.xemtrai.top/2024/03/seachan-3some-720x380.jpg,Gay video; Vietnam video,https://drive.google.com/file/d/1dV1ojfr4WF11iMb4eoEOqCOh3N2anMLQ/view?usp=sharing,1,89,FALSE,
58542,Hoa nắng boy – Thắng solo P2,https://xemtrai.top/hoa-nang-boy-thang-solo-2/,https://upload.xemtrai.top/2024/03/hoanang-Thang-720x380.jpg,Solo; Vietnam video,https://drive.google.com/file/d/1W4qMW_3Rhfqj3Z3pobwcm-tNDNKothAY/view?usp=sharing,1,89,FALSE,
58541,Hoa nắng boy – Huy solo,https://xemtrai.top/hoa-nang-boy-huy-solo/,https://upload.xemtrai.top/2024/03/hoanang-HUY-solo-720x380.jpg,Solo; Vietnam video,https://drive.google.com/file/d/1D91TJyFEhcMI6VdXuzIouqpqPn-ut4Jv/view?usp=sharing,1,89,FALSE,
58523,Seachan x Bank,https://xemtrai.top/seachan-x-bank/,https://upload.xemtrai.top/2024/03/seachan-x-bank-720x380.jpg,Gay video; Vietnam video,https://drive.google.com/file/d/1XEGvU7BrThJVPNt4XA7jF3zqaYNWJfFq/view?usp=sharing,1,89,FALSE,
58522,Aaronfoto OF – Street stories | Paul,https://xemtrai.top/aaronfoto-of-street-stories-paul/,https://upload.xemtrai.top/2024/03/Aarondofoto-OF-Street-stories.mp4_20240307_224428.190-720x380.jpg,Solo; Thailand video,https://drive.google.com/file/d/1xxyXnLbI2Pf48PQnuvOIZFglc-TNYgw4/view?usp=sharing; https://drive.google.com/file/d/1xxyXnLbI2Pf48PQnuvOIZFglc-TNYgw4/view?usp=drivesdk,2,90,FALSE,
58533,Cutotop1991 x Bot sịp xám (khẩu dâm),https://xemtrai.top/cutotop1991-x-bot-sip-xam-khau-dam/,https://upload.xemtrai.top/2024/03/1JNTKPkj-cutotop1991-720x380.jpg,Gay video; Vietnam video,https://drive.google.com/file/d/1rz7xCQQGo5xq9N2R-xswmbiiKdqbVVmq/view?usp=sharing,1,90,FALSE,
58536,Kenvin – Nguyễn Tiến Quân x Teddy,https://xemtrai.top/kenvin-nguyen-tien-quan-x-teddy/,https://upload.xemtrai.top/2024/03/Kenvin-Tien-Quan-x-Teddy.mp4_20240307_224403.452-720x380.jpg,Gay video; Vietnam video,https://drive.google.com/file/d/1K6P5_IyjjDsRpoOCpKffCvtXB5oqEj_K/view?usp=sharing,1,90,FALSE,
58472,Seachan massage straight guy 01,https://xemtrai.top/seachan-massage-straight-guy-01/,https://upload.xemtrai.top/2024/03/seachan-xmassa-guy-720x380.jpg,Straight guys; Vietnam video,https://drive.google.com/file/d/1y4sKKWxLjl-USokRB-4un2OdKzDYTEy9/view?usp=sharing,1,90,FALSE,
58473,Hoa nắng boy – Nhân fucks girl,https://xemtrai.top/hoa-nang-boy-nhan-fucks-girl/,https://upload.xemtrai.top/2024/03/Nhan-fuck-girl-720x380.jpg,Girl video; Vietnam video,https://drive.google.com/file/d/1U_dKiRLmz_icbUE9X33pUUEtV7id_-ew/view?usp=sharing,1,90,FALSE,
58397,Baron – Anh Huy x Filipino guy,https://xemtrai.top/baron-anh-huy-x-filipino-guy/,https://upload.xemtrai.top/2024/03/baron-x-filip-guy-720x380.jpg,Gay video; Vietnam video,https://drive.google.com/file/d/1WhqTCTgB30PX0kiDdpjrmcC--BmXW4eh/view?usp=sharing,1,90,FALSE,
58399,Anh cá chép x Alantop,https://xemtrai.top/anh-ca-chep-x-alantop/,https://upload.xemtrai.top/2024/03/anh-ca-chep-720x380.jpg,Gay video; Vietnam video,https://drive.google.com/file/d/1ElYdzpPC5AIsOvL5b4G-jn8-fltfixys/view?usp=sharing,1,90,FALSE,
58356,OF Bevis.asian – Trần Đức Vương | My fan girl,https://xemtrai.top/of-bevis-asian-tran-duc-vuong-my-fan-girl/,https://upload.xemtrai.top/2024/03/Bevis.asian-Myfangirl.mp4_20240305_200202.051-720x380.jpg,Girl video; Vietnam video,https://drive.google.com/file/d/1SxkwIyYjfhDKJQnsWvEXHllz-uj7u6Hl/view?usp=sharing,1,90,FALSE,
58357,Cutotop1991 x Bot gym (khẩu dâm),https://xemtrai.top/cutotop1991-x-bot-gym-khau-dam/,https://upload.xemtrai.top/2024/03/cutotop1991-720x380.jpg,Gay video; Vietnam video,https://drive.google.com/file/d/1enzCmJOY0d2iLJHihytXMcSBivPYfSF9/view?usp=sharing,1,90,FALSE,
58301,Lê Ngọc Minh x em bot ngoại tình,https://xemtrai.top/le-ngoc-minh-x-em-bot-ngoai-tinh/,https://upload.xemtrai.top/2024/03/LeNgocMinh-x-bot-ngoai-tinh.mp4_20240304_213021.177-720x380.jpg,Gay video; Vietnam video,https://drive.google.com/file/d/1-tbJbRL50wj1xNogxJ-TgDZ13qow_K5h/view?usp=sharing,1,90,FALSE,
58243,Seachan fucks straight boy,https://xemtrai.top/seachan-fucks-straight-boy/,https://upload.xemtrai.top/2024/03/FgdWUCez-Seachan-720x380.jpg,Gay video; Straight guys; Vietnam video,https://drive.google.com/file/d/1fqEvvl8nDOxUvqftIEtfgM6Xx8FNhnNA/view?usp=drive_link,1,90,FALSE,
58196,Seachan fucks straight guy,https://xemtrai.top/seachan-fucks-straight-guy/,https://upload.xemtrai.top/2024/03/seachan-x-straight-guy-720x380.jpg,Gay video; Straight guys; Vietnam video,https://drive.google.com/file/d/1xAWtDcaaVp6wfbAPII8PoVSOveS8tjZK/view?usp=sharing,1,90,FALSE,
58197,TantanEvan x Terra_ero_r,https://xemtrai.top/tantanevan-x-terra_ero_r/,https://upload.xemtrai.top/2024/03/TantanEvan-x-Terra.mp4_20240302_221210.513-720x380.jpg,Asia video; Gay video,https://drive.google.com/file/d/1ZVunSa_kb35FWCfdrOvo9XT9OPow-ttS/view?usp=sharing,1,90,FALSE,
58149,Shenky x Hồng Khánh,https://xemtrai.top/shenky-x-hong-khanh/,https://upload.xemtrai.top/2024/03/Shenky-Hong-Khanh-720x380.jpg,Vietnam video,https://drive.google.com/file/d/1t0iVC46Mhd7fZQ24UveBj0sn_WBl7nhB/view?usp=sharing,1,90,FALSE,
58146,Sam Vũ x Tyler Wu – Love Dream,https://xemtrai.top/sam-vu-x-tyler-wu-love-dream/,https://upload.xemtrai.top/2024/03/Sam-x-Tyler-Love-dream.mp4_20240301_222018.709-720x380.jpg,Gay video; Vietnam video,https://drive.google.com/file/d/1c88Ov-auAzSkiTVSkfCp31JNC6oFnuqV/view?usp=sharing,1,90,FALSE,
58147,Sam Vũ x Tyler Wu – Breakfast club,https://xemtrai.top/sam-vu-x-tyler-wu-breakfast-club/,https://upload.xemtrai.top/2024/03/36003414_1708688487-720x380.jpg,Gay video; Vietnam video,https://drive.google.com/file/d/1JTIuA85q3sqIXA3KnLEKcEZoYjfvmMov/view?usp=sharing,1,90,FALSE,
58148,Mastersim – Vincent Hong,https://xemtrai.top/mastersim-vincent-hong/,https://upload.xemtrai.top/2024/03/mastersim-Hong-720x380.jpg,Asia video; Gay video,https://drive.google.com/file/d/1NMat_a42lleXTdT87lUj04pn27SUEK2E/view?usp=sharing,1,90,FALSE,
58115,Seachan x Straight guy,https://xemtrai.top/seachan-x-straight-guy/,https://upload.xemtrai.top/2024/03/Seachan-720x380.jpg,Gay video; Straight guys; Vietnam video,https://drive.google.com/file/d/1wfsf1EsqPdbnoVsV_B-kLfaqf7hmUVEp/view?usp=sharing,1,90,FALSE,
58114,Kenvin – Nguyễn Tiến Quân x Kadder,https://xemtrai.top/kenvin-nguyen-tien-quan-x-kadder/,https://upload.xemtrai.top/2024/02/TienQuan-x-Kadder.mp4_20240229_214905.274-720x380.jpg,Gay video; Vietnam video,https://drive.google.com/file/d/1Ua6ocy4ohtkQ490T6w7J_WsKf_3RWhUJ/view?usp=sharing,1,91,FALSE,
58049,OF Bevis.asian – Trần Đức Vương | My wife’s family P2,https://xemtrai.top/of-bevis-asian-tran-duc-vuong-my-wifes-family-p2/,https://upload.xemtrai.top/2024/02/Bevis.asian-My-wife-family-P2.mp4_20240227_220107.349-720x380.jpg,Girl video; Vietnam video,https://drive.google.com/file/d/1wySVlaTJlJuhdsAbqie1HLvvFS6NSZe6/view?usp=sharing,1,91,FALSE,
58048,Lê Ngọc Minh suck straight boy,https://xemtrai.top/le-ngoc-minh-suck-straight-boy/,https://upload.xemtrai.top/2024/02/LeNgocMinh-suck-straight-boy.mp4_20240227_220756.899-720x380.jpg,Gay video; Vietnam video,https://drive.google.com/file/d/1wbivizVHw_BKPMIxrS89Xv1yorsElbDj/view?usp=sharing,1,91,FALSE,
58010,Leebaron – Anh Huy x Araw,https://xemtrai.top/leebaron-anh-huy-x-araw/,https://upload.xemtrai.top/2024/02/Baron-ft-Araw.mp4_20240226_204856.954-720x380.jpg,Gay video; Vietnam video,https://drive.google.com/file/d/1YBhTcbXavGujcw3eF-I2lHkgjrD5qO44/view?usp=sharing,1,91,FALSE,
57893,Sam Vũ x Jallgone,https://xemtrai.top/sam-vu-x-jallgone/,https://upload.xemtrai.top/2024/02/77704507_1705917348-720x380.jpg,Gay video; Vietnam video,https://drive.google.com/file/d/1zpJQB3rtIMrNAcUQskPIC_9GaKGKV3EU/view?usp=sharing,1,91,FALSE,
57894,Nainoi x KianraiX,https://xemtrai.top/nainoi-x-kianraix/,https://upload.xemtrai.top/2024/02/5010476_1708690967-720x380.jpg,Gay video; Thailand video,https://drive.google.com/file/d/1XJ1o_npbToraLbHUO_7b4RCBWb-6masT/view?usp=sharing,1,91,FALSE,
57896,HailiJiang x Chiang x Vincent,https://xemtrai.top/chiang-x-vincent-x-hailijiang/,https://upload.xemtrai.top/2024/02/Halijiang-720x380.jpg,Asia video; Gay video,,0,91,FALSE,
57897,Friendlymen collection P12 – Tin,https://xemtrai.top/friendlymen-collection-p12-tin/,https://upload.xemtrai.top/2024/02/Friendlymen-720x380.jpg,Straight guys; Thailand video,https://drive.google.com/file/d/1gqaF2vtU3pDOTyBeR8Dlvs7TQrW0BbU4/view?usp=sharing,1,91,FALSE,
57895,Mastersim5,https://xemtrai.top/mastersim5/,https://upload.xemtrai.top/2024/02/14211551_1700826914-720x380.jpg,Asia video; Gay video,,0,91,FALSE,
57834,Seachan – The Spa 3 Some,https://xemtrai.top/seachan-the-spa-3-some/,https://upload.xemtrai.top/2024/02/Seachan-spa-3some-720x380.jpg,Gay video; Vietnam video,https://drive.google.com/file/d/1CWpiatSxfeoIafxJLqxdNrps3EjhkZ7I/view?usp=sharing,1,91,FALSE,
57833,Anh cá chép x Sammy sinsss,https://xemtrai.top/anh-ca-chep-x-sammy-sinsss/,https://upload.xemtrai.top/2024/02/anhcachep-x-Sammy-720x380.jpg,Gay video; Vietnam video,https://drive.google.com/file/d/1SH3fReX7DlNjapjzbK3790nGaF_kowhC/view?usp=sharing,1,91,FALSE,
57774,Lê Ngọc Minh x Slimfit student,https://xemtrai.top/le-ngoc-minh-x-slimfit-student/,https://upload.xemtrai.top/2024/02/LeNgocMinh-x-Slimfit-student.mp4_20240223_221716.258-720x380.jpg,Gay video; Vietnam video,,0,91,FALSE,
57773,Hoa nắng boy – Lộc x Tiến,https://xemtrai.top/hoa-nang-boy-loc-x-tien/,https://upload.xemtrai.top/2024/02/Hoa-nang-Loc-x-Tien-720x380.jpg,Gay video; Vietnam video,,0,91,FALSE,
57776,TantanEvan x Jkab Ethan Dale,https://xemtrai.top/tantanevan-x-jkab-ethan-dale/,https://upload.xemtrai.top/2024/02/Tantan-x-jkab-720x380.jpg,Asia video; Gay video,,0,91,FALSE,
57775,Golfsuraphong x Johnnychen1,https://xemtrai.top/golfsuraphong-x-johnnychen1/,https://upload.xemtrai.top/2024/02/mWcsZnNi-Golfsuraphong-720x380.jpg,Gay video; Thailand video,,0,91,FALSE,
57712,Kenvin – Nguyễn Tiến Quân x Eugene,https://xemtrai.top/kenvin-nguyen-tien-quan-x-eugene/,https://upload.xemtrai.top/2024/02/Kenvin-Tien-Quan.mp4_20240222_221557.746-720x380.jpg,Gay video; Vietnam video,https://drive.google.com/file/d/15OYGga87BE11uTNpV9tNGWXwRtCxChPl/view?usp=sharing,1,91,FALSE,
57711,Hoa nắng boy – Toàn solo,https://xemtrai.top/hoa-nang-boy-toan-solo/,https://upload.xemtrai.top/2024/02/Hoa-nang-Toan-720x380.jpg,Solo; Vietnam video,https://drive.google.com/file/d/1fTwDUMsNzM05j7cZmZ8LHL3ZsJKC9U1V/view?usp=sharing,1,91,FALSE,
57663,Leebaron – Anh Huy x Pinky Nguyen,https://xemtrai.top/leebaron-anh-huy-x-pinky-nguyen/,https://upload.xemtrai.top/2024/02/Baron-x-Pinky-720x380.jpg,Gay video; Vietnam video,https://drive.google.com/file/d/1IpjJzv3nNtbPxVWlKFVbn24VEoXIHIEZ/view?usp=sharing,1,91,FALSE,
57662,Lê Ngọc Minh x Hot straight guy,https://xemtrai.top/le-ngoc-minh-x-hot-straight-guy/,https://upload.xemtrai.top/2024/02/le-ngoc-minh-720x380.jpg,Gay video; Vietnam video,https://drive.google.com/file/d/1aiBRUwJJjzDqxxDOWzBOZtlW-fuxr5Yy/view?usp=sharing,1,92,FALSE,
57572,Leebaron – Anh Huy x Hot guy from Bali,https://xemtrai.top/leebaron-anh-huy-x-hot-guy-bali/,https://upload.xemtrai.top/2024/02/Baron-x-Guy-Bali.mp4_20240220_220917.833-720x380.jpg,Gay video; Vietnam video,https://drive.google.com/file/d/1iAxpEvJ_erV5e33jdpadh2cZWrwu9in1/view?usp=sharing,1,92,FALSE,
57574,Seachan x Trai thẳng mông to,https://xemtrai.top/seachan-x-trai-thang-mong-to/,https://upload.xemtrai.top/2024/02/Seachan-straight-guy-720x380.jpg,Gay video; Straight guys; Vietnam video,https://drive.google.com/file/d/1nc2LUMXZiYDL46oftYJIcY9jBqyb-Fxp/view?usp=sharing,1,92,FALSE,
57518,Leebaron – Anh Huy x Thunder man,https://xemtrai.top/leebaron-anh-huy-x-thunder-man/,https://upload.xemtrai.top/2024/02/3-720x380.jpg,Gay video; Vietnam video,https://drive.google.com/file/d/1CRTYqqQ_PlHvSccPMDThI4VQIR0PYnmg/view?usp=sharing,1,92,FALSE,
57519,Bunny’s House Vol.7 – The train,https://xemtrai.top/bunnys-house-vol-7-the-train/,https://upload.xemtrai.top/2024/02/Bunny-house-Vol7-The-Train-720x380.jpg,Gay video; Vietnam video,https://drive.google.com/file/d/1hswEBXUwL5wIfMSvquTbbLO5bfCAxEcp/view?usp=sharing,1,92,FALSE,
57463,Tony Hùng x TantanEvan P2,https://xemtrai.top/tony-hung-x-tantanevan-p2/,https://upload.xemtrai.top/2024/02/Tony-x-TanTanEvan-P2.mp4_20240218_215743.384-720x380.jpg,Gay video; Vietnam video,https://drive.google.com/file/d/1DPDmj3KSTa9LK5kiLsoVGygv1LEme4z7/view?usp=sharing,1,92,FALSE,
57464,Golf Suraphong x Xmensharry P2,https://xemtrai.top/golf-suraphong-x-xmensharry-p2/,https://upload.xemtrai.top/2024/02/Golfsuraphong-720x380.jpg,Gay video; Thailand video,https://drive.google.com/file/d/1NLEq_5Q_FmJUVLIGmphpfGtnH_PlvL9P/view?usp=sharing,1,92,FALSE,
57462,OF MasterSim5,https://xemtrai.top/of-mastersim5-2/,https://upload.xemtrai.top/2024/02/Mastersim5-720x380.jpg,Asia video; Gay video,https://drive.google.com/file/d/187oKJjT2V6ZgYs-kPrZ4Co7LJneYlHEo/view?usp=sharing,1,92,FALSE,
57451,Seachan x Zaizaikhun,https://xemtrai.top/seachan-x-zaizaikhun/,https://upload.xemtrai.top/2024/02/seachan-x-zaizaikhun-720x380.jpg,Gay video; Vietnam video,https://drive.google.com/file/d/1rSDaCLw08OxvDWem0MF-VsVE-vJ2p6b3/view?usp=sharing,1,92,FALSE,
57408,OF Bevis.asian – Trần Đức Vương | My wife’s family P1,https://xemtrai.top/of-bevis-asian-tran-duc-vuong-my-wifes-family-p1/,https://upload.xemtrai.top/2024/02/Bevis.asian-My-wife-family.mp4_20240216_221623.100-720x380.jpg,Girl video; Vietnam video,https://drive.google.com/file/d/1ZtgnPVD8S0uTExXAFMoZVHVtYIlK3NXD/view?usp=sharing,1,92,FALSE,
57410,OF MasterSim5,https://xemtrai.top/of-mastersim5/,https://upload.xemtrai.top/2024/02/65710043_1700651684-720x380.jpg,Asia video; Gay video,https://drive.google.com/file/d/1IHxVW81ohCrE0uDE0NxZNWvOzfCndbxG/view?usp=sharing,1,92,FALSE,
57340,Bunny’s House Vol.4 – Naughty class (Full),https://xemtrai.top/bunnys-house-vol-4-naughty-class-full/,https://upload.xemtrai.top/2024/02/Bunny04-720x380.jpg,Gay video; Vietnam video,https://drive.google.com/file/d/1wO7sZ02YDYrwnlJ1g_BOkCc60lF60ePI/view?usp=sharing,1,92,FALSE,
57342,Hoa nắng boy – Nhật solo,https://xemtrai.top/hoa-nang-boy-nhat-solo/,https://upload.xemtrai.top/2024/02/Nhat-solo-720x380.jpg,Solo; Vietnam video,https://drive.google.com/file/d/1uOn1opefHLEMQWSozUbtUjtqqJqGlTRc/view?usp=sharing,1,92,FALSE,
57343,Hoa nắng boy – Vinh solo,https://xemtrai.top/hoa-nang-boy-vinh-solo/,https://upload.xemtrai.top/2024/02/Vinh-solo-720x380.jpg,Solo; Vietnam video,https://drive.google.com/file/d/125W6fk5ljpKGiox1AUg1paG3ALLDT6Lq/view?usp=sharing,1,92,FALSE,
57341,Hoa nắng boy – Kiệt solo P2,https://xemtrai.top/hoa-nang-boy-kiet-solo-2/,https://upload.xemtrai.top/2024/02/Kiet-solo-720x380.jpg,Solo; Vietnam video,https://drive.google.com/file/d/1ATYOUHEnTRZiTpmq48rHrGl11x0RrFBH/view?usp=sharing,1,92,FALSE,
57323,Shenky OF – Santa Claus is lost | Huy Kai,https://xemtrai.top/shenky-of-santa-claus-is-lost-huy-kai/,https://upload.xemtrai.top/2024/02/Shenky-OF-720x380.jpg,Vietnam video,https://drive.google.com/file/d/1XDscgm5VanyJhG1GDLyhhUoDgTM3xVgM/view?usp=sharing,1,92,FALSE,
57322,SeaChan x TantanEvan – P2,https://xemtrai.top/seachan-x-tantanevan-p2/,https://upload.xemtrai.top/2024/02/SeaChan-720x380.jpg,Gay video; Vietnam video,https://drive.google.com/file/d/14beB13NSq3eTcorijIq5TrSDzgbrXSIx/view?usp=sharing,1,92,FALSE,
57277,Aaron Do collection P32 – Minh Nguyễn (photo+video),https://xemtrai.top/aaron-do-collection-p32-minh-nguyen-photovideo/,https://upload.xemtrai.top/2024/02/Minh-Nguyen-by-AaronDo.mp4_20240213_203752.073-720x380.jpg,Photo Set; Vietnam photo; Vietnam video,https://drive.google.com/drive/folders/1h2WJXUOk1cTVGsaWerm4xZQ58s98H_Bk?usp=sharing; https://drive.google.com/file/d/1VR-wA4JRHvVIZenJBYOPM5aj0ZOzfsBe/view?usp=sharing,2,92,FALSE,
57280,SemenX ft Leebaron Anh Huy & Lê Nam,https://xemtrai.top/semenx-ft-leebaron-anh-huy-le-nam/,https://upload.xemtrai.top/2024/02/3840x2560_3cc26064753c8ebd0bec27eab62598cd-720x380.jpg,Gay video; Vietnam video,https://drive.google.com/drive/folders/1yyYDKVwhURVP6uZOF78rbs60GEL4Exmu?usp=sharing; https://drive.google.com/file/d/1taMPYnliFM95DxoiUTdmVCOSQAaEG5UF/view?usp=sharing,2,93,FALSE,
57279,SemenX ft OhmJirapong & ARM,https://xemtrai.top/semenx-ft-ohmjirapong-arm/,https://upload.xemtrai.top/2024/02/Semenx-OHM-720x380.jpg,Gay video; Thailand video,https://drive.google.com/file/d/1i-McYCN7TNF6pf8-7GP7yFqT_1SHRmkc/view?usp=sharing,1,93,FALSE,
57190,Lê Ngọc Minh chịch em trai thẳng,https://xemtrai.top/le-ngoc-minh-chich-em-trai-thang/,https://upload.xemtrai.top/2024/02/LeNgocMinh-x-Straight-boy-720x380.jpg,Gay video; Vietnam video,https://drive.google.com/file/d/16BX9GuGMzPf8Nyg0gt8x59IDDfdz_aqM/view?usp=sharing,1,93,FALSE,
57192,Hoa nắng boy – Đại solo,https://xemtrai.top/hoa-nang-boy-dai-solo/,https://upload.xemtrai.top/2024/02/hoa-nang-Dai-720x380.jpg,Solo; Vietnam video,https://drive.google.com/file/d/1X6zgf8gY3WVW8Qpich34k5I43_iH149m/view?usp=sharing,1,93,FALSE,
57191,Kenvin – Nguyễn Tiến Quân x Andrechou79,https://xemtrai.top/kenvin-nguyen-tien-quan-x-andrechou79/,https://upload.xemtrai.top/2024/02/TienQuan-x-Andrechou79.mp4_20240211_211840.496-720x380.jpg,Gay video; Vietnam video,https://drive.google.com/file/d/1PfqbbyNbzCXV8S26nL6iGlMXEA_FHAgg/view?usp=sharing,1,93,FALSE,
57193,Anh cá chép x Cagedjock P2,https://xemtrai.top/anh-ca-chep-x-cagedjock-p2/,https://upload.xemtrai.top/2024/02/Anhcachep-x-Cagedjock-P2.mp4_20240211_214512.771-720x380.jpg,Gay video; Vietnam video,https://drive.google.com/file/d/1V61LpfBVhd0xNo5wDqk6mVXUM2hk2e6Y/view?usp=sharing,1,93,FALSE,
57189,Anh cá chép x Cagedjock P1,https://xemtrai.top/anh-ca-chep-x-cagedjock-p1/,https://upload.xemtrai.top/2024/02/ANhcachepxCagedjock-720x380.jpg,Gay video; Vietnam video,https://drive.google.com/file/d/1nCDzcSHC4zun3ydNM6psANmTshk0VgAF/view?usp=sharing,1,93,FALSE,
57087,Kenvin – Nguyễn Tiến Quân x Vietdaddy,https://xemtrai.top/kenvin-nguyen-tien-quan-x-vietdaddy/,https://upload.xemtrai.top/2024/02/Kenvin-x-Vietdaddy.mp4_20240209_210339.167-720x380.jpg,Gay video; Vietnam video,https://drive.google.com/file/d/1kowlmdpiFp9Sr6bu-GzD_Zyx9kAmYeBb/view?usp=sharing,1,93,FALSE,
57078,Lê Ngọc Minh x Hot boy drunk,https://xemtrai.top/le-ngoc-minh-x-hot-boy-drunk/,https://upload.xemtrai.top/2024/02/LeNgocMinh-x-Hotboydrunk.mp4_20240209_210414.741-720x380.jpg,Gay video; Vietnam video,https://drive.google.com/file/d/1c01ETIyg13OhQBvDCSOYqcRkXEf7n4YI/view?usp=sharing,1,93,FALSE,
57056,Lê Ngọc Minh sex with Roommate,https://xemtrai.top/le-ngoc-minh-x-roommate/,https://upload.xemtrai.top/2024/02/LeNgocMinh-x-Roommate.mp4_20240208_203101.340-720x380.jpg,Gay video; Vietnam video,https://drive.google.com/file/d/1zFk81FenFqSvyOnYgXW5xKSIfNj05LKH/view?usp=sharing,1,93,FALSE,
57002,OF Bevis.asian – Trần Đức Vương | Dark life,https://xemtrai.top/of-bevis-asian-tran-duc-vuong-dark-life/,https://upload.xemtrai.top/2024/02/DucVuong-Dark-life.mp4_20240207_215015.011-720x380.jpg,Solo; Vietnam video,https://drive.google.com/file/d/17T0A7jDdntiDp3GlnuSPeKEMEK0CW2Qt/view?usp=sharing,1,93,FALSE,
57003,Anh cá chép – Batman bị fuck,https://xemtrai.top/anh-ca-chep-batman-bi-fuck/,https://upload.xemtrai.top/2024/02/wML24wdt-anh-ca-chep-720x380.jpg,Gay video; Vietnam video,https://drive.google.com/file/d/13Cm77HzQyKeEinS3NF_a7h9g94y0h2_Q/view?usp=sharing,1,93,FALSE,
57004,TantanEvan x KianRaiX,https://xemtrai.top/tantanevan-x-kianraix/,https://upload.xemtrai.top/2024/02/TantanEvan-ft-KianRaiX.mp4_20240207_214858.146-720x380.jpg,Asia video; Gay video,https://drive.google.com/file/d/1F4ps6zETg8qr-2gr9xMoJ7j_8cMyWFPw/view?usp=sharing,1,93,FALSE,
56935,Aaronfoto OF – Security story | Paul & Benz,https://xemtrai.top/aaronfoto-of-security-story-paul-benz/,https://upload.xemtrai.top/2024/02/AaronDofoto-Security-story.mp4_20240206_213429.213-720x380.jpg,Gay video; Thailand video,https://drive.google.com/file/d/1hYlbRkRcxTm5UCgmxLlhGyyLokd8RBf8/view?usp=sharing,1,93,FALSE,
56936,Hoa nắng boy – Thắng solo,https://xemtrai.top/hoa-nang-boy-thang-solo/,https://upload.xemtrai.top/2024/02/Thang-hoa-nang-720x380.jpg,Solo; Vietnam video,https://drive.google.com/file/d/1sNfzGeuSic5XsdTpJ-xSB3rZkQcyVyio/view?usp=sharing,1,93,FALSE,
56938,Seachan x bigcock boy,https://xemtrai.top/seachan-x-bigcock-boy/,https://upload.xemtrai.top/2024/02/SeaChan-x-big-cock-boy-720x380.jpg,Gay video; Vietnam video,https://drive.google.com/file/d/1j2Kyy6PAXd-hazQQOKO6ea77NizYqFGP/view?usp=sharing,1,93,FALSE,
56937,Kenvin – Nguyễn Tiến Quân x Derek,https://xemtrai.top/ken-vin-nguyen-tien-quan-x-derek/,https://upload.xemtrai.top/2024/02/TienQuan-x-Derek.mp4_20240206_213558.542-720x380.jpg,Gay video; Vietnam video,https://drive.google.com/file/d/1H9ihB3JBY36EyFkECbecIVkFXRgEEoly/view?usp=sharing,1,93,FALSE,
56868,OF Bevis.asian – Trần Đức Vương | Sweet heart,https://xemtrai.top/of-bevis-asian-tran-duc-vuong-sweet-heart/,https://upload.xemtrai.top/2024/02/Bevis-Sweet-heast.mp4_20240205_211023.168-720x380.jpg,Girl video; Vietnam video,https://drive.google.com/file/d/1Ursh2wfJxs_VK1HwYtcAQYi9OD_1qQNv/view?usp=sharing,1,93,FALSE,
56871,Anh cá chép x boy gym,https://xemtrai.top/anh-ca-chep-x-boy-gym/,https://upload.xemtrai.top/2024/02/anh-ca-chep-720x380.jpg,Gay video; Vietnam video,https://drive.google.com/file/d/1WyzQa1ocygT9y2D53t6klMA8ZCn6G8jQ/view?usp=sharing,1,94,FALSE,
56870,TantanEvan x Damian Dragon,https://xemtrai.top/tantanevan-x-damian-dragon/,https://upload.xemtrai.top/2024/02/tantan-720x380.jpg,Asia video; Gay video,https://drive.google.com/file/d/1J__5sZc_dOQ1pza_3jkXVZnaEbDZRasG/view?usp=sharing,1,94,FALSE,
56869,Golf Suraphong x Xmensharry,https://xemtrai.top/golf-suraphong-x-xmensharry/,https://upload.xemtrai.top/2024/02/GolfSuraphong-720x380.jpg,Gay video; Thailand video,https://drive.google.com/file/d/1MRPKtkCPwzwjen79fR_qWJXnfXgHq7lA/view?usp=sharing,1,94,FALSE,
56811,SeaChan x Nainoi,https://xemtrai.top/seachan-x-nainoi/,https://xemtrai.top/wp-content/uploads/2024/02/Seachan-x-nai-720x380.jpg,Gay video; Vietnam video,https://drive.google.com/file/d/1LrltKqnLRARbtpFaJmJY5871LMjJsK9p/view?usp=sharing,1,94,FALSE,
56812,Golf Suraphong x KhunNangky,https://xemtrai.top/golf-suraphong-x-khunnangky/,https://upload.xemtrai.top/2024/02/GolfSuraphong-x-KhunNangky.mp4_20240204_215924.351-720x380.jpg,Gay video; Thailand video,https://drive.google.com/file/d/1xNHRpWkq5ZWC70wyokFCYGzy7HfAv9vJ/view?usp=sharing,1,94,FALSE,
56813,Nakropkk2 x Santa,https://xemtrai.top/nakropkk2-x-santa/,https://upload.xemtrai.top/2024/02/NAKROPKK2.mp4_20240204_220329.306-720x380.jpg,Gay video; Thailand video,https://drive.google.com/file/d/1wFKVlQ7-6IhR4euXAq3uvjRk23RiFiiz/view?usp=sharing,1,94,FALSE,
56766,Bao video collection P8 – Morning with Bao,https://xemtrai.top/bao-video-collection-p8-morning-with-bao/,https://upload.xemtrai.top/2024/02/Bao-video-P8.mp4_20240203_221030.654-720x380.jpg,Vietnam video,https://drive.google.com/file/d/1K6F916ykhf14ucdK1Ey2eR8C1yDCcOue/view?usp=sharing,1,94,FALSE,
56765,OF Bevis.asian – Trần Đức Vương | After working out,https://xemtrai.top/of-bevis-asian-tran-duc-vuong-after-working-out/,https://upload.xemtrai.top/2024/02/Bevis.asian-After-working-out.mp4_20240203_220931.219-720x380.jpg,Straight guys; Vietnam video,https://drive.google.com/file/d/15-OZMOsToxUju4oQvBjEdw3kkQfUmLyO/view?usp=sharing,1,94,FALSE,
56767,Bunny’s House Vol.6 – Xmas Dream,https://xemtrai.top/bunnys-house-vol-6-xmas-dream/,https://upload.xemtrai.top/2024/02/Bunny-Xmas-720x380.jpg,Gay video; Vietnam video,https://drive.google.com/file/d/1Ay4sjknO7Qqyr7x6HQLFmMbLNYelggSo/view?usp=sharing,1,94,FALSE,
56730,Kenvin – Nguyễn Tiến Quân fucks TantanEvan,https://xemtrai.top/kenvin-nguyen-tien-quan-fucks-tantanevan/,https://upload.xemtrai.top/2024/02/TienQuan-x-TantanEvan.mp4_20240202_220456.807-720x380.jpg,Gay video; Vietnam video,https://drive.google.com/file/d/1P40yVPiTvamCik3x5FMCPiLfux5w-ckU/view?usp=sharing,1,94,FALSE,
56731,TantanEvan fucks Ricky Rnlee830,https://xemtrai.top/tantanevan-fucks-ricky-rnlee830/,https://upload.xemtrai.top/2024/02/TantanEvan-x-Rnlee.mp4_20240202_221406.534-720x380.jpg,Asia video; Gay video,https://drive.google.com/file/d/11NvXAHsBL7RQOyXsIrR_CUYAWFgzs0cc/view?usp=sharing,1,94,FALSE,
56732,Pinky Nguyen – Oil 2 Cum,https://xemtrai.top/pinky-nguyen-oil-2-cum/,https://upload.xemtrai.top/2024/02/Pinky-Oil2-Cum.mp4_20240202_220239.005-720x380.jpg,Girl video; Vietnam video,https://drive.google.com/file/d/1jgOqDLoVEag7ijEgkh2NkJPlfbFFHmIf/view?usp=sharing,1,94,FALSE,
56630,Sam Vũ x TantanEvan – P2,https://xemtrai.top/sam-vu-x-tantanevan-p2/,https://upload.xemtrai.top/2024/02/Samvu-TantanEvan.mp4_20240201_214708.743-720x380.jpg,Gay video; Vietnam video,https://drive.google.com/file/d/1UBQqmcy7ffV-ypgiBb0301_tSUnBcdZ6/view?usp=sharing,1,94,FALSE,
56631,Anh cá chép x TantanEvan,https://xemtrai.top/anh-ca-chep-x-tantanevan/,https://upload.xemtrai.top/2024/02/Anh-ca-chep-x-Tantan-720x380.jpg,Gay video; Vietnam video,https://drive.google.com/file/d/1DyQ45Wp4xGgcgX3TkZuTvatwDbujTLYw/view?usp=sharing,1,94,FALSE,
56647,Golf Suraphong x GunGum x Gumper88,https://xemtrai.top/golf-suraphong-x-gungum-x-gumper88/,https://upload.xemtrai.top/2024/02/GolfSuraphongxGunxGump.mp4_20240201_212535.064-720x380.jpg,Gay video; Thailand video,https://drive.google.com/file/d/1Eqa--6NrFwxyq3mg02iHk5oVVDhUXrvR/view?usp=sharing,1,94,FALSE,
56632,Nakropkk2 x Channel Pop x ANK-325 EP3,https://xemtrai.top/nakropkk2-x-channel-pop-x-ank-325-ep3/,https://upload.xemtrai.top/2024/02/Nakropkk2-P3.mp4_20240201_212611.571-720x380.jpg,Gay video; Thailand video,https://drive.google.com/file/d/1hY-fdScgd-Ex6GYX93c82QmqfKv5Jcy8/view?usp=sharing,1,94,FALSE,
56634,【OF】SH SEOUL,https://xemtrai.top/%e3%80%90of%e3%80%91sh-seoul-3/,https://upload.xemtrai.top/2024/02/sh-seoul-720x380.jpg,Asia video; Gay video,https://drive.google.com/file/d/1VFU005PSUS0ZmY7QvAaWh_DxaowhttMe/view?usp=sharing,1,94,FALSE,
56580,OF Bevis.asian – Trần Đức Vương | First cupping,https://xemtrai.top/of-bevis-asian-tran-duc-vuong-first-cupping/,https://upload.xemtrai.top/2024/01/Bevis.asian-First-cupping.mp4_20240131_205411.860-720x380.jpg,Straight guys; Vietnam video,https://drive.google.com/file/d/1CsIsHnc2wICCb8FWTYmU58J8Hxk61INM/view?usp=sharing,1,94,FALSE,
56582,Dr SeaChan x Kamahuhu,https://xemtrai.top/seachan-x-kamahuhu/,https://upload.xemtrai.top/2024/01/Kama-Seachan.mp4_20240131_205328.272-720x380.jpg,Gay video; Vietnam video,https://drive.google.com/file/d/1SXhwhiy_n6-zGD8G6ZfO9g1JTO93pno8/view?usp=sharing,1,95,FALSE,
56618,Kenvin – Nguyễn Tiến Quân x Ryo Kanzaki,https://xemtrai.top/kenvin-nguyen-tien-quan-x-ryo-kanzaki/,https://upload.xemtrai.top/2024/01/TienQuan-x-Ryo-Kanzaki.mp4_20240131_213743.551-720x380.jpg,Gay video; Vietnam video,https://drive.google.com/file/d/1IyWYyr2YIt0xSoMDf0mjeFZ3mjs2JRBW/view?usp=sharing,1,95,FALSE,
56565,Bunny’s House Vol.5 – Neon Lights,https://xemtrai.top/bunnys-house-vol-5-neon-lights/,https://upload.xemtrai.top/2024/01/Bunny5-720x380.jpg,Gay video; Vietnam video,https://drive.google.com/file/d/16tlcQ9Eq2JgKVrFua7LieTxeCZ6Kg1Sl/view?usp=sharing,1,95,FALSE,
56523,Dr SeaChan x Trai đá banh,https://xemtrai.top/dr-seachan-x-trai-da-banh/,https://upload.xemtrai.top/2024/01/seachan-720x380.jpg,Gay video; Straight guys; Vietnam video,https://drive.google.com/file/d/1kzgm1KmGPpmB1CUfxuwmKeQ2M1kv3fS6/view?usp=sharing,1,95,FALSE,
56487,Nakropkk2 x Channel Pop x ANK-325 EP2,https://xemtrai.top/nakropkk2-x-channel-pop-x-ank-325-ep2/,https://upload.xemtrai.top/2024/01/75949489_1648896044-720x380.jpg,Gay video; Thailand video,https://drive.google.com/file/d/1S8hcKY_Cy8EtmafJCDFHnQB_7dkIQF61/view?usp=sharing,1,95,FALSE,
56433,Aaronfoto OF | Nick Duong,https://xemtrai.top/aaronfoto-of-nick-duong/,https://upload.xemtrai.top/2024/01/Nick-Duong.mp4_20240128_195423.786-720x380.jpg,Vietnam video,https://drive.google.com/file/d/1O1m7-6HQ_ZIHeEuK9JXARONcO8Y7sZRA/view?usp=sharing,1,95,FALSE,
56434,Anh cá chép x Sói con,https://xemtrai.top/anh-ca-chep-x-soi-con/,https://upload.xemtrai.top/2024/01/P9iOgMoc-anhcachep-720x380.jpg,Gay video; Vietnam video,https://drive.google.com/file/d/1fK5ogfxrrcs7YK13ROm6Jo95H_6D1vXw/view?usp=sharing,1,95,FALSE,
56432,Nakropkk2 x Channel Pop x ANK-325 EP1,https://xemtrai.top/nakropkk2-x-channel-pop-x-ank-325-ep1/,https://upload.xemtrai.top/2024/01/77961865_1648896116-720x380.jpg,Gay video; Thailand video,https://drive.google.com/file/d/1mp0wgXvRUfdrjkhqtwJWLtXZteHXEsb3/view?usp=sharing,1,95,FALSE,
56393,Dr SeaChan x HailiJiang,https://xemtrai.top/dr-seachan-x-hailijiang/,https://upload.xemtrai.top/2024/01/FJ5h8Fwf-Seachan-720x380.jpg,Gay video; Vietnam video,https://drive.google.com/file/d/1514G6yjUMW1EHrMmBXbacimx-sFqzDAp/view?usp=sharing,1,95,FALSE,
56372,Anh cá chép x Sunny,https://xemtrai.top/anh-ca-chep-x-sunny/,https://upload.xemtrai.top/2024/01/anhptcachep-720x380.jpg,Gay video; Vietnam video,https://drive.google.com/file/d/1vwo4eIqewKpLKZdDGTbsMoxXCOrX8iEQ/view?usp=sharing,1,95,FALSE,
56343,OF Bevis.asian – Trần Đức Vương | Naive student & Strict supervision,https://xemtrai.top/of-bevis-asian-tran-duc-vuong-naive-student-strict-supervision/,https://upload.xemtrai.top/2024/01/Bevis-naive-student.mp4_20240126_202306.320-720x380.jpg,Girl video; Vietnam video,https://drive.google.com/file/d/1FivkjuZV2GSShmSpH9eIws30lJRX9cOZ/view?usp=sharing,1,95,FALSE,
56272,Bunny’s House Vol.4 – Naughty class,https://xemtrai.top/bunnys-house-vol-4-naughty-class/,https://upload.xemtrai.top/2024/01/bunny-720x380.jpg,Gay video; Vietnam video,https://drive.google.com/file/d/1ER-w-vNn-14takpgt-cKmKfuvc8x-wnu/view?usp=sharing,1,95,FALSE,
56269,Hoa nắng boy – Kiệt solo,https://xemtrai.top/hoa-nang-boy-kiet-solo/,https://upload.xemtrai.top/2024/01/Hoanang-Kiet-720x380.jpg,Solo; Vietnam video,https://drive.google.com/file/d/1xtZ4t3-cptoK1eu_aIRuD0zkQy47ulDM/view?usp=sharing,1,95,FALSE,
56271,Golf Suraphong sex theresome,https://xemtrai.top/golf-suraphong-sex-foursome/,https://upload.xemtrai.top/2024/01/GolfSuraphong-720x380.jpg,Gay video; Thailand video,https://drive.google.com/file/d/1hzWzsnXySivP2I9Jd2V8xN9VwL-CII6Z/view?usp=sharing,1,95,FALSE,
56236,Golf Suraphong x HailiJiang,https://xemtrai.top/golf-suraphong-x-hailijiang/,https://upload.xemtrai.top/2024/01/Golf-x-Haili.mp4_20240124_212327.949-720x380.jpg,Asia video; Gay video,https://drive.google.com/file/d/1RvX-Rcje24PtR0AzvSjQ4uNpAeHrshmm/view?usp=sharing,1,95,FALSE,
56151,Dr SeaChan x Straight boy,https://xemtrai.top/dr-seachan-x-straight-boy/,https://upload.xemtrai.top/2024/01/Seachan-720x380.jpg,Gay video; Straight guys; Vietnam video,https://drive.google.com/file/d/1em0KqNaeLxktt4UydNC5qtdk6W29d9zr/view?usp=sharing,1,95,FALSE,
56150,Kenvin – Nguyễn Tiến Quân x Sam Vũ,https://xemtrai.top/kenvin-nguyen-tien-quan-x-sam-vu/,https://upload.xemtrai.top/2024/01/TienQuan-x-SamVu.mp4_20240122_202042.477-720x380.jpg,Gay video; Vietnam video,https://drive.google.com/file/d/1IOjKQL4PdrlqD6WeubF-3LQ3XvBhI9kH/view?usp=sharing,1,95,FALSE,
56120,Aaron Do collection P30 – Mr L (photo+video),https://xemtrai.top/aaron-do-collection-p30-mr-l-photovideo/,https://upload.xemtrai.top/2024/01/AaronDOP-720x380.jpg,Photo Set; Vietnam photo; Vietnam video,https://drive.google.com/drive/folders/1NLmfEtup3BAch10GOBNjUkMEdov0Up2C?usp=sharing; https://drive.google.com/file/d/18ZkM5gTKL2rRXdg42EMpPozGyQpmWtuh/view?usp=sharing; https://drive.google.com/file/d/16tDtyMRxLHpChGjwjlRK5Py72nY1jPOC/view?usp=sharing,3,95,FALSE,
56024,TanTanEvan x Sam Vũ,https://xemtrai.top/tantanevan-x-sam-vu/,https://upload.xemtrai.top/2024/01/Sam_and_TantanEvan.mp4_20240119_201658.526-720x380.jpg,Gay video; Vietnam video,https://drive.google.com/file/d/1N-YoAkkUU4TnQISR9SeJAO2ycrEqVVtY/view?usp=sharing,1,96,FALSE,
56135,Golf Suraphong x Gabbie,https://xemtrai.top/golf-suraphong-x-gabbie/,https://upload.xemtrai.top/2024/01/Gabbie-and-Golf.mp4_20240121_195948.412-720x380.jpg,Asia video; Gay video,https://drive.google.com/file/d/1o3MyxURnGb6M9wHLllZGzyVUM68bEWA1/view?usp=sharing,1,96,FALSE,
56076,Pinky Nguyen – Oil 1,https://xemtrai.top/pinky-nguyen-oil-1/,https://upload.xemtrai.top/2024/01/Oil1-720x380.jpg,Straight guys photo; Vietnam video,https://drive.google.com/file/d/19kRev7_Hn-LcvZLHNIEbwySa6xha69J9/view?usp=sharing,1,96,FALSE,
56025,OF Bevis.asian – Trần Đức Vương x Nurse P2,https://xemtrai.top/of-bevis-asian-tran-duc-vuong-x-nurse-p2/,https://upload.xemtrai.top/2024/01/DucVuong-x-Nurse-P2.mp4_20240119_202237.445-720x380.jpg,Girl video; Vietnam video,https://drive.google.com/file/d/168Sf3TgGlsRbZXaEak_r-o_l6vJremwc/view?usp=sharing,1,96,FALSE,
56059,Kenvin – Nguyễn Tiến Quân x Shinta,https://xemtrai.top/kenvin-nguyen-tien-quan-x-shinta/,https://upload.xemtrai.top/2024/01/TienQuan-x-SHinta.mp4_20240119_211304.149-720x380.jpg,Vietnam video,https://drive.google.com/file/d/1jbJ89a21tCASHskzuqjm8I0qsmgpytRn/view?usp=sharing,1,96,FALSE,
55964,Taro – PRIVATE CHEF (photo+video),https://xemtrai.top/taro-private-chef-photovideo/,https://upload.xemtrai.top/2024/01/Taro-720x380.jpg,Asia video; Chinese photo; Gay video; Photo Set,https://drive.google.com/drive/folders/1kepFzLalunpXLujYg34yoURkwAuSpsUn?usp=sharing; https://drive.google.com/file/d/1vVrR8RYjV7AKxJ8u82CADLEpq8B3IhL6/view?usp=sharing; https://drive.google.com/file/d/1d2cB00alzUJfdBCs84e0ATwa6CzJNp8b/view?usp=sharing,3,96,FALSE,
55968,Bao video collection P7 – The first time Cumshot,https://xemtrai.top/bao-video-collection-p7-the-first-time-cumshot/,https://upload.xemtrai.top/2024/01/Bao-video-collection-7.mp4_20240118_210546.145-720x380.jpg,Vietnam video,https://drive.google.com/file/d/12BKLzV0hnL6rD0_mq4LjPeivdcSyt7kV/view?usp=sharing,1,96,FALSE,
55921,Bao video collection P6,https://xemtrai.top/bao-video-collection-p6/,https://upload.xemtrai.top/2024/01/Bao-video-collectio-P6.mp4_20240117_202830.207-720x380.jpg,Vietnam video,https://drive.google.com/file/d/1myQrV-bUkUTCYyAkKb58tCrOUuSLVq_C/view?usp=sharing,1,96,FALSE,
55920,Bao video collection P5,https://xemtrai.top/bao-video-collection-p5/,https://upload.xemtrai.top/2024/01/Bao-video-collectio-P5.mp4_20240117_202813.842-720x380.jpg,Vietnam video,https://drive.google.com/file/d/1KK_TYJAnC8kRPXXA6cxsHGgu40OuWtl5/view?usp=sharing,1,96,FALSE,
55917,Kenvin – Nguyễn Tiến Quân x Smweiwei,https://xemtrai.top/kenvin-nguyen-tien-quan-x-smweiwei/,https://upload.xemtrai.top/2024/01/Tien-Quan-x-Smweiwei.mp4_20240117_202757.012-720x380.jpg,Gay video; Vietnam video,https://drive.google.com/file/d/1sD2vvV_cTBuxigUuxIYj3uqpVjjp5AK_/view?usp=sharing,1,96,FALSE,
55861,Bao video collection P4,https://xemtrai.top/bao-video-collection-p4/,https://upload.xemtrai.top/2024/01/Bao-video-collection-P4.mp4_20240116_210344.405-720x380.jpg,Vietnam video,https://drive.google.com/file/d/1DJG19NNLCZyXdDUA7tATEVzt6Ua6965j/view?usp=sharing,1,96,FALSE,
55860,Bao video collection P3,https://xemtrai.top/bao-video-collection-p3/,https://upload.xemtrai.top/2024/01/Bao-video-collection-P3.mp4_20240116_210355.289-720x380.jpg,Vietnam video,https://drive.google.com/file/d/19NbD2YEFWwXmbFBUIJm999KzJV-XIj1F/view?usp=sharing,1,96,FALSE,
55865,TantanEvan x SammySinsss,https://xemtrai.top/tantanevan-x-sammysinsss/,https://upload.xemtrai.top/2024/01/75709472_1699098178-720x380.jpg,Asia video; Gay video,https://drive.google.com/file/d/1KOLS4EtD4b6XIcu_SQKN8hMaTzITiH0y/view?usp=sharing,1,96,FALSE,
55788,Hunt Series EP.24 – Tokyo (photo+video),https://xemtrai.top/hunt-series-ep-24-tokyo-photovideo/,https://upload.xemtrai.top/2024/01/Hunt24-720x380.jpg,Asia video; Gay video; Photo Set,https://drive.google.com/drive/folders/1MeHBCD65ZS_01OJo2267czkuoaRmd2Vy?usp=sharing; https://drive.google.com/file/d/1n9QUVblfk9D4cXdsrJvj6TrBK7PEKZX0/view?usp=sharing,2,96,FALSE,
55827,Bao video collection P2,https://xemtrai.top/bao-video-collection-p2/,https://upload.xemtrai.top/2024/01/Bao-video-collection-2.mp4_20240115_204648.935-720x380.jpg,Vietnam video,https://drive.google.com/file/d/1Pol3PfK0e0vy3PmKsOUAN7bz9U6TaUkz/view?usp=sharing,1,96,FALSE,
55774,OF Bevis.asian – Trần Đức Vương x Nurse,https://xemtrai.top/of-bevis-asian-tran-duc-vuong-x-nurse/,https://upload.xemtrai.top/2024/01/Duc-Vuong-720x380.jpg,Girl video; Vietnam video,https://drive.google.com/file/d/1It-eGYWkQDa-G3nDyHrrs5LgmMqsJBos/view?usp=sharing,1,96,FALSE,
55728,Bao video collection P1,https://xemtrai.top/bao-video-collection-1/,https://upload.xemtrai.top/2024/01/Bao-video-collection-1.mp4_20240114_194404.365-720x380.jpg,Vietnam video,https://drive.google.com/file/d/1UwrEN4wgp3m_9OaDUs4RL0PuZtCeb44S/view?usp=sharing,1,96,FALSE,
55677,Bunny’s House Vol.3 – My Wedding Day,https://xemtrai.top/bunnys-house-vol-3-my-wedding-day/,https://upload.xemtrai.top/2024/01/Bunny-vol3-720x380.jpg,Gay video; Vietnam video,https://drive.google.com/file/d/1dG-wbMwcSqrxbskui8n_yFzoTFtcQPTr/view?usp=sharing,1,96,FALSE,
55676,Friendlymen collection P11,https://xemtrai.top/friendlymen-collection-p11/,https://upload.xemtrai.top/2024/01/Friendly-P11-720x380.jpg,Straight guys; Thailand video,https://drive.google.com/file/d/1IdgG4_aio1iYqtmzE358C9mFV1jqVoYN/view?usp=sharing,1,97,FALSE,
55675,Friendlymen collection P10,https://xemtrai.top/friendlymen-collection-p10/,https://upload.xemtrai.top/2024/01/Friendly-P10-720x380.jpg,Straight guys; Thailand video,https://drive.google.com/file/d/1RVR8j8lln_M8HLWDvZVkjCcnBzsgKc-K/view?usp=sharing,1,97,FALSE,
55640,【OF】SH SEOUL,https://xemtrai.top/%e3%80%90of%e3%80%91sh-seoul-2/,https://upload.xemtrai.top/2024/01/SH_Seoul-720x380.jpg,Asia video; Gay video,https://drive.google.com/file/d/1cP_z14kAE7vtsoblLBBNdt7Yx5rdJJUl/view?usp=sharing,1,97,FALSE,
55658,Kenvin – Nguyễn Tiến Quân x Cooperchiaho,https://xemtrai.top/kenvin-nguyen-tien-quan-x-cooperchiaho/,https://upload.xemtrai.top/2024/01/TienQuan-x-Cooperchiaho.mp4_20240112_195801.754-720x380.jpg,Gay video; Vietnam video,https://drive.google.com/file/d/1Za3it1s9X4MZWRglGX94Sirq_MGDZzLY/view?usp=sharing,1,97,FALSE,
55611,Pinky Nguyen – The Love Story – Part 2,https://xemtrai.top/pinky-nguyen-the-love-story-part-2/,https://upload.xemtrai.top/2024/01/Pinky-Love-Story2.mp4_20240111_215008.024-720x380.jpg,Girl video; Vietnam video,https://drive.google.com/file/d/1xSBLQesHHd--s99anQ-HbXVcRRxAIsyM/view?usp=sharing,1,97,FALSE,
55595,OF Bevis.asian – Trần Đức Vương | Horny man on the train,https://xemtrai.top/of-bevis-asian-tran-duc-vuong-horny-man-on-the-train/,https://upload.xemtrai.top/2024/01/Duc-Vuong-the-train.mp4_20240110_225058.395-720x380.jpg,Solo; Vietnam video,https://drive.google.com/file/d/16TMsTCAY5mXryA3Ma7Edv937eZoVNVdw/view?usp=sharing,1,97,FALSE,
55585,Kenvin – Nguyễn Tiến Quân x Thunder man,https://xemtrai.top/kenvin-nguyen-tien-quan-x-thunder-man/,https://upload.xemtrai.top/2024/01/TienQuan-x-Thunder.mp4_20240110_205451.223-720x380.jpg,Gay video; Vietnam video,https://drive.google.com/file/d/1lRwL4Dwe2RkE4nhNIN_o-w6F4WQnkOf6/view?usp=sharing,1,97,FALSE,
55520,Pinky Nguyen – The Love Story Part 1,https://xemtrai.top/pinky-nguyen-the-love-story-part-1/,https://upload.xemtrai.top/2024/01/Pinky-a-720x380.jpg,Girl video; Vietnam video,https://drive.google.com/file/d/1h5qlVUltf0DK6t1gqdm0xEqZLykCuWoE/view?usp=sharing,1,97,FALSE,
55518,Friendlymen collection P9,https://xemtrai.top/friendlymen-collection-p9/,https://upload.xemtrai.top/2024/01/Friendlymen9-720x380.jpg,Straight guys; Thailand video,https://drive.google.com/file/d/19WGIbSNgFd1JmbsPf3eF02KNcueIPiRZ/view?usp=sharing,1,97,FALSE,
55489,OF Bevis.asian – Trần Đức Vương | Haircut Story,https://xemtrai.top/of-bevis-asian-tran-duc-vuong-haircut-story/,https://upload.xemtrai.top/2024/01/Bevis.Asian-Haircut.mp4_20240108_202244.165-720x380.jpg,Solo; Vietnam video,https://drive.google.com/file/d/1SbjSXJdK8-Fecnp9mAHS5TiJVgHMLYJT/view?usp=sharing,1,97,FALSE,
55458,"Desert Desires – Ho Vinh Khoa, Rhonee (photo+video)",https://xemtrai.top/desert-desires-ho-vinh-khoa-rhonee-photovideo/,https://upload.xemtrai.top/2024/01/HVK-720x380.jpg,Gay video; Photo Set; Thailand photo; Vietnam photo; Vietnam video,https://drive.google.com/drive/folders/1_cXAvP7Db_qlmhYmuXOKpEqbIjBdcSmv?usp=sharing; https://drive.google.com/file/d/19oV_x3ALV8O7UFWpTlT3q1_1bhoEg6Hj/view?usp=sharing,2,97,FALSE,
55457,Kenvin – Nguyễn Tiến Quân x Edwin,https://xemtrai.top/kenvin-nguyen-tien-quan-x-edwin/,https://upload.xemtrai.top/2024/01/TienQuanx-Edwin.mp4_20240107_131634.618-720x380.jpg,Gay video; Vietnam video,https://drive.google.com/file/d/14yYQIxVX_OiyeuVRm1ZUufTUIAtbd6zV/view?usp=sharing,1,97,FALSE,
55378,Bunny’s House Vol.2 – Halloween,https://xemtrai.top/bunnys-house-vol-2-halloween/,https://upload.xemtrai.top/2024/01/bunny-house-2-720x380.jpg,Gay video; Vietnam video,https://drive.google.com/file/d/1fhWGHUOHEHo3VSLwlNgQ-2RfIdlI6Cm7/view?usp=sharing,1,97,FALSE,
55354,Kenvin – Nguyễn Tiến Quân x JJJaewon,https://xemtrai.top/kenvin-nguyen-tien-quan-x-jjjaewon/,https://upload.xemtrai.top/2024/01/TienQuan-x-JJJaewon.mp4_20240104_210545.290-720x380.jpg,Gay video; Vietnam video,https://drive.google.com/file/d/1sXw-5V-Yic4Ych28v5VA97bPSvbHMxUR/view?usp=sharing,1,97,FALSE,
55271,【OF】Mogren,https://xemtrai.top/%e3%80%90of%e3%80%91mogren/,https://upload.xemtrai.top/2024/01/29123401_170384930c0-720x380.jpg,Asia video; Gay video,https://drive.google.com/file/d/13SGUH9eSShNYfQHCk4SRLQmdbFvUdPsB/view?usp=sharing,1,97,FALSE,
55272,Hoa nắng boy – Nhật x Vinh,https://xemtrai.top/hoa-nang-boy-nhat-x-vinh/,https://upload.xemtrai.top/2024/01/hoanang-720x380.jpg,Gay video; Vietnam video,https://drive.google.com/file/d/1hFrbLIfOUWU3CUp4K7ZlFiHJiDE9HOCJ/view?usp=sharing,1,97,FALSE,
55270,GAYDAR,https://xemtrai.top/gaydar/,https://upload.xemtrai.top/2024/01/69910167_1703707800-720x380.jpg,Asia video; Gay video,https://drive.google.com/file/d/15cDXwntLa0Ky1qTdkLNvZFPVDY1hJ1sx/view?usp=sharing,1,97,FALSE,
55269,【OF】OHM Jirapong,https://xemtrai.top/%e3%80%90of%e3%80%91ohm-jirapong/,https://upload.xemtrai.top/2024/01/87297915_1696345839-720x380.jpg,Gay video; Thailand video,https://drive.google.com/file/d/1UsRyphrfEXxoRgT0OZg7VM4HUIz-sq7c/view?usp=sharing,1,97,FALSE,
55255,Hoa nắng boy – Tấn x Dương,https://xemtrai.top/hoa-nang-boy-tan-x-duong/,https://upload.xemtrai.top/2024/01/hoa-nang-720x380.jpg,Gay video; Vietnam video,https://drive.google.com/file/d/1Qgd72DJXE52L2ecH2NnD_ES03SOmEi7t/view?usp=sharing,1,98,FALSE,
55197,Tony Hùng x Phuri58,https://xemtrai.top/tony-hung-x-phuri58/,https://upload.xemtrai.top/2024/01/Tony-x-Phuri58-720x380.jpg,Gay video; Vietnam video,https://drive.google.com/file/d/15tw5eKgF2Gw0GwNG-hXab5cy5Rh6Bvhe/view?usp=sharing,1,98,FALSE,
55195,Kenvin – Nguyễn Tiến Quân x Frxng89,https://xemtrai.top/kenvin-nguyen-tien-quan-x-frxng89/,https://upload.xemtrai.top/2024/01/TienQuan-x-Frxng89.mp4_20240101_204107.456-720x380.jpg,Gay video; Vietnam video,https://drive.google.com/file/d/1oWv6BywsVWVjNPT41tHrwha8CMo1Xu4o/view?usp=sharing,1,98,FALSE,
55196,Lê Ngọc Minh x Drunk boy handsome,https://xemtrai.top/le-ngoc-minh-x-drunk-boy-handsome/,https://upload.xemtrai.top/2024/01/Le-Ngoc-Minh-x-Drunk-boy-handsome-.mp4_20240101_203937.074-720x380.jpg,Gay video; Vietnam video,https://drive.google.com/file/d/1mOSUtRQ9tv4lbL3TMb_7P0Bxw8t1fGvm/view?usp=sharing,1,98,FALSE,
55152,Friendlymen collection P8,https://xemtrai.top/friendlymen-collection-p8/,https://upload.xemtrai.top/2023/12/FriendlyP8-720x380.jpg,Straight guys; Thailand video,https://drive.google.com/file/d/18qTua3FARrHHtcYOyvxGhwRtI9nDOeEa/view?usp=sharing,1,98,FALSE,
55153,Chiang Gogo x Tyler Wu,https://xemtrai.top/chiang-gogo-x-tyler-wu/,https://upload.xemtrai.top/2023/12/Chiang-x-Tyler-Wu.mp4_20231231_110337.257-720x380.jpg,Asia video; Gay video,https://drive.google.com/file/d/1ul0oDYCdg4pshNr4OmmcZT1tbEUiXQnK/view?usp=sharing,1,98,FALSE,
55107,Leebaron – Anh Huy x Masked boy,https://xemtrai.top/leebaron-anh-huy-x-masked-top/,https://upload.xemtrai.top/2023/12/Leebaron-Masked-top.mp4_20231230_214522.375-720x380.jpg,Gay video; Vietnam video,https://drive.google.com/file/d/1iUU_GUPo9Kr4gE3CuHZlUlZVWcwk3LRD/view?usp=sharing,1,98,FALSE,
55083,Kenvin – Nguyễn Tiến Quân x Han Cross,https://xemtrai.top/kenvin-nguyen-tien-quan-x-han-cross/,https://upload.xemtrai.top/2023/12/TienQuan-x-Han-Cross.mp4_20231229_205726.700-720x380.jpg,Gay video; Vietnam video,https://drive.google.com/file/d/1H7mgpMPvTUPf_XuOHYLowe0YKY_lF_Ip/view?usp=sharing,1,98,FALSE,
54996,Leebaron – Anh Huy x Derek,https://xemtrai.top/leebaron-anh-huy-x-derek/,https://upload.xemtrai.top/2023/12/LeebaronxDerek-720x380.jpg,Gay video; Vietnam video,https://drive.google.com/file/d/1XS9XipTpexTuw6b-6k6w_OPr9bZuPNO2/view?usp=sharing,1,98,FALSE,
54997,Bunny’s House Vol.1 – Wife Punishment,https://xemtrai.top/bunnys-house-vol-1-wife-punishment/,https://upload.xemtrai.top/2023/12/D2GnU5Se-Bunnys-House-Vol.1-720x380.jpg,Gay video; Vietnam video,https://drive.google.com/file/d/1z-CE3gEoXbeed6g9YKpVuRqfqKIURN9b/view?usp=sharing,1,98,FALSE,
54968,Kenvin – Nguyễn Tiến Quân x Nainoi,https://xemtrai.top/kenvin-nguyen-tien-quan-x-nainoi/,https://upload.xemtrai.top/2023/12/Collabration-a-hrefnainoi9999@nainoi9999a.mp4_20231227_232448.953a-720x380.jpg,Gay video; Vietnam video,https://drive.google.com/file/d/1XmuU3qTlbgtJ8rq_C1hkIs3Pq4Ar-wcH/view?usp=sharing,1,98,FALSE,
54908,Lê Ngọc Minh – Office boy,https://xemtrai.top/le-ngoc-minh-office-boy/,https://upload.xemtrai.top/2023/12/LeNgocMinh-office-boy.mp4_20231225_211139.957-720x380.jpg,Gay video; Vietnam video,https://drive.google.com/file/d/1Js6AFlce7HpC240ctN-4EczRMopksgXk/view?usp=sharing,1,98,FALSE,
54906,Leebaron – Anh Huy x Felino Onix,https://xemtrai.top/leebaron-anh-huy-x-felino-onix/,https://upload.xemtrai.top/2023/12/Leebaron-x-Felino-Onix-720x380.jpg,Gay video; Vietnam video,https://drive.google.com/file/d/1e8DS4IwI9efVPqFXQYsKHzsrErcHZo_T/view?usp=sharing,1,98,FALSE,
54907,"Hoa nắng boy – Nhật, Hiển, Nam – 3some",https://xemtrai.top/hoa-nang-boy-nhat-hien-nam-3some/,https://upload.xemtrai.top/2023/12/hoanangboy-720x380.jpg,Gay video; Vietnam video,https://drive.google.com/file/d/1sRguV_s-BUgyp00uSgdlyXs-bG0PnV6-/view?usp=sharing,1,98,FALSE,
54851,Kenvin – Nguyễn Tiến Quân x Brad,https://xemtrai.top/kenvin-nguyen-tien-quan-x-brad/,https://upload.xemtrai.top/2023/12/NgTienQuan-x-Brad-720x380.jpg,Gay video; Vietnam video,https://drive.google.com/file/d/1-sD4LhUSmfLaHitovBK_W0XEUTRlU6C5/view?usp=sharing,1,98,FALSE,
54852,Tony Hùng x Prostate_expert_ken,https://xemtrai.top/tony-hung-x-prostate_expert_ken/,https://upload.xemtrai.top/2023/12/TonyxKen-720x380.jpg,Gay video; Vietnam video,https://drive.google.com/file/d/1avppkzYArblq2y2CESI6Cs9ma597ZyLY/view?usp=sharing,1,98,FALSE,
54805,Dr Seachan x Prostate_expert_ken,https://xemtrai.top/dr-seachan-x-prostate_expert_ken/,https://upload.xemtrai.top/2023/12/SeaChan-720x380.jpg,Gay video; Vietnam video,https://drive.google.com/file/d/1NqovOtHfUXdnU7mS37INQ5SOOj8ZiXvf/view?usp=sharing,1,98,FALSE,
54804,Kenvin – Nguyễn Tiến Quân x James Keresford,https://xemtrai.top/kenvin-nguyen-tien-quan-x-james-keresford/,https://upload.xemtrai.top/2023/12/12月23日.mp4_20231223_205505.775-720x380.jpg,Gay video; Vietnam video,https://drive.google.com/file/d/13x9k_a4hxzuj3_ssA5vtBBOAhRqXlEVP/view?usp=sharing,1,98,FALSE,
54803,SlimGymBody – Top khẩu dâm chịch bot slim Việt 6 múi,https://xemtrai.top/slimgymbody-top-khau-dam-chich-bot-slim-viet-6-mui/,https://upload.xemtrai.top/2023/12/body-720x380.jpg,Gay video; Vietnam video,https://drive.google.com/file/d/1FjpcOvUZkeEQT2vEppAcdMt1kF_RLOVV/view?usp=sharing; https://drive.google.com/file/d/1vFQnKDqqb1SnHzpXZwOYSddt3_981uBq/view?usp=sharing; https://drive.google.com/file/d/1szln_U-f-1S-TlU9YecLeG8_09GrnQOn/view?usp=sharing,3,99,FALSE,
54765,Leebaron – Anh Huy x Zaizaikhun,https://xemtrai.top/leebaron-anh-huy-x-zaizaikhun/,https://upload.xemtrai.top/2023/12/LeebaronxZaizai.mp4_20231222_193702.521-720x380.jpg,Gay video; Vietnam video,https://drive.google.com/file/d/1AX1WshjvltqOyylHJTr9Q_WZZ7CMSWWJ/view?usp=sharing,1,99,FALSE,
54733,Hoa nắng boy – Nhật x An,https://xemtrai.top/hoa-nang-boy-nhat-x-an/,https://upload.xemtrai.top/2023/12/hoanang-720x380.jpg,Gay video; Vietnam video,https://drive.google.com/file/d/1SjLsyDEeiVudASW_bxtfEkjNCKrGFcO-/view?usp=sharing; https://drive.google.com/file/d/1oCLIz2uV7gub6bcn2-JxFlbl4bJWKrxA/view?usp=sharing,2,99,FALSE,
54627,Friendlymen collection P7,https://xemtrai.top/friendlymen-collection-p7/,https://upload.xemtrai.top/2023/12/friendlymen-720x380.jpg,Straight guys; Thailand video,https://drive.google.com/file/d/1RoKdYfNG9YK0_pQ065z9seuUE73elivs/view?usp=sharing,1,99,FALSE,
54626,Tony Hùng x Lustyfingers | Massa,https://xemtrai.top/tony-hung-x-lustyfingers-massa/,https://upload.xemtrai.top/2023/12/Tony-x-Massa.mp4_20231219_214050.361-720x380.jpg,Gay video; Vietnam video,https://drive.google.com/file/d/1Q66-uyxkA1si2JGfJLFyEj27G7pweOCO/view?usp=sharing,1,99,FALSE,
54552,"Tropical Cream Pie – Ho Vinh Khoa, Rhonee (photo+video)",https://xemtrai.top/tropical-cream-pie-ho-vinh-khoa-rhonee/,https://upload.xemtrai.top/2023/12/2-720x380.jpg,Gay video; Vietnam video,https://drive.google.com/drive/folders/1GpV8VlBRynmTu8zPZ7ZiQtknAtRcsK4a?usp=sharing; https://drive.google.com/file/d/1jQgdxOxSBOLavKjUKD15u7KH6bXSuJn4/view?usp=sharing,2,99,FALSE,
54568,Anh động đất chịch em bot Nha Trang,https://xemtrai.top/anh-dong-dat-chich-em-bot-nha-trang/,https://upload.xemtrai.top/2023/12/83zOPZXG-Anhdongdat-720x380.jpg,Gay video; Vietnam video,https://drive.google.com/file/d/1119nB_ukQA3e5AV41PR_ENb2QumxWcL0/view?usp=sharing,1,99,FALSE,
54461,OF Bevis.asian – Đức Vương mơ chịch gái,https://xemtrai.top/of-bevis-asian-duc-vuong-mo-chich-gai/,https://upload.xemtrai.top/2023/12/12月16日.mp4_20231216_203421.073-720x380.jpg,Solo; Vietnam video,https://drive.google.com/file/d/1cVk3RHGQ4KHePewE5rg3-hI39sAJl_HE/view?usp=sharing,1,99,FALSE,
54438,Leebaron – Anh Huy x Lê Nam | The vacation,https://xemtrai.top/leebaron-anh-huy-x-le-nam-the-vacation/,https://upload.xemtrai.top/2023/12/Leebaron-x-Le-Nam-Vacation.mp4_20231215_221112.155-720x380.jpg,Gay video; Vietnam video,https://drive.google.com/file/d/1ILcg87_nbSiRYhYLRrOmFq67VWVIGSVj/view?usp=sharing,1,99,FALSE,
54447,Leebaron – Anh Huy x Bank,https://xemtrai.top/leebaron-anh-huy-x-bank-2/,https://upload.xemtrai.top/2023/12/Full-video-Baron-amp-Bank.mp4_20231215_223511.793-720x380.jpg,Gay video; Vietnam video,https://drive.google.com/file/d/15o2IUc7jMKWAS8F5AD4HUzs39Gs4LFX3/view?usp=sharing,1,99,FALSE,
54372,"The Boy In The Back Seat – Ho Vinh Khoa, Rhonee & MattAttackXXX (photo+video)",https://xemtrai.top/the-boy-in-the-back-seat-ho-vinh-khoa-rhonee-mattattackxxx-photovideo/,https://upload.xemtrai.top/2023/12/HVK-The-boy-In-The-back-Seat-720x380.jpg,Europe photo; Gay video; Thailand photo; Vietnam photo; Vietnam video,https://drive.google.com/drive/folders/1fsWR2qC9J0SgZkVS01Na5daaBIocS46o?usp=sharing; https://drive.google.com/file/d/1TykVd-Ioq5qt-UhVJecthCH0F7gc1b9_/view?usp=sharing,2,99,FALSE,
54375,Friendlymen collection P6,https://xemtrai.top/friendlymen-collection-p6/,https://upload.xemtrai.top/2023/12/Friendlymen-P6-720x380.jpg,Straight guys; Thailand video,https://drive.google.com/file/d/1DeFKbQE0xdF1VRJYsf9dq4q_rIQZUvGi/view?usp=sharing,1,99,FALSE,
54315,Dr SeaChan x Batman P4,https://xemtrai.top/dr-seachan-x-batman-p4/,https://upload.xemtrai.top/2023/12/SeaChan-x-Batman4-720x380.jpg,Straight guys; Vietnam video,https://drive.google.com/file/d/1JVT1KDzQAIKnJV9bZVcW5ha60by2hlAU/view?usp=sharing; https://drive.google.com/file/d/1u9k_vSVEpp5b4BWxzCH0GxvBUZGQB0XJ/view?usp=sharing,2,99,FALSE,
54314,Anh động đất x Em hàng xóm,https://xemtrai.top/anh-dong-dat-x-em-hang-xom/,https://upload.xemtrai.top/2023/12/anhdongdat-720x380.jpg,Gay video; Vietnam video,https://drive.google.com/file/d/1_lNfwAOy9JqRPCKYVUQbbAsrPdmlgiRJ/view?usp=sharing,1,99,FALSE,
54316,Friendlymen collection P5,https://xemtrai.top/friendlymen-collection-p5/,https://upload.xemtrai.top/2023/12/FriendlyP5-720x380.jpg,Straight guys; Thailand video,https://drive.google.com/file/d/1oumrNRCKR_ZSzODnAkHVAphp4sOywhh-/view?usp=sharing,1,99,FALSE,
54224,Fuck Me In Paradise – Ho Vinh Khoa & Rhonee (photo+video),https://xemtrai.top/fuck-me-in-paradise-ho-vinh-khoa-rhonee-photovideo/,https://upload.xemtrai.top/2023/12/HVK-Fuck-Me-In-Paradise-9a-720x380.jpg,Gay video; Vietnam video,https://drive.google.com/file/d/1hRUn8EB13xdN7rEKbS-xxM51ofcvMZmB/view?usp=sharing,1,99,FALSE,
54223,Dr SeaChan x Alantopman,https://xemtrai.top/dr-seachan-x-alantopman/,https://upload.xemtrai.top/2023/12/SeaChanchan-720x380.jpg,Gay video; Vietnam video,https://drive.google.com/file/d/1QOAdbNLzqSml58oXyaQKX1DXold4hxY8/view?usp=sharing,1,99,FALSE,
54188,Tony Hùng | Wake up,https://xemtrai.top/tony-hung-wake-up/,https://upload.xemtrai.top/2023/12/Tony-Hung-Wake-up.mp4_20231210_224140.056-720x380.jpg,Gay video; Vietnam video,https://drive.google.com/file/d/1KYlSbMiS5KNkuggOkfKecRz3dD2Cd7Cu/view?usp=sharing,1,99,FALSE,
54177,Friendlymen collection P4,https://xemtrai.top/friendlymen-collection-p4/,https://upload.xemtrai.top/2023/12/page-720x380.jpg,Straight guys; Thailand video,https://drive.google.com/drive/folders/178Zzz1sJhRO1JTpmIlhqXPA_4MsIfFeJ?usp=sharing,1,100,FALSE,
54135,Leebaron – Anh Huy x Jallgone,https://xemtrai.top/leebaron-anh-huy-x-jallgone/,https://upload.xemtrai.top/2023/12/Baron-Jallgone.mp4_20231209_204150.071-720x380.jpg,Gay video; Vietnam video,https://drive.google.com/file/d/1-raGVC0GcyvTImKFIV7aLnUYlqidhFFe/view?usp=sharing,1,100,FALSE,
54104,Lê Ngọc Minh – Fuck Pissing (chịch bot té đái),https://xemtrai.top/le-ngoc-minh-fuck-pissing-chich-bot-te-dai/,https://upload.xemtrai.top/2023/12/LeNgocMinh-x-Fuck-bot.mp4_20231208_202638.140-720x380.jpg,Gay video; Vietnam video,https://drive.google.com/file/d/1lYntHv_a1UgPAqhSqSGKvXeO3W0SVmsQ/view?usp=sharing,1,100,FALSE,
54067,Dr SeaChan x Batman P3,https://xemtrai.top/dr-seachan-x-batman-p3/,https://upload.xemtrai.top/2023/12/Seachan-x-Batman-P4-720x380.jpg,Straight guys; Vietnam video,https://drive.google.com/file/d/1dEIuCb-FN8ILr6AHmxBGcMOETk_qakKu/view?usp=sharing,1,100,FALSE,
54008,Friendlymen collection P3 – Koh Peerawich,https://xemtrai.top/friendlymen-collection-p3-koh-peerawich/,https://upload.xemtrai.top/2023/12/Friendly_men-720x380.jpg,Photo Set; Straight guys; Thailand photo; Thailand video,https://drive.google.com/file/d/1k0yN-dgpHfmdZHf5lVNO2bNJBdWl-D95/view?usp=sharing,1,100,FALSE,
53980,Leebaron – Anh Huy x TanTan Evan,https://xemtrai.top/leebaron-anh-huy-x-tantan-evan/,https://upload.xemtrai.top/2023/12/LeeBaronxTanTanEvan.mp4_20231205_194415.259-720x380.jpg,Gay video; Vietnam video,https://drive.google.com/file/d/1P2duyXgtV2-z8wmjiz1mDgsnUG2lROnE/view?usp=sharing,1,100,FALSE,
53940,Anh động đất chịch em nhân viên quán nước,https://xemtrai.top/anh-dong-dat-chich-em-nhan-vien-quan-nuoc/,https://upload.xemtrai.top/2023/12/Anhdongdat-720x380.jpg,Gay video; Vietnam video,https://drive.google.com/file/d/1KWEGdP63aGuvPSpflTDZUqNprl-Jr8DB/view?usp=sharing; https://drive.google.com/file/d/1F_34xxSJr26WuuG05YzDWBL8XFzguuTJ/view?usp=sharing,2,100,FALSE,
53920,Lê Ngọc Minh x Hot Fitness,https://xemtrai.top/le-ngoc-minh-x-hot-fitness/,https://upload.xemtrai.top/2023/12/LeNgocMinh-x-Hot-Fitness.mp4_20231203_204939.111-720x380.jpg,Gay video; Vietnam video,https://drive.google.com/file/d/1brEbAVtgp7JxGJWyW4a8le7yKAf9vFEt/view?usp=sharing,1,100,FALSE,
53884,Leebaron – Anh Huy x Sammy Sinsss,https://xemtrai.top/leebaron-anh-huy-x-sammy-sinsss/,https://upload.xemtrai.top/2023/12/LeebaronxSammysinsss.mp4_20231202_201737.639-720x380.jpg,Gay video; Vietnam video,https://drive.google.com/file/d/1tQ98p8DH_aCR-eTQB0gSXcxsy_yncwzG/view?usp=sharing,1,100,FALSE,
53834,Dr SeaChan x Batman P2,https://xemtrai.top/dr-seachan-x-batman-p2/,https://upload.xemtrai.top/2023/12/SeaChan-x-Batman2-720x380.jpg,Straight guys; Vietnam video,https://drive.google.com/file/d/1Ru8ELd1zpvKLQSnogmr1rEKFKuDhh1Mj/view?usp=sharing,1,100,FALSE,
53798,Leebaron – Anh Huy x Kadder,https://xemtrai.top/leebaron-anh-huy-x-kadder/,https://upload.xemtrai.top/2023/11/0hce85sj2zyeil4l2616e_720p.mp4_20231130_213112.317-720x380.jpg,Gay video; Vietnam video,https://drive.google.com/file/d/1dKkjjdqC9Iq5Dvb3oek1vvb9pdoFIaNt/view?usp=sharing,1,100,FALSE,
53741,Leebaron – Anh Huy x ProstatePro_Ken,https://xemtrai.top/leebaron-anh-huy-x-prostatepro_ken/,https://upload.xemtrai.top/2023/11/LeebaronxKen.mp4_20231129_202224.792-720x380.jpg,Gay video; Vietnam video,https://drive.google.com/file/d/1Icw8B6luL_2vF7BKIMoXBj-ja5T_fpaD/view?usp=sharing,1,100,FALSE,
53674,Anh động đất x Em sinh viên năm 2,https://xemtrai.top/anh-dong-dat-x-em-sinh-vien-nam-2/,https://upload.xemtrai.top/2023/11/pVphy0HY-anhdongdat-720x380.jpg,Gay video; Vietnam video,https://drive.google.com/file/d/1YeczaflbPzdAm8UjOYog_R0KzaAXTfDG/view?usp=sharing,1,100,FALSE,
53675,Hoa nắng boy – Hùng,https://xemtrai.top/hoa-nang-boy-hung/,https://upload.xemtrai.top/2023/11/hoanangboy-Hung2k5-720x380.jpg,Vietnam video,https://drive.google.com/file/d/1p4kHlkaookDKIupUkA_0BMgXdQ5OE_CO/view?usp=sharing,1,100,FALSE,
53653,Lê Ngọc Minh x Student,https://xemtrai.top/le-ngoc-minh-x-student/,https://upload.xemtrai.top/2023/11/Student2.mp4_20231127_201252.248-720x380.jpg,Gay video; Vietnam video,https://drive.google.com/file/d/10VnZ9oMULDj-mNHkTfh9J28yZo4HLDoe/view?usp=sharing,1,100,FALSE,
53573,Huntmag – The Cast Vol 8 (photo+video),https://xemtrai.top/huntmag-the-cast-vol-8-photovideo/,https://upload.xemtrai.top/2023/11/Thecast-08-720x380.jpg,Photo Set; Thailand photo; Thailand video,https://drive.google.com/drive/folders/1zv4WqVe1xha2QIXO7BA3_YKFWqTNxjWO?usp=sharing; https://drive.google.com/file/d/1FdjhqT58fp7yBMqI7r30PpnE0VgnOr-u/view?usp=sharing,2,100,FALSE,
53591,【OF】CHIN KOU 陳光,https://xemtrai.top/%e3%80%90of%e3%80%91chin-kou-%e9%99%b3%e5%85%89/,https://upload.xemtrai.top/2023/11/75335127_1691670403-720x380.jpg,Asia video; Gay video,https://drive.google.com/file/d/1cZTCTTUXCuq1iD3OWOoM7f4oKmfFyksl/view?usp=sharing,1,100,FALSE,
53559,Tony Hùng x TantanEvan,https://xemtrai.top/tony-hung-x-tantanevan/,https://upload.xemtrai.top/2023/11/TonyxTantanEvan.mp4_20231125_214047.367-720x380.jpg,Gay video; Vietnam video,https://drive.google.com/file/d/1-xvFdav7Lb06SDEZWDBjChXfpTBfrMlV/view?usp=sharing,1,100,FALSE,
53463,Dr SeaChan x JJJeawon – Hot boy Hàn Quốc,https://xemtrai.top/dr-seachan-x-jjjeawon-hot-boy-han-quoc/,https://upload.xemtrai.top/2023/11/Seachan-x-JJJeawon-720x380.jpg,Gay video; Vietnam video,https://drive.google.com/file/d/1SEjJdYfzPfXjvgP0VtzV1x-klADX4vmW/view?usp=sharing,1,101,FALSE,
53425,Anh động đất chịch em bot mê game,https://xemtrai.top/anh-dong-dat-chich-em-bot-me-game/,https://upload.xemtrai.top/2023/11/57uqK0vB-anh-dong-dat-720x380.jpg,Gay video; Vietnam video,https://drive.google.com/file/d/1YuOAbuFsWNcC0imeGeYAoD_ocb7EOJyn/view?usp=sharing; https://drive.google.com/file/d/169HwThYeNO3mAFhgPyJZWHoBt1pGte98/view?usp=sharing,2,101,FALSE,
53428,Hoa nắng boy – Huy x Dương,https://xemtrai.top/hoa-nang-boy-huy-x-duong/,https://upload.xemtrai.top/2023/11/zq7NsKhn-hoanang-720x380.jpg,Gay video; Vietnam video,https://drive.google.com/file/d/1hjgRuOmauawgVp0jQsx82rMlqf9otNPx/view?usp=sharing,1,101,FALSE,
53348,Leebaron – Anh Huy x Lê Nam,https://xemtrai.top/leebaron-anh-huy-x-le-nam/,https://upload.xemtrai.top/2023/11/Leebaron-x-LeNam.mp4_20231122_194922.231-720x380.jpg,Gay video; Vietnam video,https://drive.google.com/file/d/1TIaD7iNKPqGYhsC9x6vfxmd1f3yNmOkf/view?usp=sharing,1,101,FALSE,
53349,Leebaron – Lê Nam x Thai boy,https://xemtrai.top/leebaron-le-nam-x-thai-boy/,https://upload.xemtrai.top/2023/11/LeNam-x-Thai-boy.mp4_20231122_195708.323-720x380.jpg,Gay video; Vietnam video,https://drive.google.com/file/d/1Xo50wdSC9UltwjBRMJCnB2qqzoHdJQOp/view?usp=sharing,1,101,FALSE,
53338,【OF】SH SEOUL,https://xemtrai.top/%e3%80%90of%e3%80%91sh-seoul/,https://upload.xemtrai.top/2023/11/SEOUL-720x380.jpg,Asia video; Gay video,https://drive.google.com/file/d/1vYVgWpTYpj6NNCDEhhqDQLa5OvkRdZfc/view?usp=sharing,1,101,FALSE,
53296,Huntmag – The Cast Vol 7 (photo+video),https://xemtrai.top/huntmag-the-cast-vol-7-photovideo/,https://upload.xemtrai.top/2023/11/Thecast-07-720x380.jpg,Gay video; Photo Set; Thailand photo; Thailand video,https://drive.google.com/drive/folders/1r9J7lfsiy4VmoN26DlK0-2UqUY6NgkZl?usp=sharing; https://drive.google.com/file/d/1khRAY-HeVLhq08AMrIJxzrmf6ZOs2Jh8/view?usp=sharing,2,101,FALSE,
53297,Tony Hùng x Bikerz_mechanic | The call,https://xemtrai.top/tony-hung-x-bikerz_mechanic-the-call/,https://upload.xemtrai.top/2023/11/Tony-Hung-The-call.mp4_20231121_203038.016-720x380.jpg,Gay video; Vietnam video,https://drive.google.com/file/d/15JDBGdmjOhzBjJS7GdODGHikQA997JRw/view?usp=sharing,1,101,FALSE,
53298,Hoa nắng boy – Nhật x Huy P1,https://xemtrai.top/hoa-nang-boy-nhat-x-huy/,https://upload.xemtrai.top/2023/11/hoanang-720x380.jpg,Gay video; Vietnam video,https://drive.google.com/file/d/1_YJ3RhrlIlJbsW-2qAPkFYxg8aXdEvQC/view?usp=sharing,1,101,FALSE,
53242,"Leebaron – Lê Nam, Anh Huy sex threesome",https://xemtrai.top/leebaron-le-nam-anh-huy-sex-threesome/,https://upload.xemtrai.top/2023/11/98463167_1669090646-720x380.jpg,Gay video; Vietnam video,https://drive.google.com/file/d/1PlrHYnNZ_iUSw1TqJrCIlblyVYt43lIy/view?usp=sharing,1,101,FALSE,
53163,Tony Hùng x Leebaron (Anh Huy) | Camp,https://xemtrai.top/tony-hung-x-leebaron-anh-huy-camp/,https://upload.xemtrai.top/2023/11/TonyHung-x-Leebaron-720x380.jpg,Gay video; Vietnam video,https://drive.google.com/file/d/1YiL4ZpiRJwvqkzI8HtS4p3SIGAEYqXTr/view?usp=sharing,1,101,FALSE,
53127,Lê Ngọc Minh x Lạc Lạc,https://xemtrai.top/le-ngoc-minh-x-lac-lac/,https://upload.xemtrai.top/2023/11/LeNgocMinh-720x380.jpg,Gay video; Vietnam video,https://drive.google.com/file/d/1zU5itN4kmGzO7RJHKJayK-ibnlmNjs2I/view?usp=sharing,1,101,FALSE,
53084,Tony Hùng x Anh Cá Chép – Part 2,https://xemtrai.top/tony-hung-x-anh-ca-chep-part-2/,https://upload.xemtrai.top/2023/11/TonyxAnhcachepP2.mp4_20231117_204221.713-720x380.jpg,Gay video; Vietnam video,https://drive.google.com/file/d/1mZLw7BLQ-e8JV0nWLdwE6ZqzOnw30-p6/view?usp=sharing,1,101,FALSE,
53019,Nguyễn Tiến Quân x Bank,https://xemtrai.top/nguyen-tien-quan-x-bank/,https://upload.xemtrai.top/2023/11/NguyenTienQuan-x-Bank.mp4_20231116_193333.851-720x380.jpg,Gay video; Vietnam video,https://drive.google.com/file/d/1y3YLvYEkaPaTZ2pk97sGvGRZudtJ2P1D/view?usp=sharing,1,101,FALSE,
52946,Anh động đất ft bot xinh Mỹ Đình,https://xemtrai.top/anh-dong-dat-ft-bot-xinh-my-dinh/,https://upload.xemtrai.top/2023/11/nhbw9hmW-Anhdongdat-720x380.jpg,Gay video; Vietnam video,https://drive.google.com/file/d/1RY5h29-723EawxNmJXgfbVeVeodL40B1/view?usp=sharing,1,101,FALSE,
52916,"Shower Sneak Up – Ho Vinh Khoa, Rhonee & Tyler Rush (photo+video)",https://xemtrai.top/shower-sneak-up-ho-vinh-khoa-rhonee-tyler-rush-photovideo/,https://upload.xemtrai.top/2023/11/4-720x380.jpg,Europe photo; Gay video; Photo Set; Thailand photo; Vietnam photo; Vietnam video,https://drive.google.com/drive/folders/1Z91ViXq72Nj5U2wtM_cL-Yg-9Slffqam?usp=sharing; https://drive.google.com/file/d/1FTAi-qkVC0MeNB0zClUOONn1STZ0EKTC/view?usp=sharing,2,101,FALSE,
52922,Lê Ngọc Minh fucks Badboy,https://xemtrai.top/le-ngoc-minh-fucks-badboy/,https://upload.xemtrai.top/2023/11/LeNgocMinh-x-Badboy.mp4_20231114_203347.776-720x380.jpg,Gay video; Vietnam video,https://drive.google.com/file/d/1l4ieWso46f_M7kl0OGMcHJDM0lYJXSiM/view?usp=sharing,1,101,FALSE,
52870,OHM Jirapong x Gunn,https://xemtrai.top/ohm-jirapong-x-gunn/,https://upload.xemtrai.top/2023/11/7308751_1696673897-720x380.jpg,Gay video; Thailand video,https://drive.google.com/file/d/11w9YIjsnPVk_kdlhHuwGgcnbkI72Hkzb/view?usp=sharing,1,101,FALSE,
52782,Lê Ngọc Minh x Straight gymer,https://xemtrai.top/le-ngoc-minh-x-straight-gymer/,https://upload.xemtrai.top/2023/11/Le-Ngoc-Minh-720x380.jpg,Gay video; Vietnam video,https://drive.google.com/file/d/167aRXwasqT8gI-MewHR9wpbvzncgmC2P/view?usp=sharing,1,102,FALSE,
52785,Dr SeaChan x Sammysinsss,https://xemtrai.top/dr-seachan-x-sammysinsss/,https://upload.xemtrai.top/2023/11/8IkGXTly-SeaChan-720x380.jpg,Gay video; Vietnam video,https://drive.google.com/file/d/12BWBj-tuoHtl-vFqo0QwZgvotJhjtTYr/view?usp=sharing,1,102,FALSE,
52783,Anh động đất chịch em bot ngày và đêm,https://xemtrai.top/anh-dong-dat-chich-em-bot-ngay-va-dem/,https://upload.xemtrai.top/2023/11/ANhdongdat-720x380.jpg,Gay video; Vietnam video,https://drive.google.com/file/d/1APD0eQyunIifEO5jeDbY04cOROfqlmvN/view?usp=sharing,1,102,FALSE,
52726,LeeBaron ft Gabbie,https://xemtrai.top/leebaron-ft-gabbie/,https://upload.xemtrai.top/2023/11/Leebaron-x-Gabbie.mp4_20231110_210917.798-720x380.jpg,Gay video; Vietnam video,https://drive.google.com/file/d/1W_GHrBA6QuX0zlgpkdVVIkgq5Y2ouwY6/view?usp=sharing,1,102,FALSE,
52704,Hunt Series EP.23 – The Farmer (photo+video),https://xemtrai.top/hunt-series-ep-23-the-farmer-photovideo/,https://upload.xemtrai.top/2023/11/Hunt23-720x380.jpg,Gay video; Photo Set; Thailand photo; Thailand video,https://drive.google.com/drive/folders/14ibJaPdlyLxuDBry8Sx-wLSxHz5ZhDbZ?usp=sharing; https://drive.google.com/file/d/18oSzM9ddfcLya5m-4uEPbbq5wOHu_E2z/view?usp=sharing,2,102,FALSE,
52608,Huntmag – The Cast Vol 6 (photo+video),https://xemtrai.top/huntmag-the-cast-vol-6-photovideo/,https://upload.xemtrai.top/2023/11/Hunt-cast-06-720x380.jpg,Photo Set; Thailand photo; Thailand video,https://drive.google.com/drive/folders/1EwFoo4pTj9myVz2khV-5YjSxS7I4ATTe?usp=sharing; https://drive.google.com/file/d/1GZDDzR0QiwBC41G1LkGA2cDhxngOvBdO/view?usp=sharing; https://drive.google.com/file/d/15keF6JG2QSyVVYeqgFa2SR33Hht_3RZ0/view?usp=sharing,3,102,FALSE,
52571,Huntmag – The Cast Vol 5 | Christmas Dream (photo+video),https://xemtrai.top/huntmag-the-cast-vol-5-christmas-dream-photovideo/,https://upload.xemtrai.top/2023/11/THeCast-05-720x380.jpg,Photo Set; Thailand photo; Thailand video,https://drive.google.com/drive/folders/1G3KGO4yhrV9oqop8nM1WjIqJG29tDPlL?usp=sharing; https://drive.google.com/file/d/15V-U9s7aL1libmLAitaVv79en2w-BcgG/view?usp=sharing,2,102,FALSE,
52570,Huntmag – The Cast Vol 4 (photo+video),https://xemtrai.top/huntmag-the-cast-vol-4-photovideo/,https://upload.xemtrai.top/2023/11/The-Cast-04-720x380.jpg,Photo Set; Thailand photo; Thailand video,https://drive.google.com/drive/folders/1FQXq5yV7d7wO_vKwMUYPyqj6G80xi6Xq?usp=sharing; https://drive.google.com/file/d/1CQm4WsXqr5OZ44aK4hCUY1QvtlbTCK1o/view?usp=sharing; https://drive.google.com/file/d/13vvP2LaiIchKCMlnKRKqBOPBtZzX1OcX/view?usp=sharing,3,102,FALSE,
52552,Anh động đất chịch em sinh viên 2k4,https://xemtrai.top/anh-dong-dat-chich-em-sinh-vien-2k4/,https://upload.xemtrai.top/2023/11/anh-dong-dat-720x380.jpg,Gay video; Vietnam video,https://drive.google.com/file/d/1fjmg3Nl1roVTXm0b_5eXRRv6D6lBApBp/view?usp=sharing; https://drive.google.com/file/d/1HbjQPVTti6sH40JHzOTszigcWaaqKV1r/view?usp=sharing,2,102,FALSE,
52476,OHMJIRAPONG,https://xemtrai.top/ohmjirapong/,https://upload.xemtrai.top/2023/11/OHMIJRAPONG.mp4_20231105_210317.716-720x380.jpg,Gay video; Thailand video,https://drive.google.com/file/d/1RWMxZgNUFdEps3gBdt7jTBJQfzXZfXWh/view?usp=sharing,1,102,FALSE,
52329,Dr SeaChan x Hiroshi KOH,https://xemtrai.top/dr-seachan-x-hiroshi-koh/,https://upload.xemtrai.top/2023/11/SeaChan-720x380.jpg,Gay video; Vietnam video,https://drive.google.com/file/d/179bRVmuLoRkk8DHR3LnpZWVoomsBxqh3/view?usp=sharing,1,102,FALSE,
52328,Anh động đất chịch hot boy xăm trổ P2,https://xemtrai.top/anh-dong-dat-chich-hot-boy-xam-tro-p2/,https://upload.xemtrai.top/2023/11/page-720x380.jpg,Gay video; Vietnam video,https://drive.google.com/file/d/1aUfNfyW7ZMBajcVG8mvVaNd-PLwA8y4k/view?usp=sharing,1,102,FALSE,
52247,Anh động đất chịch khẩu dâm cực nứng,https://xemtrai.top/anh-dong-dat-chich-khau-dam-cuc-nung/,https://upload.xemtrai.top/2023/11/anhdongdat-khaudam-720x380.jpg,Gay video; Vietnam video,https://drive.google.com/file/d/1MdziAF5HBsvqbosrpA9Nn_3b6aYR9ISB/view?usp=sharing,1,102,FALSE,
52084,Nguyễn Tiến Quân x Tattoo boy,https://xemtrai.top/nguyen-tien-quan-x-tatto-boy/,https://upload.xemtrai.top/2023/10/NguyenTienQuan-x-Tatto-boy.mp4_20231031_200226.366-720x380.jpg,Gay video; Vietnam video,https://drive.google.com/file/d/1bpAtTmXt5gRDfWW1MsseIC7zY4nI5LYu/view?usp=sharing,1,102,FALSE,
52086,HailiJiang x Musclefitkvef,https://xemtrai.top/hailijiang-x-musclefitkvef/,https://upload.xemtrai.top/2023/10/HailiJiang-x-musclefitkvef.mp4_20231031_200641.908-720x380.jpg,Asia video; Gay video,https://drive.google.com/file/d/1daXe4YLdMfoXG7-tHJPKJFEgrznPNYiK/view?usp=sharing,1,102,FALSE,
52038,Lê Nam x Bank,https://xemtrai.top/le-nam-x-bank/,https://upload.xemtrai.top/2023/10/Le-Nam-x-bank.mp4_20231030_213016.011-720x380.jpg,Gay video; Vietnam video,https://drive.google.com/file/d/1l3GE2W-_zyBOJ6LGqw9r74eTvsX9XkKn/view?usp=sharing,1,102,FALSE,
52022,Lê Nam x Leebaron (Anh Huy),https://xemtrai.top/le-nam-x-leebaron-anh-huy/,https://upload.xemtrai.top/2023/10/le-nam-x-leebaron.mp4_20231030_204102.102-720x380.jpg,Gay video; Vietnam video,https://drive.google.com/file/d/1I8qg6LX8Ob6lNyrSNNLSf1lgJ7CPMz56/view?usp=sharing,1,102,FALSE,
51877,Dr SeaChan fucks slim boy,https://xemtrai.top/dr-seachan-fucks-slim-boy/,https://upload.xemtrai.top/2023/10/IH0B13LK-SeaChan-720x380.jpg,Gay video; Vietnam video,https://drive.google.com/file/d/15GB5J7iDr9vKvnopGehpBOKWtgzY-xd9/view?usp=sharing,1,102,FALSE,
51879,TylerWu x Nathan,https://xemtrai.top/tylerwu-x-nathan/,https://upload.xemtrai.top/2023/10/Tylerwu-x-Natna.mp4_20231029_202226.938-720x380.jpg,Asia video; Gay video,https://drive.google.com/file/d/1kXsnDmHEGyPz0mRcZGbjnVVsEK9m374G/view?usp=sharing,1,103,FALSE,
51878,Tantan Evan fucks Han Cross,https://xemtrai.top/tantan-evan-fucks-han-cross/,https://upload.xemtrai.top/2023/10/Han-Cross-and-Tantan-Evan-fuck.mp4_20231029_202314.388-720x380.jpg,Asia video; Gay video,https://drive.google.com/file/d/1B1Gjynk0xIp2QKCnc3k0XhvA3UojerAJ/view?usp=sharing,1,103,FALSE,
49987,Leebaron (Anh Huy) x Bank,https://xemtrai.top/leebaron-anh-huy-x-bank/,https://upload.xemtrai.top/2023/10/Leebaron-x-Bank.mp4_20231028_194801.904-720x380.jpg,Gay video; Vietnam video,https://drive.google.com/file/d/1wQfxWVmwM1Adwjn3E-lwvV4Ki-xeWZHI/view?usp=sharing,1,103,FALSE,
49986,"Lê Nam, Leebaron threesome",https://xemtrai.top/le-nam-leebaron-threesome/,https://upload.xemtrai.top/2023/10/1220076_1698058762-720x380.jpg,Gay video; Vietnam video,https://drive.google.com/file/d/1Fi9Z8G95gGEZVZwn9NAbSBXxGcA-M8zE/view?usp=sharing,1,103,FALSE,
49921,Anh động đất chịch em sinh viên ĐHQG,https://xemtrai.top/anh-dong-dat-chich-em-sinh-vien-dhqg/,https://upload.xemtrai.top/2023/11/anhdongdat-x-SV-dai-hoc-quoc-gia-720x380.jpg,Gay video; Vietnam video,https://drive.google.com/file/d/1lbV3jY_m4ubHBtnKxQEIqhrAv2qkCyRC/view?usp=sharing; https://drive.google.com/file/d/1JaSqcpGytUI05hYG3pGhHKPqE6ZSYtCO/view?usp=sharing,2,103,FALSE,
49867,HailiJiang x Maioak,https://xemtrai.top/hailijiang-x-maioak/,https://upload.xemtrai.top/2023/10/HailiHiang-x-Maioakabr.mp4_20231026_220846.176-720x380.jpg,Asia video; Gay video,https://drive.google.com/file/d/1S9lXWOC_0vLZMqCbONnqQsS6Knh_QMFX/view?usp=sharing,1,103,FALSE,
49829,Anh động đất chịch em bot đẹp trai,https://xemtrai.top/anh-dong-dat-chich-em-bot-dep-trai/,https://upload.xemtrai.top/2023/10/Anh-dong-dat-720x380.jpg,Gay video; Vietnam video,https://drive.google.com/file/d/14AG-yaog9X_lpTBLElstI6SHJqje9ZS1/view?usp=sharing,1,103,FALSE,
49830,HailiJiang x Arm,https://xemtrai.top/hailijiang-x-arm/,https://upload.xemtrai.top/2023/10/Haili-x-Arm-720x380.jpg,Asia video; Gay video,https://drive.google.com/file/d/15tz32NO4OGXF_hcVflAlb8MdWeKXmC9w/view?usp=sharing,1,103,FALSE,
49693,Dr SeaChan x Batman,https://xemtrai.top/of-seachan_vn56-dr-seachan-x-batman/,https://upload.xemtrai.top/2023/10/SeaChan-BatMan-720x380.jpg,Gay video; Straight guys; Vietnam video,https://drive.google.com/file/d/1rkMZx1FNOLX5bN30Y_kvR8cphHGVO75G/view?usp=share_link,1,103,FALSE,
49692,Dr SeaChan x Top mình dây P2,https://xemtrai.top/of-seachan_vn56-dr-seachan-x-top-minh-day-2/,https://upload.xemtrai.top/2023/10/SeaChan-720x380.jpg,Gay video; Vietnam video,https://drive.google.com/file/d/1TNveNgbuwOzCGeL8tpyCFiOOMTPQrg3i/view?usp=share_link,1,103,FALSE,
49625,Anh động đất chịch em bot dâm 60 phút,https://xemtrai.top/anh-dong-dat-chich-em-bot-dam-60-phut/,https://upload.xemtrai.top/2023/10/DeLxNCJH-Anhdongdat-720x380.jpg,Gay video; Vietnam video,https://drive.google.com/file/d/1pE1vSaxNUXtG-WZ9xFMmGWHeWKgmOOl-/view?usp=share_link; https://drive.google.com/file/d/10cHsCGNQ7F3uOmdAcNT9Gro9JZ9Ns5Uk/view?usp=share_link; https://drive.google.com/file/d/1MOsaijLDILIZHONakpfYtNM0k68o0a4E/view?usp=share_link; https://drive.google.com/file/d/1EQVb1UOSFhH-UayxQjyCJQn4V6rc9Fqj/view?usp=share_link,4,103,FALSE,
49509,Huntmag – The Feast (photo+video),https://xemtrai.top/huntmag-the-feast-photovideo/,https://upload.xemtrai.top/2023/10/The-Feast-1-720x380.jpg,Gay video; Photo Set; Thailand photo; Thailand video,https://drive.google.com/drive/folders/1dhuCHVkRRsF1Kbu8WWAhF9VOZN3siCMr?usp=share_link; https://drive.google.com/file/d/1UVu3xSQiFWVYTfH70883Gq10Lxk7HTIc/view?usp=share_link,2,103,FALSE,
49510,Pinky Quoc Nguyen – Worship body,https://xemtrai.top/pinky-quoc-nguyen-worship-body/,https://upload.xemtrai.top/2023/10/Pinky-Wordship-720x380.jpg,Straight guys; Vietnam video,https://drive.google.com/file/d/1c1s6--X0kn5WV8n9bHSLd7zBXoxSHc10/view?usp=share_link; https://drive.google.com/file/d/1-SY170JnWpk6D1Yy2JZgvl2GhLBHXb68/view?usp=share_link,2,103,FALSE,
49426,Alantopman x HailiJiang,https://xemtrai.top/alantopman-x-hailijiang/,https://upload.xemtrai.top/2023/10/Haili-x-Alantopman.mp4_20231020_211257.291-720x380.jpg,Asia video; Gay video,https://drive.google.com/file/d/1FIFpiFmK_K6tGKAHZ6vYW0fNffqsSwXP/view?usp=share_link,1,103,FALSE,
49302,"The boy next door 2 – Ho Vinh Khoa, Rhonee & KamrenKline (photo+video)",https://xemtrai.top/the-boy-next-door-2-ho-vinh-khoa-rhonee-kamrenkline-photovideo/,https://upload.xemtrai.top/2023/10/1-720x380.png,Europe photo; Gay video; Photo Set; Thailand photo; Vietnam photo; Vietnam video,https://drive.google.com/drive/folders/1q-Bgq2pZTJR-zSMRAhE6cwHVLALh9oej?usp=share_link; https://drive.google.com/file/d/1msd7J8W-YAdmR_CEeMiYO4fDDNn-IaJ1/view?usp=share_link,2,103,FALSE,
49300,Anh động đất chịch hot boy xăm trổ mông to,https://xemtrai.top/anh-dong-dat-chich-hot-boy-xam-tro-mong-to/,https://upload.xemtrai.top/2023/10/K26FYuya-ANhdongdat-720x380.jpg,Gay video; Vietnam video,https://drive.google.com/file/d/1EBGIhVpfmzZmzWZAO1Qg3t9GZ6XbVQhw/view?usp=share_link,1,103,FALSE,
49227,Tony Hùng x HailiJiang,https://xemtrai.top/tony-hung-x-hailijiang/,https://upload.xemtrai.top/2023/10/Tony-x-Haili.mp4_20231018_205913.765-720x380.jpg,Gay video; Vietnam video,https://drive.google.com/file/d/18sTUj1xtjdhbyBGG69Y7prhfA75kdlEt/view?usp=share_link,1,103,FALSE,
49178,Anh động đất chơi 2 em bot sinh viên năm nhất,https://xemtrai.top/anh-dong-dat-choi-2-em-bot-sinh-vien-nam-nhat/,https://upload.xemtrai.top/2023/10/ANhdongdat-720x380.jpg,Gay video; Vietnam video,https://drive.google.com/file/d/1dwiZKSBVlpoJseLH8GqAAkk1WuASSP55/view?usp=sharing; https://drive.google.com/file/d/1OWlTSxal32phjQYMBtdTeJUmo0HId0fO/view?usp=sharing; https://drive.google.com/file/d/1G3sm1ufnaR6MHSr6gbuJqc8ySFsovAph/view?usp=sharing,3,103,FALSE,
48976,HailiJiang x PT Hunjacki,https://xemtrai.top/hailijiang-x-pt-hunjacki/,https://upload.xemtrai.top/2023/10/HailiJiang-x-Hunjacki-P2.mp4_20231015_221152.562-720x380.jpg,Asia video; Gay video,https://drive.google.com/file/d/1S97j-vQ6OoWVFy15-nl4SufRMibEusO0/view?usp=sharing; https://drive.google.com/file/d/1bnBhIdezGCFj5j82CyDkPpiHmildcmKW/view?usp=sharing,2,104,FALSE,
48878,OF Bevis.asian – Đức Vương và bác sĩ,https://xemtrai.top/of-bevis-asian-duc-vuong-va-bac-si-de/,https://upload.xemtrai.top/2023/10/Duc-Vuong-va-bac-si.mp4_20231015_141023.657-720x380.jpg,Straight guys; Vietnam video,https://drive.google.com/file/d/1B_7k1XbBrUgKQ2K5o5sry7V1-qizsTet/view?usp=sharing,1,104,FALSE,
48805,Leebaron (Anh Huy) x HailiJiang,https://xemtrai.top/leebaron-anh-huy-x-haili/,https://upload.xemtrai.top/2023/10/9-720x380.jpg,Gay video; Vietnam video,https://drive.google.com/file/d/1HcCz4Xy0e--m2pzhSj9QQ9geFTaM4T2Z/view?usp=sharing; https://drive.google.com/file/d/1bUxqC8tQhsQ6OAsFV_O_Aw1IhPRqd3Pb/view?usp=sharing,2,104,FALSE,
48767,Pinky Quoc Nguyen x Lê Ngọc Minh three some,https://xemtrai.top/pinky-quoc-nguyen-x-le-ngoc-minh-three-some/,https://upload.xemtrai.top/2023/10/Pinky-x-Le-Ngoc-Minh-3-some-P2.mp4_20231013_210905.288-720x380.jpg,Gay video; Vietnam video,https://drive.google.com/file/d/1OvObmEZU9gzcEb1gC_5sdunGItRxRuFz/view?usp=sharing; https://drive.google.com/file/d/1kTISjVV73KiQHGCvyWl-QW_64gIqDWJY/view?usp=sharing,2,104,FALSE,
48602,OF seachan_vn56 – Dr SeaChan x Tantan evan,https://xemtrai.top/of-seachan_vn56-dr-seachan-x-tantan-evan/,https://upload.xemtrai.top/2023/10/SeaChanxTantanEvan-720x380.jpg,Gay video; Vietnam video,https://drive.google.com/file/d/1WnjzCQOgu5DRGrmgXNIzXG5V5RHHeZo1/view?usp=sharing,1,104,FALSE,
48604,OF seachan_vn56 – Dr SeaChan x Top mình dây,https://xemtrai.top/of-seachan_vn56-dr-seachan-x-top-minh-day/,https://upload.xemtrai.top/2023/10/SeaChan-x-top-minh-day-720x380.jpg,Gay video; Vietnam video,https://drive.google.com/file/d/1Pxg6LjYeMzjyj1urHHfGXtty8EhWXU_p/view?usp=sharing,1,104,FALSE,
48499,Anh động đất chơi 3some,https://xemtrai.top/anh-dong-dat-choi-3some/,https://upload.xemtrai.top/2023/10/Anhdongdat-3some-720x380.jpg,Gay video; Vietnam video,https://drive.google.com/file/d/1sX0GAlC6XarOYN56CbwoNBWwE-LEwool/view?usp=sharing; https://drive.google.com/file/d/1W5ybacV7T7zcFQVIGA9vBqJgfVHXB7M3/view?usp=sharing,2,104,FALSE,
48329,Nguyễn Tiến Quân x HailiJiang,https://xemtrai.top/nguyen-tien-quan-x-haili/,https://upload.xemtrai.top/2023/10/NguyenTienQUan-720x380.jpg,Gay video; Vietnam video,https://drive.google.com/file/d/1k6t4sz3BBLa8D9vcUsy1vcIRaK5NWZVY/view?usp=drive_link,1,104,FALSE,
48267,GNEWS-001,https://xemtrai.top/gnews-001/,https://upload.xemtrai.top/2023/10/z4739387609895_a3f6b5a806a2eb7fa865a2ce97fe7282-720x380.jpg,Asia video; Gay video,https://drive.google.com/file/d/1HcKhPOpiT-AMscLi-c8_S9uXc82TqGYf/view?usp=sharing,1,104,FALSE,
48132,WingHong Tang with CHIANG & KONGLAH,https://xemtrai.top/winghong-tang-with-chiang-konglah/,https://upload.xemtrai.top/2023/10/Winghong-Tang-720x380.jpg,Asia video; Gay video; Hongkong photo; Photo Set,https://drive.google.com/drive/folders/1bJkx98wMmdf8WkGnCkwAeySmlUd7lAj1?usp=sharing; https://drive.google.com/drive/folders/1tffr6lh4ITwKZMq-T6SNKqmCxE-9NFM-?usp=sharing,2,104,FALSE,
47511,Vincent Hong fucks Thai boy,https://xemtrai.top/vincent-hong-fucks-thai-boy/,https://upload.xemtrai.top/2023/09/RDuyjXZ3-Hong-720x380.jpg,Asia video; Gay video,https://drive.google.com/file/d/17k1hM51Ju-vRy23blhw7uTZEFrdbYICr/view?usp=sharing,1,104,FALSE,
47510,Vincent Hong fucks Tyler Wu,https://xemtrai.top/vincent-hong-fucks-tyler-wu/,https://upload.xemtrai.top/2023/09/Vicent-Tang-fucks-Tyler-Wu.mp4_20230929_211324.472-720x380.jpg,Asia video; Gay video,https://drive.google.com/file/d/14DpMGaPGOhcEC0uyx1Cdmsdmf0lpVcLL/view?usp=sharing,1,104,FALSE,
47480,Anh động đất x SV đại học sân khấu điện ảnh,https://xemtrai.top/anh-dong-dat-x-sv-dai-hoc-san-khau-dien-anh/,https://upload.xemtrai.top/2023/09/anhdongdat-bot-shskda-720x380.jpg,Gay video; Vietnam video,https://drive.google.com/file/d/1nXJ8IDN9noyKTnlRXdXvT5TK80ymX2un/view?usp=sharing,1,104,FALSE,
47400,OF Anh động đất x SV Đại học kiến trúc,https://xemtrai.top/of-anh-dong-dat-x-sv-dai-hoc-kien-truc/,https://upload.xemtrai.top/2023/09/anhdongdat-720x380.jpg,Gay video; Vietnam video,https://drive.google.com/file/d/1SgOX2V3cocEet6XDMKqKfHF4MngyT64-/view?usp=sharing,1,104,FALSE,
47341,Nguyễn Tiến Quân chịch Bot dâm Cheese,https://xemtrai.top/nguyen-tien-quan-chich-bot-dam-cheese/,https://upload.xemtrai.top/2023/09/4DLtUZ5-Sao-chep.jpeg,Gay video; Vietnam video,https://drive.google.com/file/d/1H3jS6UD6smRV2DPRg0MyuSsw3TLeTYgW/view?usp=sharing,1,104,FALSE,
46890,Nguyễn Tiến Quân x Johnny Chen,https://xemtrai.top/nguyen-tien-quan-x-johnny-chen/,https://upload.xemtrai.top/2023/09/9月23日.mp4_20230923_203829.080-720x380.jpg,Gay video; Vietnam video,https://drive.google.com/file/d/1YEQXymTF-SSfPMKYDnK_j4nO0lEnw_6a/view?usp=sharing,1,104,FALSE,
46804,Hunt Series EP.22 – The Masseur (photo+video),https://xemtrai.top/hunt-series-ep-22-the-masseur-photovideo/,https://upload.xemtrai.top/2023/09/hunt22-720x380.jpg,Gay video; Photo Set; Thailand photo; Thailand video,https://drive.google.com/drive/folders/137rhl9uFmQl6nUs-HXYEeXame4fj8hyl?usp=sharing; https://drive.google.com/file/d/19SwR0zVN3oWd346V15dirtduX-mzhPZt/view?usp=sharing,2,104,FALSE,
46745,OF Pinky Quoc Nguyen – Relaxing Staff,https://xemtrai.top/of-pinky-quoc-nguyen-relaxing-staff/,https://upload.xemtrai.top/2023/09/PinkyNguyen-Relaxing-Staff.mp4_20230920_201839.075-720x380.jpg,Girl video; Vietnam video,https://drive.google.com/file/d/1-FUxqEEdjEATUsNb6NEEzS27tavv-dPV/view?usp=sharing,1,104,FALSE,
46747,Friendlymen collection P2,https://xemtrai.top/friendlymen-collection-p2/,https://upload.xemtrai.top/2023/09/Friendlyhotmen-720x380.jpg,Straight guys; Thailand video,https://drive.google.com/file/d/13Tf8hPM9E8TvtWyNwwcis_YWrfVzgiLv/view?usp=sharing,1,105,FALSE,
46716,Blind Fold & Fuck Me – Ho Vinh Khoa & Rhonee (photo+video),https://xemtrai.top/blind-fold-fuck-me-ho-vinh-khoa-rhonee/,https://upload.xemtrai.top/2023/09/HoVinhKhoa-chich-720x380.jpg,Photo Set; Thailand photo; Vietnam photo; Vietnam video,https://drive.google.com/drive/folders/1zjRdk9IaAVBOdW0qdz6CEOyVI6Qau9f8?usp=sharing; https://drive.google.com/file/d/1SLurbonRknEc9Wq9ml01qwZ3xPLerCpt/view?usp=sharing,2,105,FALSE,
46699,Hunt Series EP.12 – Toxic flower (photo+video),https://xemtrai.top/hunt-series-ep-12-toxic-flower-photovideo/,https://upload.xemtrai.top/2023/09/1442x2160_b7aadf82e3dfbc40c208af7a64d8cf9b6600785de81a35ef15d-720x380.jpg,Gay video; Photo Set; Thailand photo; Thailand video,https://drive.google.com/drive/folders/1AzD-PSDqKaxm6kqfxcwk06BgZQovrmrL?usp=sharing; https://drive.google.com/file/d/1THKEd4dO9b4OTPmP7z5l7f_y2vkG-wm1/view?usp=sharing,2,105,FALSE,
44793,Hunt Series EP.13-2 – The Barber (photo+video),https://xemtrai.top/of-huntmag/,https://upload.xemtrai.top/2023/08/61454041_1672303886-720x380.jpg,Gay video; Photo Set; Thailand photo; Thailand video,https://drive.google.com/drive/folders/118GFFDuOm-kYHlIa_QkJlVvYj50WveNg?usp=sharing; https://drive.google.com/file/d/1uD2fWPzgXmcQr3YI8_199-mpDZK9wKbZ/view?usp=sharing,2,105,FALSE,
46443,Hunt Series EP.08 – The Master & His Slave (photo+video),https://xemtrai.top/hunt-series-ep-08-the-horny-master-his-slave-photovideo/,https://upload.xemtrai.top/2023/09/Hunt-Series-8-1-720x380.jpg,Gay video; Photo Set; Thailand photo; Thailand video,https://drive.google.com/drive/folders/1R_Bf1qcfiLLRUoOdgs-jPzsRxt3F9LAJ?usp=sharing; https://drive.google.com/file/d/1P4eBJWPQXg0LcjfgtRxrDo1xZKyV4KrJ/view?usp=sharing,2,105,FALSE,
46344,Friendlymen collection P1 – Tamp,https://xemtrai.top/friendlymen-collection-p1-tamp/,https://upload.xemtrai.top/2023/09/Tamp-cover-720x380.jpg,Photo Set; Straight guys; Thailand photo; Thailand video,https://drive.google.com/drive/folders/1HVYK5B3pI2Fg829rIwHU9LZcBGxu6fnU?usp=sharing; https://drive.google.com/file/d/1Ny29eDIjI8gQSDX04CeSpW4HCcTu6m2O/view?usp=sharing; https://drive.google.com/file/d/1tIQ5dtNFBeCRNrBk9yMC9su91OYMTe-2/view?usp=sharing,3,105,FALSE,
46308,Hunt Series EP.07-2 – The Doctor 2 (photo+video),https://xemtrai.top/hunt-series-ep-07-2-the-doctor-2-photovideo/,https://upload.xemtrai.top/2023/09/HUnt7-2-13-720x380.jpg,Gay video; Photo Set; Thailand photo; Thailand video,https://drive.google.com/drive/folders/1VeE8D_BCp2c27PrurLZ3ZQeBjjHbgDZo?usp=sharing; https://drive.google.com/file/d/1--r9XKzn9a7YxCCpr05StFU4QsGevSpp/view?usp=sharing,2,105,FALSE,
46325,Nguyễn Tiến Quân x Top Âu Josh,https://xemtrai.top/nguyen-tien-quan-x-top-au-josh/,https://upload.xemtrai.top/2023/09/HOATVOwF-1.jpg,Gay video; Vietnam video,https://drive.google.com/file/d/1XP1AOn2cP1OdXpyMIiLlpkrZAK1d5Chr/view?usp=drive_link,1,105,FALSE,
46231,Hunt Series EP.15-2 – The Glory Holes (photo+video),https://xemtrai.top/hunt-series-ep-15-2-the-glory-holes-photovideo/,https://upload.xemtrai.top/2023/09/Hunt15.2-720x380.jpg,Gay video; Photo Set; Thailand photo; Thailand video,https://drive.google.com/drive/folders/1ncG4ygdc0vMOY4yxjKX_nqhEOG4mqtAf?usp=sharing; https://drive.google.com/file/d/1-UdQwexmqPq46q84VJci0CfcUDtoCI8G/view?usp=sharing; https://drive.google.com/file/d/1nHNEK9tEiqIAIMav_Gd9NOJr_SSzH4IY/view?usp=sharing; https://drive.google.com/file/d/11K07mnXccGRM8rkT8zbEfzabiLLpwniQ/view?usp=sharing,4,105,FALSE,
46196,Hunt Series EP.15-1 – The Toilet (photo+video),https://xemtrai.top/hunt-series-ep-15-1-the-toilet-photovideo/,https://upload.xemtrai.top/2023/09/Hunt15.1-720x380.jpg,Gay video; Photo Set; Thailand photo; Thailand video,https://drive.google.com/drive/folders/1QwwE3b9QAvSuaF2PQAVWPgp6bpkLviwP?usp=sharing; https://drive.google.com/file/d/1K-C8aWLwJIuqQXkK-kt-b00STvxruUK4/view?usp=sharing; https://drive.google.com/file/d/17hvVJ3cQWqwg0Op9bbBXhWORf41-RUKo/view?usp=sharing; https://drive.google.com/file/d/1JqWulSBUsIRCk3jpd5xBmjhon9mZkct7/view?usp=sharing; https://drive.google.com/file/d/15l9fyvYILGRUqb_Iz17oK9AKTL3SVb6w/view?usp=sharing; https://drive.google.com/file/d/1nCErigAvrfNS3OwhHCHyBM-QW_CpTCKK/view?usp=sharing,6,105,FALSE,
46054,Hunt Series EP.07-1 – The Doctor | The Cast 2 (photo + update video),https://xemtrai.top/the-cast-vol-2-photo/,https://upload.xemtrai.top/2023/09/The-Cast-02-1-720x380.jpg,Photo Set; Thailand photo; Thailand video,https://drive.google.com/drive/folders/1ucQ75LNOEFuQmsMBLxn7fKIYV34YM_g1?usp=sharing; https://drive.google.com/file/d/1yLQuUa3HKMJk8Q7ehcIFp32d1RJIaI9_/view?usp=sharing,2,105,FALSE,
46143,The Trainer – Tony Hùng x Gabbies,https://xemtrai.top/the-trainer-tony-hung-x-gabbies/,https://upload.xemtrai.top/2023/09/The-Trainer-Tony-Gabbies.mp4_20230911_201544.426-720x380.jpg,Gay video; Vietnam video,https://drive.google.com/file/d/1y3lS1S-3d39KsD7hunlkNtCG2e6ny_wm/view?usp=sharing,1,105,FALSE,
46130,OF Bevis.asian – Trần Đức Vương & AlexMagicHands (video),https://xemtrai.top/of-bevis-asian-tran-duc-vuong-alexmagichands-video/,https://upload.xemtrai.top/2023/09/N6BzYWU2-page-720x380.jpg,Straight guys; Vietnam video,https://drive.google.com/file/d/1MLZRRnMl7M5Eh_JUj7BGz344OJW_GAxJ/view?usp=sharing,1,105,FALSE,
46112,Hunt Series EP.21 – The Wakashu (photo+video),https://xemtrai.top/hunt-series-ep-21-the-wakashu-photovideo/,https://upload.xemtrai.top/2023/09/Hunt21-720x380.jpg,Gay video; Photo Set; Thailand photo; Thailand video,https://drive.google.com/drive/folders/1kbQRKlJoq0kxzADRY0MWbu4IWGT8awpC?usp=sharing; https://drive.google.com/file/d/15b5F92UcAwTZp2k8e2Arakl_Zq3nBIk9/view?usp=sharing,2,105,FALSE,
46038,Hunt Series EP.06 – The Patient (photo+video),https://xemtrai.top/hunt-series-ep-06-the-patient-photovideo/,https://upload.xemtrai.top/2023/09/Hunt6-720x380.jpg,Gay video; Photo Set; Thailand photo; Thailand video,https://drive.google.com/drive/folders/1c23JDBe_foIQRX4LmS3cv8QZ36KL_P3i?usp=sharing; https://drive.google.com/file/d/1MXdVP5jn7j9MG5ccW5kdy81R8Dx8Bo2O/view?usp=sharing,2,105,FALSE,
46042,China-VietSub | Thầy giáo chủ nhiệm mới của Hen,https://xemtrai.top/china-vietsub-thay-giao-chu-nhiem-moi-cua-hen/,https://upload.xemtrai.top/2023/09/China-Vietsub-Thay-giao-chu-nhiem-moi-cua-Hen.mp4_20230909_195412.314-1-720x380.jpg,Gay video; VietSub video,https://drive.google.com/file/d/1U1LHf6D18CkAY1rcfoVMN5PX0pKCHCQ1/view?usp=sharing,1,105,FALSE,
45983,Tony Hùng x Reborn,https://xemtrai.top/tony-hung-x-reborn/,https://upload.xemtrai.top/2023/09/Tony-Hung-x-Reborn.mp4_20230907_204133.310-1-720x380.jpg,Gay video; Vietnam video,https://drive.google.com/file/d/12LOy8jUE1bdSbF6fzscMML2wZ25NPSwx/view?usp=sharing,1,105,FALSE,
45925,Hunt Series EP.16 – The Party (photo+video),https://xemtrai.top/hunt-series-ep-16-the-party-photovideo/,https://upload.xemtrai.top/2023/09/HuntSeries-EP16-2-720x380.jpg,Gay video; Photo Set; Thailand photo; Thailand video,https://drive.google.com/drive/folders/1SDKMPX7KpdLlvp9voWGU5yb92HsFmxpf?usp=sharing; https://drive.google.com/file/d/1pCKy9h5mPazzG9DcceUCpYXFi_obUPib/view?usp=sharing; https://drive.google.com/file/d/1L8hhf3VdeG0Qnj3yyvg3Vu7skDKGrWO4/view?usp=sharing; https://drive.google.com/file/d/1gfuPpRcmkt6DAyErATLErTHSz-laAYaK/view?usp=sharing; https://drive.google.com/file/d/15ZGu2kFPdhzjzLdKm9IVsHGjhrD7qO7e/view?usp=sharing,5,105,FALSE,
45848,Nguyễn Tiến Quân x Edwin,https://xemtrai.top/nguyen-tien-quan-x-edwin/,https://upload.xemtrai.top/2023/09/Nguyen-Tien-Quan-x-Edwin.mp4_20230904_193426.328-720x380.jpg,Gay video; Vietnam video,https://drive.google.com/file/d/1ju45YUnTPWJzKKCpuNrmOFAjTyudz5Q7/view?usp=sharing,1,106,FALSE,
45782,Lê Nam fucks bot sinh viên,https://xemtrai.top/le-nam-fucks-bot-sinh-vien/,https://upload.xemtrai.top/2023/09/LeNam-fucks-bot-sinh-vien.mp4_20230902_200735.868-720x380.jpg,Gay video; Vietnam video,https://drive.google.com/file/d/1AyHHQoy5dyizLJay_PALNcwSMyAPlHSc/view?usp=sharing,1,106,FALSE,
45736,Hunt Series EP.20 – The Warrior (photo+video),https://xemtrai.top/hunt-series-ep-20-warrior-photovideo/,https://upload.xemtrai.top/2023/09/Hunt20-720x380.jpg,Gay video; Photo Set; Thailand photo; Thailand video,https://drive.google.com/drive/folders/18_bBiDxV6LG-wsZKS_kffOyPpELzwrfQ?usp=sharing; https://drive.google.com/file/d/1jQeXX0-p9Zm6WyX6pJei-a4G21gCIY4h/view?usp=sharing,2,106,FALSE,
45671,Sexmenx fucks Leebaron (Anh Huy),https://xemtrai.top/sexmenx-fucks-leebaron-anh-huy/,https://upload.xemtrai.top/2023/08/Leebaron-ft-semenx.mp4_20230831_201959.467-720x380.jpg,Gay video; Vietnam video,https://drive.google.com/file/d/1-l_pZt64YHyTWaS4A9piuHL7WSbnnWa8/view?usp=sharing,1,106,FALSE,
45670,Nguyễn Tiến Quân fucks Tony Hùng – Sofa to bed,https://xemtrai.top/nguyen-tien-quan-fucks-tony-hung-sofa-to-bed/,https://upload.xemtrai.top/2023/08/Tony-NguyenTienQuan.mp4_20230831_202143.657-720x380.jpg,Gay video; Vietnam video,https://drive.google.com/file/d/1AiqHfvd_Y5vMcchTvqbQR9V5HCNZbsI1/view?usp=sharing,1,106,FALSE,
45601,Hunt Series EP.05 – The Clinic (photo+video),https://xemtrai.top/hunt-series-ep-05-the-clinic-photovideo/,https://upload.xemtrai.top/2023/08/1630341717-08a2a6d431a30d1AAA-720x380.jpg,Gay video; Photo Set; Thailand photo; Thailand video,https://drive.google.com/drive/folders/1463yAfnivUKgw8NDH1IXrDtxCVrm9tX8?usp=sharing; https://drive.google.com/file/d/1Kvld-ItNuahZbviVC1O6MF18kH7LdHKd/view?usp=sharing,2,106,FALSE,
45489,OF Anh động đất x Top menly,https://xemtrai.top/of-anh-dong-dat-x-top-menly/,https://upload.xemtrai.top/2023/08/anhdongdat-720x380.jpg,Gay video; Vietnam video,https://drive.google.com/file/d/1bKVSiuGqp3HpSbdca7LUH9EBn18TqYUn/view?usp=sharing; https://drive.google.com/file/d/1WioebEoKGM7xkyhmV_eCrfPbidOxaAHm/view?usp=sharing,2,106,FALSE,
45440,OF Bevis.asian – Compromise | Trần Đức Vương (video),https://xemtrai.top/of-bevis-asian-compromise-tran-duc-vuong-video/,https://upload.xemtrai.top/2023/08/TranDucVuong-Compromise.mp4_20230827_190012.536-1-720x380.jpg,Straight guys; Vietnam video,https://drive.google.com/file/d/1X4PjqXv9o0IzRZ6cj3y2wtTzQGXTctYz/view?usp=sharing,1,106,FALSE,
45432,Tony Lee collection – Tony Hùng x Yesbear (photo+video),https://xemtrai.top/tony-lee-collection-tony-hung-x-yesbear-photovideo/,https://upload.xemtrai.top/2023/08/bVQPmI3I-12-720x380.jpg,Gay video; Photo Set; Thailand photo; Vietnam photo; Vietnam video,https://drive.google.com/drive/folders/1s973gJS2Oao9tFfEeKE-GuVovGO7lS3m?usp=sharing; https://drive.google.com/file/d/1XHR3LbzjwFmZ5buZkba6qv_JPTWrlLi0/view?usp=sharing,2,106,FALSE,
45377,Chinnakorn Saukaew solo (bigbank2535),https://xemtrai.top/chinnakorn-saukaew-solo-bigbank2535/,https://upload.xemtrai.top/2023/08/bigbank-2535-720x380.jpg,Solo; Thailand video,https://drive.google.com/file/d/1SKBHvEUcgMjlqtdSVz3AvruJczdura8g/view?usp=sharing,1,106,FALSE,
45326,Hunt Series EP.19 – The boulanger (photo+video),https://xemtrai.top/hunt-series-ep-19-the-boulanger-photovideo/,https://upload.xemtrai.top/2023/08/Hunt19-720x380.jpg,Gay video; Photo Set; Thailand photo; Thailand video,https://drive.google.com/drive/folders/1HcA1kQZKAahXwIE1IKIgAWcDXWA9bSku?usp=sharing; https://drive.google.com/file/d/1T8rbbwkHMzIkhJBtQNfys7iNKQ9mmGhs/view?usp=sharing; https://drive.google.com/file/d/1GBCQxKgQfooyYES5F6g2wlM_kx8pQM-z/view?usp=sharing,3,106,FALSE,
45302,OF Pinky Quoc Nguyen – Lewd dream,https://xemtrai.top/of-pinky-quoc-nguyen-lewd-dream/,https://upload.xemtrai.top/2023/08/8月23日.mp4_20230823_194259.426-720x380.jpg,Straight guys; Vietnam video,https://drive.google.com/file/d/12eTD3bsL8rpdaAuhjafsyOunn-z7JP3O/view?usp=sharing,1,106,FALSE,
45268,Hunt Series EP.18 – The REPAIRMAN (photo+video),https://xemtrai.top/hunt-series-ep-18-the-repairman-photovideo/,https://upload.xemtrai.top/2023/08/HUnt18-720x380.jpg,Gay video; Photo Set; Thailand photo; Thailand video,https://drive.google.com/drive/folders/1KdW_8SZBtOJ1pjlE2oFGuLbZHHi5GtW8?usp=sharing; https://drive.google.com/file/d/1y5GBVVkmxJlu8k23J2uBLkHBvBfUJ0tW/view?usp=sharing,2,106,FALSE,
45237,Hunt Series EP.09 – The Party (video),https://xemtrai.top/hunt-series-ep-09-the-party-video/,https://upload.xemtrai.top/2023/08/HUnt9-720x380.jpg,Gay video; Thailand video,https://drive.google.com/file/d/1Uk1_wTVU8CW7gpSrCxc0kGGMAGmRstO6/view?usp=sharing,1,106,FALSE,
45184,"Thirst Trap – Ho Vinh Khoa, Rhonee & Eddie Patrick (photo+video)",https://xemtrai.top/thirst-trap-ho-vinh-khoa-rhonee-eddie-patrick-photovideo/,https://upload.xemtrai.top/2023/08/HoVinhKhoa-Thirst-Trap-720x380.jpg,Europe photo; Gay video; Photo Set; Thailand photo; Vietnam photo; Vietnam video,https://drive.google.com/drive/folders/10y2RDhyJwyhQ1GKepPZZ06sNozTD6Y6V?usp=sharing; https://drive.google.com/file/d/1aGMIuq3k_AWlNrJzaxeWRMSHSyyL9QRT/view?usp=sharing,2,106,FALSE,
45091,Hunt Series EP.11,https://xemtrai.top/hunt-series-ep-11/,https://upload.xemtrai.top/2023/08/22904521_1663301657-720x380.jpg,Gay video; Thailand video,https://drive.google.com/file/d/1vIll2xm6i4BFohSXXCLwtIEmfdeVD1bD/view?usp=sharing,1,106,FALSE,
45096,"Daddy Delivery – Ho Vinh Khoa, Rhonee & Ryan Clarke (FlagDaddyAZ) | Photo+Video",https://xemtrai.top/daddy-delivery-ho-vinh-khoa-rhonee-ryan-clarke-flagdaddyazphotovideo/,https://upload.xemtrai.top/2023/08/HVK-Daddy-Delivery-720x380.jpg,Europe photo; Gay video; Photo Set; Thailand photo; Vietnam photo; Vietnam video,https://drive.google.com/drive/folders/1b8d9_T5wgsBywelv07e1NQF-Jc1zWi-K?usp=sharing; https://drive.google.com/file/d/1mq6UUTd2x_N_chkPN50ONjL7nsKN7oaV/view?usp=sharing,2,106,FALSE,
45020,Tony Hùng ft First,https://xemtrai.top/tony-hung-ft-first/,https://upload.xemtrai.top/2023/08/TonyHung-First.mp4_20230816_170253.082-720x380.jpg,Gay video; Vietnam video,https://drive.google.com/file/d/1saWewgJF9djez2JWMF7SkeCIFvmKTNMQ/view?usp=sharing,1,106,FALSE,
44953,Hunt Series EP.17,https://xemtrai.top/hunt-series-ep-17/,https://upload.xemtrai.top/2023/08/17638308_1682591346-720x380.jpg,Gay video; Thailand video,https://drive.google.com/file/d/1V7MCfYLIWRo8i5BNHFjcpDT3hyrV3T7X/view?usp=sharing,1,107,FALSE,
44882,OF Bevis.asian – Trần Đức Vương (3Videos),https://xemtrai.top/of-bevis-asian-tran-duc-vuong/,https://upload.xemtrai.top/2023/08/Duc-Vuong-choi-sextoy.mp4_20230813_121040.673-720x380.jpg,Solo; Vietnam video,https://drive.google.com/file/d/1SklGdCFSOfFUlph7V3-uwW0-G0nQ2HAt/view?usp=sharing; https://drive.google.com/file/d/1I-HgyZ16WmHsPpkZqDYEODpW-a9X6nTb/view?usp=sharing; https://drive.google.com/file/d/1p7OLV5Iiu5uWIiSnp0uaB5lX19omX5Jh/view?usp=sharing,3,107,FALSE,
44794,Hunt Series EP.10 – The Supper (2videos),https://xemtrai.top/hunt-series-ep-10-2video/,https://upload.xemtrai.top/2023/08/hunt10.mp4_20230812_194825.998-720x380.jpg,Gay video; Thailand video,https://drive.google.com/file/d/197rh9FmjNWZgqnE2pkWRxMVC1GFGWD1Z/view?usp=sharing; https://drive.google.com/file/d/1ZlXf3o5gguLOEmYQTmyGfehIdpyWIe_j/view?usp=sharing,2,107,FALSE,
44756,Tony Hùng fucks Khách massa,https://xemtrai.top/tony-hung-fucks-khach-massa/,https://upload.xemtrai.top/2023/08/Tony-fucks-khach-massa.mp4_20230811_192614.963-720x380.jpg,Gay video; Vietnam video,https://drive.google.com/file/d/1OTJCYdkCIgLB16aEu9sfsROlnotFQfqS/view?usp=sharing,1,107,FALSE,
44717,Nguyễn Tiến Quân x Mark,https://xemtrai.top/nguyen-tien-quan-x-mark/,https://upload.xemtrai.top/2023/08/4.jpg,Gay video; Vietnam video,https://drive.google.com/file/d/1PV33OsHfRKm_JobLm2CrgYchSQXpAklW/view?usp=sharing,1,107,FALSE,
44718,Nguyễn Tiến Quân x Kkyzrv,https://xemtrai.top/nguyen-tien-quan-x-kkyzrv/,https://upload.xemtrai.top/2023/08/Nguyen-Tien-Quan-x-Kkyzrv.mp4_20230810_193503.888-720x380.jpg,Gay video; Vietnam video,https://drive.google.com/file/d/1i7yUmN0zzU0jsjBSeGtz0D2Hme5Hx-IX/view?usp=sharing,1,107,FALSE,
44627,OF Pinky Quoc Nguyen – Funny Couple,https://xemtrai.top/of-pinky-quoc-nguyen-funny-couple/,https://upload.xemtrai.top/2023/08/BLAaOxUt-PinkyQuocNguyen-Funny-Couple.mp4_20230809_194732.016-720x380.jpg,Girl video; Vietnam video,https://drive.google.com/file/d/1mHyMh5C2GTS7IrVbmbhJuK0nJuvbOAGh/view?usp=sharing,1,107,FALSE,
44483,"Bang Bang – Ho Vinh Khoa, Rhonee, EddiePatrickXXX & RohdeToran",https://xemtrai.top/bang-bang-ho-vinh-khoa-rhonee-eddiepatrickxxx-rohdetoran/,https://upload.xemtrai.top/2023/08/HVK-720x380.jpg,Gay video; Vietnam video,https://drive.google.com/file/d/1z2KB0a1GeQIV-3jrs_Hrv85YnZHud9IW/view?usp=sharing,1,107,FALSE,
44397,Nguyễn Tiến Quân x Jallgone (Flip-fuck),https://xemtrai.top/nguyen-tien-quan-x-jallgone-flip-fuck/,https://upload.xemtrai.top/2023/08/Nguyen-Tien-Quan-Jallgone-Flip-fuck.mp4_20230804_192822.658-720x380.jpg,Gay video; Vietnam video,https://drive.google.com/file/d/1D_h4EdF6KOXPxFzuzhBza7puv38oOdlW/view?usp=sharing,1,107,FALSE,
44343,OF Pinky Quoc Nguyen – Day & Night,https://xemtrai.top/of-pinky-quoc-nguyen-day-night/,https://upload.xemtrai.top/2023/08/PinkyQuocNguyen-Day-Night.mp4_20230803_201929.686-720x380.jpg,Girl video; Vietnam video,https://drive.google.com/file/d/1qMVYxutIWVP-bR2NXzeC4b-8hNXw-TU8/view?usp=sharing,1,107,FALSE,
44346,Nguyễn Tiến Quân x Arm,https://xemtrai.top/nguyen-tien-quan-x-arm/,https://upload.xemtrai.top/2023/08/Nguyen-Tien-Quan-ft-Arm.mp4_20230803_202501.896-720x380.jpg,Gay video; Vietnam video,https://drive.google.com/file/d/1ewPBqQcccaTzWdx6rY4-Gv7rJ9nkD1ZO/view?usp=sharing,1,107,FALSE,
44305,Shenkymovie – Hidden Guy & Masked Men – Part 3,https://xemtrai.top/shenkymovie-hidden-guy-masked-men-part-3/,https://upload.xemtrai.top/2023/08/Shenkymovie-HiddenGuy-MaskedMen-Part3.mp4_20230802_191957.743-720x380.jpg,Gay video; Vietnam video,https://drive.google.com/file/d/19djIFyG9bX2O2i1bWV9A41p9sRKiN_Ee/view?usp=sharing,1,107,FALSE,
44160,OF Pinky Nguyen – First time 3some,https://xemtrai.top/of-pinky-nguyen-first-time-3some/,https://upload.xemtrai.top/2023/07/Pinky-Nguyen-First-time-3-some7-720x380.jpg,Girl video; Vietnam video,https://drive.google.com/file/d/1wqyW4OT6ZJ6EBwJi5Ie-EU3ffChr-ojv/view?usp=sharing,1,107,FALSE,
44101,Nguyễn Tiến Quân x Gabbies P2,https://xemtrai.top/nguyen-tien-quan-x-gabbies-p2/,https://upload.xemtrai.top/2023/07/Nguyen-Tien-Quan-x-Gabbies-2i-720x380.jpg,Gay video; Vietnam video,https://drive.google.com/file/d/1SLk8PThYNix-OM4rNYCOQUU638PnQ8Dz/view?usp=sharing,1,107,FALSE,
43973,Shenkymovie – Hidden Guy & Masked Men – Part 2,https://xemtrai.top/shenkymovie-hidden-guy-masked-men-part-2/,https://upload.xemtrai.top/2023/07/Shenkymovie-HiddenGuy-MaskedMen-Part2.mp4_20230728_203046.302-720x380.jpg,Gay video; Vietnam video,https://drive.google.com/file/d/1z_sXIkNTKBm36cCmDp4OXmKJgUQm8ptw/view?usp=sharing,1,107,FALSE,
43939,FC2 – FC3290823,https://xemtrai.top/fc2-fc3290823/,https://upload.xemtrai.top/2023/07/22111342_1690414492-672x380.jpg,Asia video,https://drive.google.com/file/d/1QlRsoT63HLjE3ScKzJKcQ4H3WCKN7VNl/view?usp=sharing,1,107,FALSE,
43938,[OF] SH SEOUL,https://xemtrai.top/of-sh-seoul/,https://upload.xemtrai.top/2023/07/76095145_1688291646-720x380.jpg,Asia video,,0,107,FALSE,
43940,[OF] RYUJI SUZUKI,https://xemtrai.top/of-ryuji-suzuki/,https://upload.xemtrai.top/2023/07/77683472_1690451701.jpg,Asia video,,0,107,FALSE,
43937,[OF] RUBHIM FINVER,https://xemtrai.top/of-rubhim-finver/,https://upload.xemtrai.top/2023/07/17419457_1690456328-720x380.jpg,Asia video,,0,108,FALSE,
43838,Nguyễn Tiến Quân x Jandy x trai Tây,https://xemtrai.top/nguyen-tien-quan-x-jandy-x-trai-tay/,https://upload.xemtrai.top/2023/07/VWfbpLQ0-8.jpg,Gay video; Vietnam video,https://drive.google.com/file/d/15pDJz79zumcQS1Q-wYogkgcNSDlwbpVr/view?usp=sharing,1,108,FALSE,
43837,Nguyễn Tiến Quân x Brad,https://xemtrai.top/nguyen-tien-quan-x-brad/,https://upload.xemtrai.top/2023/07/Nguyen-Tien-Quan-x-Brad.mp4_20230727_200124.579-720x380.jpg,Gay video; Vietnam video,https://drive.google.com/file/d/1wFSkMVVOTO_Va6WafpWJHltiNvAs-5X4/view?usp=sharing,1,108,FALSE,
43810,Nguyễn Tiến Quân x Evan x Jallgone (Flip-fuck),https://xemtrai.top/nguyen-tien-quan-x-gabbies-x-evan-x-jallgone-flip-fuck/,https://upload.xemtrai.top/2023/07/QrWEmFqo-4-1.jpg,Gay video; Vietnam video,https://drive.google.com/file/d/1ppgpQ4PVVS0_-YRaV_EaNunJoUat6Q1w/view?usp=sharing,1,108,FALSE,
43809,Nguyễn Tiến Quân x Gabbies (Flip-fuck),https://xemtrai.top/nguyen-tien-quan-x-gabbies-flip-fuck/,https://upload.xemtrai.top/2023/07/Nguyen-Tien-Quan-x-Gabbies.mp4_20230726_211405.341-720x380.jpg,Gay video; Vietnam video,https://drive.google.com/file/d/1KV7fNUb557bFRqjG--HcxR-Q4ZKtb-AN/view?usp=sharing,1,108,FALSE,
43702,Shenkymovie – Hidden Guy & Masked Men – Part 1,https://xemtrai.top/shenkymovie-hidden-guy-masked-men-part-1/,https://upload.xemtrai.top/2023/07/Shenkymovie-Hidden-Guy-Masked-Men-P1.mp4_20230724_211853.150-720x380.jpg,Gay video; Vietnam video,https://drive.google.com/file/d/1ReBDk9HJny1Mj-xY66QnuC07nYElWpnM/view?usp=sharing,1,108,FALSE,
43575,Nai ft Tony Hùng,https://xemtrai.top/nai-ft-tony-hung/,https://upload.xemtrai.top/2023/07/Tony-Nai.mp4_20230722_195532.672-720x380.jpg,Gay video; Vietnam video,https://drive.google.com/file/d/18LeQ_p8sLaHSm53WrGTEP10Nf_qnN_uv/view?usp=sharing,1,108,FALSE,
43453,"Taking Turns – Ho Vinh Khoa, Rhonee & Jake Klerin (photo+video)",https://xemtrai.top/taking-turns-ho-vinh-khoa-rhonee-jake-klerin-photovideo/,https://upload.xemtrai.top/2023/07/ho-vinh-khoa-720x380.jpg,Europe photo; Gay video; Photo Set; Thailand photo; Vietnam photo; Vietnam video,https://drive.google.com/drive/folders/19ZMnRNVYkhJ_ZVX_x9KxaOafmjglEymY?usp=sharing; https://drive.google.com/file/d/10WhkKxR_DfRfg13RpGiyL6BBm1W8BxqF/view?usp=sharing,2,108,FALSE,
43365,Sam Vũ – Vincent O’Reilly fucks Sam Vu (Samvuniverse),https://xemtrai.top/sam-vu-vincent-oreilly-fucks-sam-vu-samvuniverse/,https://upload.xemtrai.top/2023/07/Sam-Vu-720x380.jpg,Gay video; Vietnam video,https://drive.google.com/file/d/1ef1mGwFarEt3DqxTeEWdTDATOZrJbZyK/view?usp=sharing,1,108,FALSE,
43367,Nguyễn Tiến Quân x Gabbies x Evan x Araw,https://xemtrai.top/nguyen-tien-quan-x-gabbies-x-evan-x-araw/,https://upload.xemtrai.top/2023/07/NTQ-720x380.png,Gay video; Vietnam video,https://drive.google.com/file/d/1WwQoTq9MoysDGtRkSc0wfgwvoMLbrF3i/view?usp=sharing,1,108,FALSE,
43248,Tony Hùng fucks Anh Cá Chép,https://xemtrai.top/tony-hung-fucks-anh-ca-chep/,https://upload.xemtrai.top/2023/07/TonyHung-AnhCachep-7-2-720x380.jpg,Gay video; Vietnam video,https://drive.google.com/file/d/1tppRFce-5Jv7ZF9INY56b66oJRxk-35O/view?usp=sharing,1,108,FALSE,
43081,"Asian Joyride – Ho Vinh Khoa, Rhonee & Tantan Evan (photo+video)",https://xemtrai.top/asian-joyride-ho-vinh-khoa-rhonee-tantan-evan-photovideo/,https://upload.xemtrai.top/2023/07/1-720x380.png,Chinese photo; Gay video; Photo Set; Thailand photo; Vietnam photo; Vietnam video,https://drive.google.com/drive/folders/1Q_k3r-QBtOuee-GspMidtqf87fzIjrKn?usp=sharing; https://drive.google.com/file/d/1joYif6EX5DDOboP3w-hkTq6sxunk-jSl/view?usp=sharing,2,108,FALSE,
42976,Nguyễn Tiến Quân fucks AnhPT Cá Chép – P2,https://xemtrai.top/nguyen-tien-quan-fucks-anhpt-ca-chep-p2/,https://upload.xemtrai.top/2023/07/6.jpg,Gay video; Vietnam video,https://drive.google.com/file/d/1HMXCilm0ik9Ic2VtCT3AH5UQNNiYCxkP/view?usp=sharing,1,108,FALSE,
42784,Nguyễn Tiến Quân fucks hotboy menly xăm mình Saiki,https://xemtrai.top/nguyen-tien-quan-fucks-hotboy-menly-xam-minh-saiki/,https://upload.xemtrai.top/2023/07/NguyenTienQuan-fucks-Saiki-2-720x380.jpg,Gay video; Vietnam video,https://drive.google.com/file/d/1bin4OboOG8sO9LNTru68Q5aSfQFU7T9T/view?usp=sharing,1,108,FALSE,
42697,Tony Hùng sex with Anh Huy (Leebaron) | Photo+video,https://xemtrai.top/tony-hung-sex-with-anh-huy-leebaron/,https://upload.xemtrai.top/2023/06/TonyHung-720x380.jpg,Gay video; Photo Set; Vietnam video,https://drive.google.com/drive/folders/1KGFTuG3iKzpJoC-mCOc4M1tYLWv_arx1?usp=sharing; https://drive.google.com/file/d/1nSmuS0zIzz61blcAOP8ZS5dP3SEDCqB7/view?usp=sharing,2,108,FALSE,
42682,Nguyễn Tiến Quân & Semenx 4some cùng trai Tây,https://xemtrai.top/nguyen-tien-quan-semenx-4some-cung-trai-tay/,https://upload.xemtrai.top/2023/06/OnlyFans-Nguyen-Tien-Quan-Semenx-4some.mp4_20230626_211302.280-720x380.jpg,Gay video; Vietnam video,https://drive.google.com/file/d/1_3y88kU2Yk7Mw5iPm8zVmx9gKykg__wX/view?usp=sharing,1,108,FALSE,
42602,Doctor and Gymer – Lê Ngọc Minh & Pinky Nguyen,https://xemtrai.top/doctor-and-gymer-le-ngoc-minh-pinky-nguyen/,https://upload.xemtrai.top/2023/06/Doctor-and-Gymmer-Le-Ngoc-Minh-and-Pinky-Nguyen.mp4_20230623_192728.428-720x380.jpg,Gay video; Vietnam video,https://drive.google.com/file/d/1-ZKZTIcsauSxugIeZvDDjnFFfiHwz-_Z/view?usp=sharing,1,108,FALSE,
42538,TantanEvan fucks Nguyễn Tiến Quân,https://xemtrai.top/evan-fucks-nguyen-tien-quan/,https://upload.xemtrai.top/2023/06/6.jpg,Gay video; Vietnam video,https://drive.google.com/file/d/1NmA6w-fsdP27AFM1PHxo8E22TDGHIava/view?usp=sharing,1,108,FALSE,
42469,Nguyễn Tiến Quân fucks Gun,https://xemtrai.top/nguyen-tien-quan-fucks-gun/,https://upload.xemtrai.top/2023/06/DKqL7LM-Sao-chep.jpg,Gay video; Vietnam video,https://drive.google.com/file/d/1BLIRk__jjKG_BJWciNLsP9a7d5hXpHvY/view?usp=sharing,1,109,FALSE,
42458,Nguyễn Tiến Quân fucks gymer Kvef & Monkey,https://xemtrai.top/nguyen-tien-quan-fucks-gymer-kvef-monkey/,https://upload.xemtrai.top/2023/06/4.jpg,Gay video; Vietnam video,https://drive.google.com/file/d/1n_uErwKK8KSB5RiSQdjQF1_ISRvHZjX1/view?usp=sharing,1,109,FALSE,
42428,Sam Vũ – Max Konnor fucks Sam Vu (Samvuniverse),https://xemtrai.top/sam-vu-max-konnor-fucks-sam-vu-samvuniverse/,https://upload.xemtrai.top/2023/06/SamVu-MaxKonnor.mp4_20230613_205035.905-720x380.jpg,Gay video; Vietnam video,https://drive.google.com/file/d/1bRDQpo-bdYEwW3crj8xjcHYIxEqfBkwl/view?usp=sharing; https://drive.google.com/file/d/1wKSPUPFAVSeB8MKDHz5H_Bq7tHx8ml-v/view?usp=sharing,2,109,FALSE,
42295,OF Leebaron – Le Nam | Sex threesome,https://xemtrai.top/of-leebaron-le-nam-sex-threesome/,https://upload.xemtrai.top/2023/06/72547899_1667990825-720x380.jpg,Gay video; Vietnam video,https://drive.google.com/file/d/119SMWwNyJd0qGVUeXMpOYZS1cJWs7IC7/view?usp=sharing,1,109,FALSE,
42294,OF Leebaron | Sex outdoor,https://xemtrai.top/of-leebaron-sex-outdoor/,https://upload.xemtrai.top/2023/06/11337671_1670796271-720x380.jpg,Gay video; Vietnam video,https://drive.google.com/file/d/1STeBbLBXkQcJ9WcQndQR-00AuP8CxFO2/view?usp=sharing,1,109,FALSE,
42130,Lê Ngọc Minh – Video 76 – Hot 3 some,https://xemtrai.top/le-ngoc-minh-video-76-hot-3-some/,https://upload.xemtrai.top/2023/06/Le-Ngoc-Minh-Hot3some.mp4_20230602_195645.243-720x380.jpg,Gay video; Vietnam video,https://drive.google.com/file/d/1mU3A2U9oU5Ql7kPZJ92xKMnYHXJnxFzI/view?usp=sharing; https://drive.google.com/file/d/1XYWsOaroYBlZuKbryit9F8715nM0Nukn/view?usp=sharing,2,109,FALSE,
41837,Lê Ngọc Minh – Video 65 – Gymmer KenPham,https://xemtrai.top/le-ngoc-minh-video-65-gymmer-ken-pham/,https://upload.xemtrai.top/2023/05/lengocminh_video65-720x380.jpg,Gay video; Vietnam video,https://drive.google.com/file/d/1bsh31c2KtozV3HenRp_Yy8UotDjhWseB/view?usp=share_link,1,109,FALSE,
41600,Sam Vũ – Breed fucks Sam Vu (Samvuniverse),https://xemtrai.top/sam-vu-breed-fucks-sam-vu-samvuniverse/,https://upload.xemtrai.top/2023/05/5月22日.mp4_20230522_201900.219-720x380.jpg,Gay video; Vietnam video,https://drive.google.com/file/d/1B8lhawtrxK3kPU7_Lo7ZgDXRtaeVGEa8/view?usp=share_link,1,109,FALSE,
41592,Sam Vũ – Fabian Divani fucks Sam Vu (Samvuniverse),https://xemtrai.top/sam-vu-fabian-divani-fucks-sam-universem/,https://upload.xemtrai.top/2023/05/Fabian-Divani-fucks-Sam-Universem1.mp4_20230521_194202.972-720x380.jpg,Gay video; Vietnam video,https://drive.google.com/file/d/1YAF-eYzzeFVSnls-aFdjVRVfiWUMw_Sy/view?usp=share_link,1,109,FALSE,
41274,"Camp and Cum – Ho Vinh Khoa, Rhonee & Cameron Dalile (photo+video)",https://xemtrai.top/camp-and-cum-ho-vinh-khoa-rhonee-cameron-dalile/,https://upload.xemtrai.top/2023/09/FgpZZ0pw-1-720x380.jpg,Europe photo; Gay video; Photo Set; Thailand photo; Vietnam photo; Vietnam video,https://drive.google.com/drive/folders/15t6zjuJfs-nGDazcvjIeI-VTeqGzcIn-?usp=share_link; https://drive.google.com/file/d/16OMIIFMAuT8_d_jfOtAwA8k_Pk0UAbSA/view?usp=share_link; https://drive.google.com/file/d/1Apff94p7mu0swyeAq-f2eaZfWVEep0Wk/view?usp=share_link,3,109,FALSE,
41212,Spring Breed – Ho Vinh Khoa,https://xemtrai.top/springbreed-ho-vinh-khoa/,https://xemtrai.top/wp-content/uploads/2023/05/HVK-SpringBreed-720x380.jpg,Europe photo; Gay video; Photo Set; Thailand photo; Vietnam photo; Vietnam video,https://drive.google.com/drive/folders/1Y6NtOa52sQHSVptbqaTYGXVuj9reLFsP?usp=share_link; https://drive.google.com/file/d/13K2t0evLz0SkEBrmRuXdD30H9Eq9oUQm/view?usp=share_link; https://drive.google.com/file/d/1V4Azd71ixO-48qzPGI494WUmocm_lESC/view?usp=sharing,3,109,FALSE,
41094,OF Pinky Nguyen – New girl,https://xemtrai.top/of-pinky-nguyen-new-girl/,https://xemtrai.top/wp-content/uploads/2023/04/Pinky-Nguyen-New-girl-720x380.jpg,Girl video; Vietnam video,https://drive.google.com/drive/folders/1XPk7h9uLNngoCl60JEwi7L31CUJeV7kw?usp=share_link; https://drive.google.com/file/d/1uuUXTXor75EIcw0TmR1Pu6-tmk4Nd42-/view?usp=share_link; https://drive.google.com/file/d/1SubgZOenCpbPRPMSTYn8KDzA9dmDRxsk/view?usp=share_link,3,109,FALSE,
41001,OF Pinky Nguyen – Patient,https://xemtrai.top/of-pinky-nguyen-patient/,https://xemtrai.top/wp-content/uploads/2023/04/Pinky-Nguyen-Patient.mp4_20230424_203329.854-720x380.jpg,Girl video; Vietnam video,https://drive.google.com/file/d/1Yb7GKtdCfF8yEB7SKhyZBHTZ7BRTb-PL/view?usp=share_link; https://drive.google.com/file/d/18wI5VkKuFsy4CpfXXmavL4EM6I4Q24Js/view?usp=share_link,2,109,FALSE,
40618,"Circuit Party – Ho Vinh Khoa, Rhonee",https://xemtrai.top/circuit-party-ho-vinh-khoa-rhonee/,https://xemtrai.top/wp-content/uploads/2023/04/Circuit-party-720x380.jpg,Gay video; Photo Set; Thailand photo; Vietnam photo; Vietnam video,https://drive.google.com/drive/folders/1yZR44q4gYZE7OyUr90BxXCY23UusL3W0?usp=share_link; https://drive.google.com/file/d/1CueFdbG0D9-IddIj_tRv_H6tJbehbef-/view?usp=share_link; https://drive.google.com/file/d/1MzwfydaDSQ9VHvIeowNIz7JBYZYE-owJ/view?usp=share_link,3,109,FALSE,
40478,OF Anhcachep – Lucky fans,https://xemtrai.top/of-anhcachep-lucky-fans/,https://xemtrai.top/wp-content/uploads/2023/03/Anhcachep-Lucky-fans-720x380.jpg,Gay video; Vietnam video,https://drive.google.com/file/d/1pWr2jTMFrN2uFLyn_ktlh3bOHMWxyBhs/view?usp=share_link; https://drive.google.com/file/d/1RRPeTLpJHsCplGubBD79Y4spsOMY0ZtW/view?usp=share_link,2,109,FALSE,
40252,"OF – Leebaron (Lê Nam, Leebaron, Jallgone)",https://xemtrai.top/of-leebaron-le-nam-leebaron-jallgone/,https://xemtrai.top/wp-content/uploads/2023/03/Leebaron-720x380.jpg,Gay video; Vietnam video,https://drive.google.com/file/d/17x6JwuiFg-nIanm0HYe0hFCvKCAMJNEL/view?usp=share_link; https://drive.google.com/file/d/10EOZqHxfFlkwcjpDoLkE2UMCyNBdAS_8/view?usp=share_link,2,109,FALSE,
40194,"The Forbidden Fruit – Ho Vinh Khoa, Rhonee, MattAttackXXX (photo+video)",https://xemtrai.top/the-forbidden-fruit-ho-vinh-khoa-rhonee-mattattackxxx-photovideo/,https://xemtrai.top/wp-content/uploads/2023/03/The-Forbidden-Fruit-1-720x380.jpg,Gay video; Photo Set; Thailand photo; Vietnam photo; Vietnam video,https://drive.google.com/drive/folders/17JR_NN2VpH-Q7X8pVTPVJhMS9O7b8o05?usp=share_link; https://drive.google.com/file/d/1pNe1pgQLmfMMifLsAdumyaa0H_Iwk0Kh/view?usp=share_link; https://drive.google.com/file/d/1h2TmA50Y7c86B9uB4wk3VYYNHumD0C7N/view?usp=share_link,3,109,FALSE,
40051,OF – Leebaron (Lee & Lê Nam sex threesome),https://xemtrai.top/of-leebaron-lee-le-nam-sex-threesome/,https://xemtrai.top/wp-content/uploads/2023/03/OF-Leebaron-Le-Nam-threesome.mp4_20230313_201806.648-720x380.jpg,Gay video; Vietnam video,https://drive.google.com/file/d/1bxrgsd4quoWQbSr75HsMuF4eVdzYPIyg/view,1,109,FALSE,
40028,OF – Leebaron & Kuaysuper,https://xemtrai.top/of-leebaron-kuaysuper/,https://xemtrai.top/wp-content/uploads/2023/03/Le-Nam-Kuaysuper-xemtrai.mp4_20230312_200648.594-720x380.jpg,Gay video; Vietnam video,https://drive.google.com/file/d/1RBc918uA8QVWlO2f5jkV_gHm0j1cGoOQ/view?usp=share_link,1,110,FALSE,
39915,"Smash My Hole – Ho Vinh Khoa, Rhonee, Sam Steiner (photo+video)",https://xemtrai.top/smash-my-hole-ho-vinh-khoa-rhonee-sam-steiner-photovideo/,https://xemtrai.top/wp-content/uploads/2023/03/HVK-Smash-My-Hole-2-720x380.jpg,Europe photo; Gay video; Photo Set; Thailand photo; Vietnam photo; Vietnam video,https://drive.google.com/drive/folders/1-DuCwwm8sVX8fqlHUdsP9SnDOO0ULTMN?usp=share_link; https://drive.google.com/file/d/1ZxfnsMBm49LW1BX9-4XmR_Za03PrFhxZ/view?usp=share_link; https://drive.google.com/file/d/1fp91iC95XmiefRzBfyNsmX6oDxA4az1Y/view?usp=share_link,3,110,FALSE,
39886,LABOUR BKK issue 30,https://xemtrai.top/labour-bkk-issue-30/,https://xemtrai.top/wp-content/uploads/2023/03/A13.mp4_20230303_194011.726-720x380.jpg,Girl video; Thailand video,https://drive.google.com/file/d/1sHHD0IkV54GrQeLfzTQnNMWaezs2MXjr/view?usp=share_link; https://drive.google.com/file/d/1crePCdeH7ak3tB4CcHxCG7QMaZR4RSYe/view?usp=share_link,2,110,FALSE,
39644,OF Nguyen Tien Quan flip fuck Semenx,https://xemtrai.top/of-nguyen-tien-quan-flip-fuck-semenx/,https://upload.xemtrai.top/2023/05/A23.mp4_20230226_054804.923-1024x576-1-584x380.jpg,Gay video; Vietnam video,https://drive.google.com/file/d/1cuYMXQ4pLmFV__HimYvrNzsVKpw_4Wer/view?usp=share_link; https://drive.google.com/file/d/1I99erG658aOe0I0purRv4TyRJZumeSkG/view?usp=share_link,2,110,FALSE,
39274,OF Anhcachep (2 videos),https://xemtrai.top/of-anhcachep-2-videos/,https://xemtrai.top/wp-content/uploads/2023/02/Anhcachep-720x380.jpg,Gay video; Vietnam video,https://drive.google.com/file/d/18zT7gdQQnA79Uy9O8xo8A8Bdg7g5ffWH/view?usp=share_link; https://drive.google.com/file/d/1NSlysI7-DKpQb4aKu3dLJLK3muwQXNch/view?usp=share_link,2,110,FALSE,
39219,Dang Quoc Dat – Video Behind Aphrodisiac,https://xemtrai.top/dang-quoc-dat-video-behind-aphrodisiac/,https://xemtrai.top/wp-content/uploads/2023/02/Dang-Quoc-Dat-Behind-Aphrodisiac.mp4_20230212_193939.881-1024x576.jpg,Vietnam video,https://drive.google.com/file/d/1ofB8U4frxaZO3WnfCrbhZBU48xPlsyO3/view?usp=share_link,1,110,FALSE,
38941,"Flip Fuck Foursome – Ho Vinh Khoa, Rhonee, Clark, Jake Preston (photo+video)",https://xemtrai.top/flip-fuck-foursome-ho-vinh-khoa-rhonee-clark-jake-preston-photovideo/,https://xemtrai.top/wp-content/uploads/2023/01/HVK-Flip-Fuck-Foursome-3-1024x673.png,Europe photo; Gay video; Photo Set; Thailand photo; Vietnam photo; Vietnam video,https://drive.google.com/drive/folders/1xw_4syKBsh1mL318_JWprsaB1fNo7j2J?usp=share_link; https://drive.google.com/file/d/1YIWj84DHklXJSbIFwZxXLj82haqtKwLC/view?usp=share_link,2,110,FALSE,
38823,OF Pinky Nguyen fucks girl – Part 3,https://xemtrai.top/of-pinky-nguyen-fucks-girl-part-3/,https://xemtrai.top/wp-content/uploads/2023/01/Pinky-Nguyen-fucks-girl-Part-3-xemtrai.top_.mp4_20230124_202944.904-1024x576.jpg,Girl video; Vietnam video,https://drive.google.com/file/d/1dhFTwEYwsbue6tPL5Vm5XdGToCl6taff/view?usp=share_link,1,110,FALSE,
38597,"Personal Trainer – Ho Vinh Khoa, Rhonee & Papi Kocic (photo+video)",https://xemtrai.top/personal-trainer-ho-vinh-khoa-rhonee-papi-kocic-photovideo/,https://xemtrai.top/wp-content/uploads/2023/01/PT-720x380.jpg,Europe photo; Gay video; Photo Set; Thailand photo; Vietnam photo; Vietnam video,https://drive.google.com/drive/folders/1z7P-pd2dQmthMgqKSl__w1AZGiCtzBoA?usp=share_link; https://drive.google.com/file/d/1nB2uBTAYbe8BA_pQG5yvjol6rUPR_0H8/view?usp=share_link,2,110,FALSE,
38386,OF – LeeBaron & Le Nam,https://xemtrai.top/of-leebaron-le-nam/,https://xemtrai.top/wp-content/uploads/2023/01/210833eic505im1cz4s961-700x380.jpg,Gay video; Vietnam video,https://drive.google.com/file/d/1Bsv_GioTKpJuHgkfWs5yynT_qtKMnEWM/view?usp=share_link,1,110,FALSE,
37919,"Hitchhiker 2 – Ho Vinh Khoa, Rhonee & Grayson Cole (photo+video)",https://xemtrai.top/hitchhiker-2-ho-vinh-khoa-rhonee-grayson-cole/,https://xemtrai.top/wp-content/uploads/2022/12/Hitchhiker-2-2-720x380.jpg,Europe photo; Gay video; Photo Set; Thailand photo; Vietnam photo; Vietnam video,https://drive.google.com/drive/folders/1v8l7lohn8JYwxmxIm8OJ2k-0pgi5aVxi?usp=share_link; https://drive.google.com/file/d/1n9pikjELyGbziRD9Di1MultfdCD_WEX0/view?usp=share_link,2,110,FALSE,
37906,OF AnhCaChep fucks on the balcony (2videos),https://xemtrai.top/of-anhcachep-fucks-on-the-balcony/,https://xemtrai.top/wp-content/uploads/2022/12/AnhPTcachep-720x380.jpg,Gay video; Vietnam video,https://drive.google.com/file/d/18H7Rx6LyxRI9bqHwtFIO3M9-Y3nvghX_/view?usp=share_link; https://drive.google.com/file/d/1wXTw4DeBNesDfN1ZQCG4DDmmzNX3ATqY/view?usp=share_link,2,110,FALSE,
37911,OF Lê Ngọc Minh fucks bot mặt nạ rên phê,https://xemtrai.top/of-le-ngoc-minh-fucks-bot-mat-na-ren-phe/,https://xemtrai.top/wp-content/uploads/2022/12/Le-Ngoc-Minh-720x380.jpg,Gay video; Vietnam video,https://drive.google.com/file/d/1yjvFtQoMSYiVeSXa0OHkuUCQb5PuB8b-/view?usp=share_link,1,110,FALSE,
37772,OF seachan_vn56 – SeaChan đụ em thủy thủ mặt trăng,https://xemtrai.top/of-seachan-vn56-seachan-du-em-thuy-thu-mat-trang/,https://xemtrai.top/wp-content/uploads/2022/12/seachan-720x380.jpg,Gay video; Vietnam video,https://drive.google.com/file/d/1aFUp-5Fuo-Aemvl2o5cDSWii6x98GP7r/view?usp=share_link,1,110,FALSE,
37812,OF NTQVN5 – Nguyễn Tiến Quân bị SuperKuayXL cặc gân đụ lút cán,https://xemtrai.top/of-ntqvn5-nguyen-tien-quan-bi-superkuayxl-cac-gan-du-lut-can/,https://xemtrai.top/wp-content/uploads/2022/12/NguyenTienQuan-vs-SuperKuayXL.mp4_20221222_193153.001-720x380.jpg,Gay video; Vietnam video,https://drive.google.com/file/d/1VVmGcF43w7_x-ciG8tv360y5pyakdddj/view?usp=share_link,1,110,FALSE,
37770,OF NTQVN5 – Nguyễn Tiến Quân chơi em trai Thái Lan sướng cặc,https://xemtrai.top/of-ntqvn5-nguyen-tien-quan-choi-em-trai-thai-lan-suong-cac/,https://xemtrai.top/wp-content/uploads/2022/12/OF-Nguyen-Tien-Quan.mp4_20221222_184705.413-720x380.jpg,Gay video; Vietnam video,https://drive.google.com/file/d/1WHQyQNXVlj7xW-8Il-0IDlbipI0tobHy/view?usp=share_link,1,110,FALSE,
37768,OF NTQVN5 – Nguyễn Tiến Quân chổng mông bị đụ tơi tả,https://xemtrai.top/of-ntqvn5-nguyen-tien-quan-chong-mong-bi-du-toi-ta/,https://xemtrai.top/wp-content/uploads/2022/12/Nguyen-Tien-Quan-fucked.mp4_20221222_184436.711-720x380.jpg,Gay video; Vietnam video,https://drive.google.com/file/d/1jqxlqM3qdm1x9mlgt43sRaAUve2wzDMV/view?usp=share_link,1,110,FALSE,
37579,OF seachan_vn56 – Waxing fuck (video),https://xemtrai.top/of-seachan_vn56-waxing-fuck-video/,https://xemtrai.top/wp-content/uploads/2022/12/SeaChan__vn56-720x380.jpg,Gay video; Straight guys; Vietnam video,https://drive.google.com/file/d/1403qmzbUzOiLI4NOJrDcQ9ZbO6_bja2E/view?usp=share_link,1,110,FALSE,
37426,"Forest Foreplay – Ho Vinh Khoa, Rhonee & JNBrix",https://xemtrai.top/forest-foreplay-ho-vinh-khoa-rhonee-jnbrix/,https://xemtrai.top/wp-content/uploads/2022/12/Forest-Foreplay-HVK-2-2-720x380.jpg,Europe photo; Gay video; Hot model; Photo Set; Thailand photo; Vietnam photo; Vietnam video,https://drive.google.com/drive/folders/1g21mkpOBK0o12L9XlfOqQfwtjUCQTPhk?usp=share_link; https://drive.google.com/file/d/1_SECggxpXydWOg3vEV3ZkcWMDSnSi6Bl/view?usp=share_link,2,111,FALSE,
37142,OF seachan_vn56 – Dr SeaChan,https://xemtrai.top/of-seachan_vn56-dr-seachan/,https://xemtrai.top/wp-content/uploads/2022/12/OF-seachan_vn56-Dr-Seachan-720x380.jpg,Gay video; Straight guys; Vietnam video,https://drive.google.com/file/d/1ydtauDw_91-HyMsvLjKrigYFYI9yK-Rj/view?usp=share_link,1,111,FALSE,
36931,"Gym Jocks 2 – Ho Vinh Khoa, Rhonee & Clark Reid",https://xemtrai.top/gym-jocks-2-ho-vinh-khoa-rhonee-clark-reid/,https://xemtrai.top/wp-content/uploads/2022/11/gym-jocks-2-2-1-1024x683.jpg,Europe photo; Gay video; Hot model; Photo Set; Thailand photo; Vietnam photo; Vietnam video,https://drive.google.com/drive/folders/1SsYk4hfspAwTS_djKUoJKCtKmvScQ0pv?usp=share_link; https://drive.google.com/file/d/14NnFLN_HOxUkueGBSOj_jUkP4WvfDALc/view?usp=share_link,2,111,FALSE,
36711,Massage – Pinky Nguyễn & Lê Ngọc Minh (photo+video),https://xemtrai.top/massage-pinky-nguyen-le-ngoc-minh-photovideo/,https://xemtrai.top/wp-content/uploads/2022/11/Surprise-7-1024x576.jpg,Photo Set; Straight guys; Vietnam photo; Vietnam video,https://drive.google.com/drive/folders/1qAp8RFo1AWI-c1xv36JvzF4FG6FFsYpj?usp=share_link; https://drive.google.com/file/d/1bVIHZDw-f9rLAOdLB8DSZY0XcD7-0nTj/view?usp=share_link,2,111,FALSE,
36736,OF NTQVN5 – Nguyễn Tiến Quân three some,https://xemtrai.top/of-ntqvn5-nguyen-tien-quan-3some/,https://xemtrai.top/wp-content/uploads/2022/11/24072075_1664512632-1-720x380.jpg,Gay video; Vietnam video,https://drive.google.com/file/d/12LhVmFesUCXJN_M1nJ4Yima2iZQVPNlk/view?usp=share_link,1,111,FALSE,
36649,OF NTQVN5 – Nguyễn Tiến Quân,https://xemtrai.top/of-ntqvn5-nguyen-tien-quan/,https://xemtrai.top/wp-content/uploads/2022/11/50461767_1664796888-1024x576.jpg,Gay video; Vietnam video,https://drive.google.com/file/d/1G2uCLrV3jJPrfUa36w2a64n4lBNv7T-X/view?usp=share_link,1,111,FALSE,
36491,"Twinkle Twinkle Little Hoe – Ho Vinh Khoa, Rhonee foursome (photo+video)",https://xemtrai.top/twinkle-twinkle-little-hoe-ho-vinh-khoa-rhonee-foursome-photovideo/,https://xemtrai.top/wp-content/uploads/2022/11/Twinkle-Twinkle-Little-Hoe-4-720x380.jpg,Europe photo; Gay video; Hot model; Photo Set; Thailand photo; Vietnam photo; Vietnam video,https://drive.google.com/drive/folders/1KzaP-y9pV2gCLafUfr4Kl2UBNI2HzaNF?usp=share_link; https://drive.google.com/file/d/1Lr9ryRlYZpnIG3MQEwQfNXcKG5M-AYGu/view?usp=share_link,2,111,FALSE,
36249,Hotel Desire 2 By DANG QUOC DAT (photo+video),https://xemtrai.top/hotel-desire-2-by-dang-quoc-dat-photovideo/,https://xemtrai.top/wp-content/uploads/2022/11/Hotel-Desire-2-By-DANG-QUOC-DAT-1-1024x574.jpg,Hot model; Photo Set; Vietnam photo; Vietnam video,https://drive.google.com/drive/folders/1RUfeDdJjh2AeOqZUU7zcGPjC2GuiVYqB?usp=share_link; https://drive.google.com/file/d/1dfojdArCrdwlDt3_8eCm7rg_mXRdbAuE/view?usp=share_link,2,111,FALSE,
36100,Pinky Nguyen fuck girl – Part 2,https://xemtrai.top/pinky-nguyen-fuck-girl-part-2/,https://xemtrai.top/wp-content/uploads/2022/10/Pinky-Nguyen-fuck-girl-720x380.jpg,Girl video; Vietnam video,https://drive.google.com/file/d/1BFkpNr9vPG36t781pzXD4-pPy_z1SYt6/view?usp=share_link,1,111,FALSE,
35708,Pinky Nguyen fuck girl – Part 1,https://xemtrai.top/pinky-fuck-girl-part-1/,https://xemtrai.top/wp-content/uploads/2022/10/Pinky-720x380.jpg,Girl video; Vietnam video,https://drive.google.com/file/d/1zR_B3bqkJ97UrO-X63giXlZMl6Qzejor/view?usp=sharing,1,111,FALSE,
35686,"Happy Ending – Ho Vinh Khoa, Rhonee & Liam (photo+video)",https://xemtrai.top/happy-ending-ho-vinh-khoa-rhonee-liam-photovideo/,https://xemtrai.top/wp-content/uploads/2022/10/Happy-Ending-Ho-Vinh-Khoa-720x380.jpg,Europe photo; Gay video; Hot model; Photo Set; Thailand photo; Vietnam photo; Vietnam video,https://drive.google.com/drive/folders/1-QPiYS9xCoPIez2BgdQ2s5TSoeu8gWHM?usp=sharing; https://drive.google.com/file/d/1i4-369nPLEJqB3931irvduoWOiuBvnc-/view?usp=sharing,2,111,FALSE,
35506,"The BIG Greek Holiday, Part 3 – Ho Vinh Khoa, Rhonee & Ethan O’pry (photo+video)",https://xemtrai.top/the-big-greek-holiday-part-3-ho-vinh-khoa-rhonee-ethan-opry-photovideo/,https://xemtrai.top/wp-content/uploads/2022/10/RhoneeandKhoa-The-BIG-Greek-Holiday-03-720x380.jpg,Europe photo; Gay video; Hot model; Photo Set; Thailand photo; Vietnam photo; Vietnam video,https://drive.google.com/drive/folders/1cST4d1SyE0OvDP5eIkJ2P2S4uP8LI_ix?usp=sharing; https://drive.google.com/file/d/1sQh5NB2OnpNVb5OI0fjy6w730fbSEzwU/view?usp=sharing,2,111,FALSE,
35461,"The BIG Greek Holiday, Part 2 – Ho Vinh Khoa, Rhonee & Ethan O’pry (photo+video)",https://xemtrai.top/the-big-greek-holiday-part-2-ho-vinh-khoa-rhonee-ethan-opry-photovideo/,https://xemtrai.top/wp-content/uploads/2022/10/RhoneeandKhoa-The-BIG-Greek-Holiday-Part-2-4-1024x683.jpg,Europe photo; Gay video; Hot model; Photo Set; Thailand photo; Vietnam photo; Vietnam video,https://drive.google.com/drive/folders/1rYQ5NZFFJrH4HsDP8Euzv1pugcyKW0m3?usp=sharing; https://drive.google.com/file/d/1t7IjmHBjC1aJmhHbkCojwKlUlmScPmPe/view?usp=sharing,2,111,FALSE,
35174,Hotel Desire By DANG QUOC DAT,https://xemtrai.top/hotel-desire-by-dang-quoc-dat/,https://xemtrai.top/wp-content/uploads/2022/10/1080x513_d731e00aceaa3f82d747b5e3f9850192-2-1024x486.jpg,Gay video; Hot model; Vietnam video,https://drive.google.com/file/d/1xeeh7E2QIr5DdwYQYyg3FckjUgdPIwO-/view?usp=sharing; https://drive.google.com/file/d/1eKAHQ9S8VEep2Lbrd9uA1hPqGDuZ5REh/view?usp=sharing,2,111,FALSE,
35000,OF – Nguyen Tien Quan fuck semenx,https://xemtrai.top/of-nguyen-tien-quan-fuck-xmensharry-semenx/,https://xemtrai.top/wp-content/uploads/2022/09/47297686_1664015374-1024x576.jpg,Gay video; Vietnam video,https://drive.google.com/file/d/1sBq19osjJbcd1M-tzU2YBIEMqhdCVlTX/view?usp=sharing,1,111,FALSE,
34721,"The BIG Greek Holiday – Ho Vinh Khoa, Rhonee & Ethan O’pry (photo+video)",https://xemtrai.top/the-big-greek-holiday-ho-vinh-khoa-rhonee-ethan-opry-photovideo/,https://xemtrai.top/wp-content/uploads/2022/09/The-BIG-Greek-Holiday-720x380.jpg,Europe photo; Gay video; Photo Set; Thailand photo; Vietnam photo; Vietnam video,https://drive.google.com/drive/folders/1NuYUdj6DwENKSu9sEnVnBx3FPugFXUYp?usp=sharing; https://drive.google.com/file/d/1LQz_k3oaJJSklEIgZGZBVgWtqttmbzR7/view?usp=sharing,2,111,FALSE,
34686,Lê Ngọc Minh – Video 37 – Computer need fix,https://xemtrai.top/le-ngoc-minh-video-37-computer-need-fix/,https://xemtrai.top/wp-content/uploads/2022/09/lengocminhvn-Video-37-Computer-need-fix.mp4_20220918_211845.773-720x380.jpg,Gay video; Vietnam video,https://drive.google.com/file/d/1JW4uW0P4qYkXj8NNtFGPAyjQkup4fWla/view?usp=sharing,1,111,FALSE,
33459,Sex at the sea 2 – Ho Vinh Khoa & Rhonee (photo+video),https://xemtrai.top/sex-at-the-sea-2-ho-vinh-khoa-rhonee/,https://xemtrai.top/wp-content/uploads/2022/08/Sex-At-Sea-2-720x380.jpg,Gay video; Hot model; Photo Set; Thailand photo; Vietnam photo; Vietnam video,https://drive.google.com/drive/folders/1RYr1WaMP41ALqvsZ0SkCbqi8ri6Hbj49?usp=sharing; https://drive.google.com/file/d/1EIg_xu8xd7wQzB1aQAXHxbNPh_LL60Sd/view?usp=sharing,2,111,FALSE,
32842,"Lust in London – Ho Vinh Khoa, Rhonee, Craig Marks & Papi Kocic (photo+video)",https://xemtrai.top/lust-in-london-ho-vinh-khoa-rhonee-craig-marks-papi-kocic-photovideo/,https://xemtrai.top/wp-content/uploads/2022/08/lust-in-london-720x380.jpg,Europe photo; Gay video; Hot model; Photo Set; Thailand photo; Vietnam photo; Vietnam video,https://drive.google.com/drive/folders/1biltOV7HwaTikzuwcE4hJjIP4xzx_1gs?usp=sharing; https://drive.google.com/file/d/1VZ7S4bCntYzqHEKoLji-KEqC7mG5XjGU/view?usp=sharing,2,112,FALSE,
32507,"Meat me in the bathroom – Ho Vinh Khoa, Rhonee & SergShepard",https://xemtrai.top/meat-me-in-the-bathroom-ho-vinh-khoa-rhonee-sergshepard/,https://1.bp.blogspot.com/-txRV-m_SheI/YOMNbSa9bvI/AAAAAAAAJ78/2CDfLblkyvkm9kFVsm4jpKc4aAjq8RDLQCLcBGAsYHQ/s16000/Ho%2BVinh%2BKhoa.jpg,Hot model; Thailand photo; Vietnam photo; Vietnam video,https://drive.google.com/file/d/1v7ebVempx0Oq2Irb6sCqF5qoDdLUAhJV/view?usp=sharing,1,112,FALSE,
32520,"Special Delivery – Ho Vinh Khoa, Rhonee & Max Lorde (photo+video)",https://xemtrai.top/special-delivery-ho-vinh-khoa-rhonee-max-lorde-photovideo/,https://xemtrai.top/wp-content/uploads/2022/07/Special-Delivery-2-1024x713.jpg,Europe photo; Gay video; Hot model; Photo Set; Thailand photo; Vietnam photo; Vietnam video,https://drive.google.com/drive/folders/18i5hmXcN2hiTlU1RDLyYVO8XCA7n5_xx?usp=sharing; https://drive.google.com/file/d/1W5z4DcXNVoo1M-KqKyLK_LP_hAf4l5je/view?usp=sharing,2,112,FALSE,
32370,Striptease – Ho Vinh Khoa & Rhonee (photo+video),https://xemtrai.top/striptease-ho-vinh-khoa-rhonee-photovideo/,https://xemtrai.top/wp-content/uploads/2022/07/RhoneeandKhoa-Striptease-720x380.jpg,Gay video; Hot model; Photo Set; Thailand photo; Vietnam photo; Vietnam video,https://drive.google.com/drive/folders/1yU9HT8LRUITNH26KXa5TJZp-9eKPeiBt?usp=sharing; https://drive.google.com/file/d/1Tefq1QZD6ISKPw_KWOAmcFGuktkxvi-C/view?usp=sharing,2,112,FALSE,
32228,SeaChan – Chịch em bot slim 20cm,https://xemtrai.top/seachan-chich-em-bot-slim-20cm/,https://xemtrai.top/wp-content/uploads/2022/07/Bac-si-seachan-dit-em-bot-slim-20cm.mp4_20220723_213529.062a-720x380.jpg,Gay video; Vietnam video,https://drive.google.com/file/d/1a0fReQjE0jGS5BeDxrPUIU9IkykREU40/view?usp=sharing,1,112,FALSE,
32113,Enjoy Sauna by Dang Quoc Dat,https://xemtrai.top/enjoy-sauna-by-dang-quoc-dat/,https://xemtrai.top/wp-content/uploads/2022/07/Enjoy-Sauna-by-Dang-Quoc-Dat-AAA-1024x576.jpg,Gay video; Hot model; Vietnam video,https://drive.google.com/file/d/16hdnzFo8VmEJJDgGiH83w-1FgcNXsy6c/view?usp=sharing,1,112,FALSE,
31878,LABOUR BKK issue 26 – Tamp (video),https://xemtrai.top/labour-bkk-issue-26-tamp-video/,https://xemtrai.top/wp-content/uploads/2022/07/Labour-bkk-26-720x380.jpg,Girl video; Thailand video,https://drive.google.com/file/d/1cFjCZd6KH5sr-Z5gTekXvJenKKY81E_m/view?usp=sharing,1,112,FALSE,
31531,OF – Nguyen Tien Quan fuck xmensharry (2 video),https://xemtrai.top/of-nguyen-tien-quan-fuck-xmensharry/,https://xemtrai.top/wp-content/uploads/2022/07/3-1-1024x576.jpg,Gay video; Vietnam video,https://drive.google.com/file/d/1y0RElBvlgdTWZwh8PmcqdHUERnLm9LVJ/view?usp=sharing; https://drive.google.com/file/d/1sTrjlOjZjLhhbc0984EtDlU9GV8yIcNB/view?usp=sharing,2,112,FALSE,
31410,Chinkou collab with AnhPT CaChep (Photo+Video),https://xemtrai.top/chinkou-collab-with-anhpt-cachep/,https://xemtrai.top/wp-content/uploads/2022/07/chunkou-anhptcachep-720x380.jpg,Asia photo; Gay video; Photo Set; Vietnam photo; Vietnam video,https://drive.google.com/drive/folders/1YtpecO6xO2iwoJ89Tk0FMwC3tCvLBJ-o?usp=sharing; https://drive.google.com/file/d/1TZ2bcpKNMsHmXLh6OqMtpMPwosO_FwAJ/view?usp=sharing,2,112,FALSE,
31160,Hunt Series EP.13 – Barber | Kevin (Nguyen Tien Quan),https://xemtrai.top/hunt-series-ep-13-barber-kevin-nguyen-tien-quan/,https://xemtrai.top/wp-content/uploads/2022/06/1-22-720x380.jpg,Gay video; Thailand photo; Vietnam photo; Vietnam video,https://drive.google.com/drive/folders/1fruzWU2WfjNH7D8BwGNQm-6uLkl64z9V?usp=sharing; https://drive.google.com/file/d/1nQ--gb6W1TvZhSBBmvXcEGWsXd18WvPs/view?usp=sharing,2,112,FALSE,
31011,"Fisting – Ho Vinh Khoa, Rhonee & Lucas Daken (video)",https://xemtrai.top/fisting-ho-vinh-khoa-rhonee-lucas-daken-video/,https://xemtrai.top/wp-content/uploads/2022/06/HVK-Fisting-xemtrai.com_.mp4_20220629_185356.031-1024x576.jpg,Gay video; Vietnam video,https://drive.google.com/file/d/1MuEfi__VsDcDDm0wEauGS94pzX3Sez-6/view?usp=share_link,1,112,FALSE,
30932,"Doctor Knows Best – Ho Vinh Khoa, Rhonee & Shae Reynolds (Photo+ Video)",https://xemtrai.top/doctor-knows-best-ho-vinh-khoa-rhonee-shae-reynolds/,https://xemtrai.top/wp-content/uploads/2022/06/Doctor-knows-best-720x380.jpg,Europe photo; Gay video; Thailand photo; Vietnam photo; Vietnam video,https://drive.google.com/drive/folders/1c00tD75EEBySjeLT0jkatI8cDRskh-1P?usp=sharing; https://drive.google.com/file/d/1RQi0xBMGPHPDvOoEVyU6ovUZflGelnS1/view?usp=sharing,2,112,FALSE,
30828,Sex Battle – Ho Vinh Khoa & Rhonee (Photo+Video),https://xemtrai.top/sex-battle-ho-vinh-khoa-rhonee-photovideo/,https://xemtrai.top/wp-content/uploads/2022/06/Sex-Battle-720x380.jpg,Gay video; Thailand photo; Vietnam photo; Vietnam video,https://drive.google.com/drive/folders/1mOgbxZ8CkS2qMF3mfah9GnnMgpK2gjSZ?usp=sharing; https://drive.google.com/file/d/1agT9Z_-cml1FW6UiSiP5EX5ey8kY7aqf/view?usp=sharing,2,112,FALSE,
30187,"Cumming in Room 69 – Ho Vinh Khoa, Rhonee & AJ Sloan (Photo+Video)",https://xemtrai.top/cumming-in-room-69-ho-vinh-khoa-rhonee-aj-sloan/,https://xemtrai.top/wp-content/uploads/2022/06/9-5-720x380.jpg,Europe photo; Gay video; Photo Set; Thailand photo; Vietnam photo; Vietnam video,https://drive.google.com/drive/folders/1prBHXRpGxVXdHbadsOMQY0ER3-Vm9muu?usp=sharing; https://drive.google.com/file/d/1e-ua8mf5zqhzYyAHaXKjntUhUDVAMVcD/view?usp=sharing,2,112,FALSE,
29508,OF – Boy’s Love – Tylerwu & Danejaxson,https://xemtrai.top/of-boys-love-tylerwu-danejaxson/,https://xemtrai.top/wp-content/uploads/2022/06/Boys-Love-.mp4-720x380.png,Asia video; Chinese photo; Gay video,https://drive.google.com/file/d/1PoaNiZhACj3j9mbk-fA6zUgmFVGn4x36/view?usp=sharing,1,112,FALSE,
29203,OF – SuperKuayXL fuck Nguyen Tien Quan,https://xemtrai.top/of-superkuayxl-fuck-tien-quan/,https://xemtrai.top/wp-content/uploads/2022/05/TienQuan-kuaysuper-5-1024x576.jpg,Gay video; Vietnam video,https://drive.google.com/file/d/1jQVghNMlmZ16iYt3VhWW5FqyC9UHq7Or/view?usp=sharing; https://drive.google.com/file/d/1gxPxegsRFmyYYrsIhsFLm_SwH6lIa3sm/view?usp=sharing,2,112,FALSE,
29133,"Full service – Ho Vinh Khoa, Rhonee & Tylerwu (ebook+video)",https://xemtrai.top/full-service-ho-vinh-khoa-rhonee-tylerwu-ebookvideo/,https://xemtrai.top/wp-content/uploads/2022/05/HVK-full-service-720x380.jpg,Chinese photo; Gay video; Photo Set; Thailand photo; Vietnam photo; Vietnam video,https://drive.google.com/drive/folders/1ZYkM-JLvGr_uG-yMDHVGVLxnzxHDsnjl?usp=sharing; https://drive.google.com/file/d/1DdeUIaq3DXQ7uHN23mRAWYSdJkILETOC/view?usp=sharing,2,112,FALSE,
28860,OF – Doctorpeter69 fuck Tien Quan (ebook+video),https://xemtrai.top/of-doctorpeter69-fuck-tien-quan-ebookvideo/,https://xemtrai.top/wp-content/uploads/2022/05/tienquan-doctorpeter69-57_optimized-1-720x380.png,Gay video; Photo Set; Thailand photo; Vietnam photo; Vietnam video,https://drive.google.com/drive/folders/1ckF5xSQCPZmzlMGJzd2PiEiXSwQlsxym?usp=sharing; https://drive.google.com/file/d/1y4ezw6i23c-9nQP2EuxDR32t3_qP6R56/view?usp=sharing,2,112,FALSE,
28739,OF – Kornbigk fuck Tien Quan,https://xemtrai.top/of-kornbigk-fuck-tien-quan/,https://xemtrai.top/wp-content/uploads/2022/05/kornbigk-fk-Tien-QUan-3.png,Gay video; Vietnam video,https://drive.google.com/file/d/1viGeq3PTmLAnTqdbdJvHdwSrq2N0bTvO/view?usp=sharing,1,113,FALSE,
28345,"Men at Work – Ho Vinh Khoa, Rhonee & Michael Boston",https://xemtrai.top/men-at-work-ho-vinh-khoa-rhonee-michael-boston/,https://xemtrai.top/wp-content/uploads/2022/05/Men-at-Work-–-Michael-Boston-Rhonee-Ho-Vinh-Khoa-xemtrai.com-21-720x380.jpg,Europe photo; Gay video; Hot model; Photo Set; Thailand photo; Vietnam photo; Vietnam video,https://drive.google.com/file/d/1Wz8oWvXEN01HcZEAMs7okSPxN9PdCOX8/view?usp=sharing,1,113,FALSE,
27807,Quan solo handjob collection P1 (4 videos),https://xemtrai.top/quan-solo-handjob-collection-p1-4-videos/,https://xemtrai.top/wp-content/uploads/2022/04/Nguyen-Tien-Quan-720x380.jpg,Photo Set; Solo; Vietnam photo; Vietnam video,https://drive.google.com/drive/folders/1DDO9Yagmo7VYLxnqbtyyE9bkQm7bEn9M?usp=sharing; https://drive.google.com/file/d/1-3SIvAh0_p4_MRiPrGF8weE_jErHrMuU/view?usp=sharing; https://drive.google.com/file/d/1v1vJB7nQcWZdzsTFQGXZlDDD0xgzklsL/view?usp=sharing; https://drive.google.com/file/d/11YfIXvgM44B3xL9K6spXqDD71BH2n1NS/view?usp=sharing; https://drive.google.com/file/d/1qNNKL3cr3ghhQDJi4d0YPH0aylTQ80Ev/view?usp=sharing,5,113,FALSE,
27766,OMG Magazine – Nguyễn Tiến Quân (ebook+video),https://xemtrai.top/omg-magazine-nguyen-tien-quan-ebookvideo/,https://xemtrai.top/wp-content/uploads/2022/04/OMG-magazine-720x380.jpg,Photo Set; Vietnam photo; Vietnam video,https://drive.google.com/drive/folders/1jWzjHSwBneof38eEBQ1YLnsjoO6taigR?usp=sharing; https://drive.google.com/file/d/1MgPfiMTe1wldDM-MoUq8VINV-6MaSjSF/view?usp=sharing,2,113,FALSE,
27767,My mirror – Nguyễn Tiến Quân (ebook+video),https://xemtrai.top/my-mirror-nguyen-tien-quan-ebookvideo/,https://xemtrai.top/wp-content/uploads/2022/04/My-mirror-720x380.jpg,Photo Set; Vietnam photo; Vietnam video,https://drive.google.com/drive/folders/15lGhKCt6XvGjtZN3vFtWLNXYGecYP50e?usp=sharing; https://drive.google.com/file/d/1MJarsbBK0zt7WQnNHqWioCB_ReBEEkHD/view?usp=sharing,2,113,FALSE,
27294,Hồ Vĩnh Khoa fucks boy in New York,https://xemtrai.top/ho-vinh-khoa-fucks-boy-in-new-york/,https://xemtrai.top/wp-content/uploads/2022/04/Ho-Vinh-Khoa.png,Gay video; Hot model; Vietnam video,https://drive.google.com/file/d/1OcuRZuY3fj3_PP6jEco81y-irw8C9tzc/view?usp=sharing,1,113,FALSE,
27197,Boss – Three Some by Đặng Quốc Đạt,https://xemtrai.top/boss-three-some-by-dang-quoc-dat/,https://xemtrai.top/wp-content/uploads/2022/04/Boss-Three-some-1024x586.jpg,Gay video; Hot model; Vietnam video,https://drive.google.com/file/d/14PGVN1ttDKng6BW2OR35CEPk35gXMVSv/view?usp=sharing,1,113,FALSE,
26777,Hồ Vĩnh Khoa – Sex education [Ebook+Video],https://xemtrai.top/ho-vinh-khoa-sex-education-ebookvideo/,https://xemtrai.top/wp-content/uploads/2022/03/Sex-education-5-1024x683.jpg,Europe photo; Gay video; Hot model; Photo Set; Thailand photo; Vietnam video,https://drive.google.com/drive/folders/1ReElTRqz1Bd26i_xX3qnsSPp2QANCBu6?usp=sharing; https://drive.google.com/file/d/1IwRh8EbozubG-0BUCS6iWpmSnH7hYDgs/view?usp=sharing,2,113,FALSE,
26640,Hồ Vĩnh Khoa – Fingered & Fucked,https://xemtrai.top/ho-vinh-khoa-fingered-fucked/,https://xemtrai.top/wp-content/uploads/2022/03/HVK-sex-720x380.jpg,Gay video; Hot model; Vietnam video,https://drive.google.com/file/d/1v4JS7-VwkrWCaGwS8PbC7RKW3AeVeMJT/view?usp=sharing,1,113,FALSE,
26479,Trai công sở fuck trai gym mông to,https://xemtrai.top/trai-cong-so-fuck-trai-gym-mong-to/,https://xemtrai.top/wp-content/uploads/2022/03/Traicongso1989-720x380.jpg,Gay video; Vietnam video,https://drive.google.com/file/d/12TYTI_En5UHd2IZGeoHKvMs8J2VTKZro/view?usp=sharing,1,113,FALSE,
26334,Hồ Vĩnh Khoa – Bromance 4 [Ebook+Video],https://xemtrai.top/ho-vinh-khoa-bromance-4-ebookvideo/,,Europe photo; Gay video; Hot model; Photo Set; Thailand photo; Vietnam photo; Vietnam video,https://drive.google.com/drive/folders/1q82Z5idCW36r72fSc2zvV8ZAFJdhzUxE?usp=sharing; https://drive.google.com/file/d/1dwuc6hN-IoXSqp0W49KhFUj7pZ7VgI4p/view?usp=sharing,2,113,FALSE,
26288,taitai885 – Boys get fucked,https://xemtrai.top/taitai885-boys-get-fucked/,https://xemtrai.top/wp-content/uploads/2022/03/taitai885-720x380.jpg,Asia video; Gay video,https://drive.google.com/file/d/1wdO19rY6-RjFaWqxZNbPO-tRW33GhR2y/view?usp=sharing,1,113,FALSE,
26239,Nguyen Tien Quan ft PT AnhCaChep,https://xemtrai.top/nguyen-tien-quan-ft-pt-anhcachep/,https://xemtrai.top/wp-content/uploads/2022/03/FMCOsiKVIAIp7Bu-1024x768.jpg,Gay video; Vietnam video,https://drive.google.com/file/d/1yq6n_mmq4hXO7RkIgUFIFHG2x1bLSsd6/view?usp=sharing,1,113,FALSE,
26077,Boss and slave by Đặng Quốc Đạt,https://xemtrai.top/boss-and-slave-by-dang-quoc-dat/,https://xemtrai.top/wp-content/uploads/2022/03/1080x621_a1db187894eb9a3ed37982812f0ba032-1024x589.jpg,Gay video; Hot model; Vietnam video,https://drive.google.com/file/d/1xcqyiNqnRY0JaGmjyUp2_-E20dEnp2zo/view?usp=sharing,1,113,FALSE,
25982,Hồ Vĩnh Khoa – Midnight Threesome (vs Diego Sans),https://xemtrai.top/ho-vinh-khoa-midnight-threesome/,https://xemtrai.top/wp-content/uploads/2022/03/HVK-Midnight-Threesome-5-1024x683.jpg,Europe photo; Gay video; Photo Set; Thailand photo; Vietnam photo; Vietnam video,https://drive.google.com/drive/folders/1wqiTamwimnRvxDuZBzkW0UPGYQrnQ2_p?usp=sharing; https://drive.google.com/file/d/1IEqmiVF2HcExG7IcvSTua0m9axJx3_HH/view?usp=sharing,2,113,FALSE,
25884,Nguyen Tien Quan – Sex in red room,https://xemtrai.top/nguyen-tien-quan-sex-in-sex-room/,https://xemtrai.top/wp-content/uploads/2022/03/Nguyen-Tien-Quan-sex-in-red-room-2-1024x576.jpg,Gay video; Vietnam video,https://drive.google.com/file/d/1Djr2rIjvb0VZfv6MdLjlDQHnT4LnSTeW/view?usp=sharing,1,113,FALSE,
25646,SeaChan – 2 nhân viên đụ em khách slim cu khủng,https://xemtrai.top/seachan-2-nhan-vien-du-em-khach-slim-cu-khung-20cm/,https://cutrai.top/attachments/seachan-03-jpg.305/,Gay video; Vietnam video,https://drive.google.com/file/d/1vXjDifaaSl7H6kw8Z4s0LtX3NfFMTxhD/view,1,113,FALSE,
25613,Hồ Vĩnh Khoa – Sex at sea,https://xemtrai.top/ho-vinh-khoa-sex-at-sea/,https://xemtrai.top/wp-content/uploads/2022/02/Sex-at-sea-720x380.jpg,Gay video; Thailand photo; Vietnam photo; Vietnam video,https://drive.google.com/file/d/12-mzb93I_msyCnvtVegn9V9aIz7ZsFnN/view?usp=sharing,1,113,FALSE,
25380,Nguyễn Tiến Quân bị anh giao pizza đụ tơi tả,https://xemtrai.top/nguyen-tien-quan-bi-anh-giao-pizza-du-toi-ta/,https://xemtrai.top/wp-content/uploads/2022/02/Nguyen-Tien-Quan-pizzaa-720x380.jpg,Gay video; Vietnam photo; Vietnam video,https://drive.google.com/file/d/13ZzUKCpNqo2Sj6LNCiFWbwqYrnkIaqlH/view?usp=sharing,1,114,FALSE,
25290,Nguyễn Tiến Quân đụ anh PT trong khách sạn [Ebook+Video],https://xemtrai.top/nguyen-tien-quan-du-anh-pt-trong-khach-san-ebookvideo/,https://xemtrai.top/wp-content/uploads/2022/02/NguyenTienQuan-du-hot-PT-720x380.jpg,Gay video; Vietnam photo; Vietnam video,https://drive.google.com/drive/folders/1HguZvRWNYpruRADL6qkvhDTF_QU8MThw?usp=sharing; https://drive.google.com/file/d/1jBjaE_oRmZDCU19Xj-umi_le1pQ2BZ5T/view,2,114,FALSE,
25261,Hồ Vĩnh Khoa – Amazing sex in Costa Rica,https://xemtrai.top/ho-vinh-khoa-amazing-sex-in-costa-rica/,https://xemtrai.top/wp-content/uploads/2022/02/Amazing-sex-in-Costa-Rica-22-720x380.jpg,Gay video; Hot model; Thailand photo; Vietnam photo; Vietnam video,https://drive.google.com/file/d/1WCwC62Fi97-gf2Pov4Mzwz8MJ2R9TKqT/view?usp=sharing,1,114,FALSE,
25112,KUAYSUPER OF Lost To Lost,https://xemtrai.top/kuaysuper-of-lost-to-lost/,https://xemtrai.top/wp-content/uploads/2022/02/Lost-To-Lost-720x380.jpg,Asia video; Gay video; Thailand photo,https://drive.google.com/drive/folders/13KdQm-F6Qb81C5-AYVUGjpaNeo17RJmK?usp=sharing; https://drive.google.com/file/d/1No5q-gEUqiddf_edPsg53BfljWUkif-1/view?usp=sharing; https://drive.google.com/file/d/10bBqNwOKj-ntVnAtzV6abBc_E69NL8n2/view?usp=sharing,3,114,FALSE,
25117,KUAYSUPER – SuperkuayXL vs Yakuza – Law Enforcement,https://xemtrai.top/kuaysuper-superkuayxl-vs-yakuza-law-enforcement/,https://xemtrai.top/wp-content/uploads/2022/02/kuaysuper-720x380.jpg,Asia video; Gay video; Thailand photo,https://drive.google.com/file/d/1uTYi-U12tyrGmpmwaKhaiPzSkUAzq40x/view?usp=sharing,1,114,FALSE,
25086,Nguyễn Tiến Quân fuck bot gym mông to,https://xemtrai.top/nguyen-tien-quan-fuck-bot-gym-mong-to/,https://xemtrai.top/wp-content/uploads/2022/02/nguyentienquan-fuck-bot-mong-to-720x380.png,Gay video; Vietnam photo; Vietnam video,https://drive.google.com/file/d/18Lti7TrOuv15HQHRJ_Brm4sC0r47tthg/view?usp=sharing,1,114,FALSE,
25042,Hồ Vĩnh Khoa – Locker Room Lust,https://xemtrai.top/ho-vinh-khoa-locker-room-lust/,https://xemtrai.top/wp-content/uploads/2022/01/ho-vinh-khoa-locker-room-lust-1-720x380.jpg,Europe photo; Gay video; Hot model; Photo Set; Thailand photo; Vietnam photo; Vietnam video,https://drive.google.com/drive/folders/11eS9NEkZJIQx7mWSGBgX0oPi24VbR8hH?usp=sharing; https://drive.google.com/file/d/10gv443m0aLkEBkjxwb5HWYjtPpIK3OwA/view?usp=sharing,2,114,FALSE,
25019,Trai công sở fuck bot dâm P2,https://xemtrai.top/trai-cong-so-fuck-bot-dam-p2/,https://xemtrai.top/wp-content/uploads/2022/01/Traicongso1989-trainude-720x380.jpg,Gay video; Vietnam video,https://drive.google.com/file/d/1MPfSPvDCQeHRGFxyLyyoPh5nh0u0MbJZ/view?usp=sharing,1,114,FALSE,
24854,Trai công sở fuck bot dâm,https://xemtrai.top/trai-cong-so-fuck-bot-dam/,https://xemtrai.top/wp-content/uploads/2022/01/traicongso-720x380.jpg,Gay video; Vietnam video,https://drive.google.com/file/d/1H34hej_JPqkguI9MKEexxtjXCHpXoX_K/view?usp=sharing,1,114,FALSE,
24786,Hồ Vĩnh Khoa – Casting Call,https://xemtrai.top/ho-vinh-khoa-casting-call/,https://xemtrai.top/wp-content/uploads/2022/01/Casting-Call-2-720x380.jpg,Europe photo; Gay video; Hot model; Photo Set; Thailand photo; Vietnam photo; Vietnam video,https://drive.google.com/drive/folders/1ytbwfpcWD9c26rxBWDVWbbTldTJkZJd-?usp=sharing; https://drive.google.com/file/d/1TwGzHVmlDYDxf3tXVeLzmC7UevH-DixO/view?usp=sharing,2,114,FALSE,
24672,Play with rabbit – Đặng Quốc Đạt,https://xemtrai.top/play-with-rabbit-dang-quoc-dat/,https://xemtrai.top/wp-content/uploads/2022/01/Play-with-rabbit-dang-quoc-dat-720x380.jpg,Gay video; Hot model; Photo Set; Vietnam video,https://drive.google.com/drive/folders/1-Iy9U4phWJPiPHqtjNjtduL0eMoz_KHr?usp=sharing; https://drive.google.com/file/d/1xRNooN5UUdgRC6_Wibvj1ya2PBBSF36y/view?usp=sharing,2,114,FALSE,
24615,Burning Art Vol 25 [Ebook+Video],https://xemtrai.top/burning-art-vol-25-ebookvideo/,https://xemtrai.top/wp-content/uploads/2022/01/Burn-Art-25-720x380.jpg,Asia video; Straight guys,https://drive.google.com/drive/folders/1fHmx0hJ2pPv3rmj6BM_yrIGKVKFctxGj?usp=sharing; https://drive.google.com/file/d/12I69Pb_Dqu_AfgSen6txzgL1CggOGjfl/view?usp=sharing; https://drive.google.com/file/d/1OrCGkMjJoXV5FGX8_JGbxiY-IoeE-w6C/view?usp=sharing,3,114,FALSE,
24403,taitai885 – Handsome boy VS Swimming man,https://xemtrai.top/taitai885-handsome-boy-vs-swimming-man/,https://xemtrai.top/wp-content/uploads/2022/01/taitai885-Handsome-boy-VS-Swimming-man-720x380.jpg,Asia video; Chinese photo; Gay video,https://drive.google.com/file/d/1gnnUWTPw-i1IPofQ2Pcen_F_iQ0Tn2Fb/view?usp=sharing,1,114,FALSE,
24364,Hồ Vĩnh Khoa – Rub Down,https://xemtrai.top/ho-vinh-khoa-rub-down/,https://xemtrai.top/wp-content/uploads/2022/01/Ho-vinh-khoa-720x380.jpg,Gay video; Hot model; Photo Set; Thailand photo; Vietnam photo; Vietnam video,https://drive.google.com/drive/folders/1EMCb8zMxUivPjONW5GU9eV_hfCAzr44F?usp=sharing; https://drive.google.com/file/d/1RDJGWnrWtqaQ-o97iri8FN0ibbkHUd4-/view?usp=sharing,2,114,FALSE,
24305,SeaChan – Em trai 2k đi triệt lông bị 2 anh nhân viên đè chịch,https://xemtrai.top/em-trai-2k-di-triet-long-bi-2-anh-nhan-vien-de-chich/,https://xemtrai.top/wp-content/uploads/2022/01/SeaChan-fuck-em-bot-2000-02-720x380.jpg,Gay video; Vietnam video,https://drive.google.com/file/d/1nYH-9Sz2Sji9mUpZ2cikQ82gPMl7CnmP/view?usp=sharing,1,114,FALSE,
24188,Xmas with Pinky Nguyen,https://xemtrai.top/xmas-with-pinky-nguyen/,https://xemtrai.top/wp-content/uploads/2021/12/4.png,Solo; Vietnam video,https://drive.google.com/file/d/18uzYZ5JeOs4ANLJPmhMOq6XYdLkZIeIy/view?usp=sharing; https://drive.google.com/file/d/1NQsuJWRlSOxq9rwTO0xPoXGSGvZdLe5T/view?usp=sharing,2,114,FALSE,
24158,Burning Art Vol 36 – WangJian,https://xemtrai.top/burning-art-vol-36-wangjian/,https://xemtrai.top/wp-content/uploads/2021/12/Burn-Art-36-5-1024x576.jpg,Asia video; Straight guys,https://drive.google.com/file/d/1_k5_ycfJN7rIBjI6dcfmWijHoU0B-Ww-/view?usp=sharing; https://drive.google.com/file/d/1BgvY8_OB9hp06BZeyvldXsIPUCeoKgQB/view?usp=sharing,2,114,FALSE,
24095,Hồ Vĩnh Khoa – Let’s Get Physical,https://xemtrai.top/ho-vinh-khoa-lets-get-physical-2/,https://xemtrai.top/wp-content/uploads/2021/12/Let%E2%80%99s-Get-Physical-2-1024x683.jpg,Hot model; Photo Set; Thailand photo; Vietnam photo; Vietnam video,https://drive.google.com/drive/folders/1SmZjx80EoBLUhRjp987loB8XFw4U9e3p?usp=sharing; https://drive.google.com/file/d/1hfbz8I30wTtnJRsVVAgeLhZqiO_JwYzi/view?usp=sharing,2,114,FALSE,
24066,Hồ Vĩnh Khoa – The boy next door,https://xemtrai.top/ho-vinh-khoa-the-boy-next-door/,https://xemtrai.top/wp-content/uploads/2021/12/The-boy-next-door-720x380.jpg,Europe photo; Gay video; Hot model; Photo Set; Thailand photo; Vietnam photo; Vietnam video,https://drive.google.com/drive/folders/1Ycf21tJN5bsIwbA32HNYNtbX7yaIlnU3?usp=sharing; https://drive.google.com/file/d/1Vhs9riU2zLzrIXuth9x0EetEWUOnN0b4/view?usp=sharing; https://drive.google.com/file/d/1qo-k98c2oINqIWr6nwRvn4P0yfkSVLNs/view?usp=sharing,3,115,FALSE,
23727,Burning Art Vol 38 [Video],https://xemtrai.top/burning-art-vol-38-video/,https://xemtrai.top/wp-content/uploads/2021/12/BurningArt-Vol.38%E4%B8%8A%E9%9B%86-1.jpg,Asia video; Straight guys,https://drive.google.com/file/d/11UXnNbRybQfY08SirRl4hhK_r_yOrd8L/view?usp=sharing; https://drive.google.com/file/d/1ieVuMiOqIntYNXfZnihXrYKlLDzg8mWy/view?usp=sharing,2,115,FALSE,
23714,Hồ Vĩnh Khoa – Bromance 3,https://xemtrai.top/ho-vinh-khoa-bromance-3/,https://xemtrai.top/wp-content/uploads/2021/12/Bromance-3-720x380.jpg,Europe photo; Gay video; Hot model; Photo Set; Thailand photo; Vietnam photo; Vietnam video,https://drive.google.com/drive/folders/1mQ4yTHX13nQJyN6Xs86MdgQhIdUKiL9J?usp=sharing; https://drive.google.com/file/d/1OLNKgPrC1SF2v3USu66E4e9nG4ji4Xqr/view?usp=sharing,2,115,FALSE,
23468,Sục cu Pinky Nguyen,https://xemtrai.top/suc-cu-pinky-nguyen/,https://xemtrai.top/wp-content/uploads/2021/11/PinkyNguyen-1.png,Straight guys; Vietnam video,https://drive.google.com/file/d/1upQuI-tnYY26qIasECTpwx9HqTvtvZiO/view?usp=sharing; https://drive.google.com/file/d/13ZjgALotEeCIDzIQ5vIyJK8NaEBn-OUG/view?usp=sharing,2,115,FALSE,
23414,Hồ Vĩnh Khoa – Bang Bang,https://xemtrai.top/ho-vinh-khoa-bang-bang/,https://xemtrai.top/wp-content/uploads/2021/11/hvk-bang-bang-21a-1024x683.jpg,Europe photo; Gay video; Hot model; Photo Set; Thailand photo; Vietnam photo; Vietnam video,https://drive.google.com/drive/folders/1YDczU-LFJ-91uuBLAcG2kwOEiVRU-jDA?usp=sharing; https://drive.google.com/file/d/11HbkT8RwxOmvXZrHsztmXabaDI-maPox/view?usp=sharing; https://drive.google.com/file/d/1y6cqUlGufSrc_n7jxIFhFYbn14hN2-Vt/view?usp=sharing,3,115,FALSE,
23343,ALAN – 高中學弟來討幹-無碼完整版,https://xemtrai.top/alan-%e9%ab%98%e4%b8%ad%e5%ad%b8%e5%bc%9f%e4%be%86%e8%a8%8e%e5%b9%b9-%e7%84%a1%e7%a2%bc%e5%ae%8c%e6%95%b4%e7%89%88/,https://blogger.googleusercontent.com/img/a/AVvXsEjZdUckmzVMS7qPtXCUe-6eiQURiMLMDgQvgXOWmOrLyZRxoT2z6LvN0hMGnrcI8oEr-w_KmWNe1PnZB7yjMSMXf26r5a0Ske62mSaAmbY5xRult8xEEykPvPikjVeEP28QHZNJOpTTETaEn7SXBRhefg92sNQagh7Kx9A-VG--Upes4DmPFql0m6tKxA=s16000,Asia video; Gay video,https://drive.google.com/file/d/1CJxY9jHaKWt0e5i0CXIAQiFUZRFp7L38/view?usp=sharing,1,115,FALSE,
23282,Nguyễn Tiến Quân vs mask bot – P3,https://xemtrai.top/nguyen-tien-quan-vs-mask-bot-p3/,https://xemtrai.top/wp-content/uploads/2021/11/NguyenTienQuan-vs-mask-bot-P3-720x380.jpg,Gay video; Vietnam video,https://drive.google.com/file/d/1zzeYIUkzZVy9jEuOA3oxwHef29JG1QNq/view?usp=sharing; https://drive.google.com/file/d/1h7EYjPNvZo7lP_BYG5auIWvErgACllgU/view?usp=sharing,2,115,FALSE,
22979,Hồ Vĩnh Khoa – Pool boy,https://xemtrai.top/ho-vinh-khoa-pool-boy/,https://xemtrai.top/wp-content/uploads/2021/11/hvk-pool-boy-6-1024x683.jpg,Europe photo; Gay video; Hot model; Photo Set; Thailand photo; Vietnam photo; Vietnam video,https://drive.google.com/drive/folders/17JT153uFuYTpQSSe6aZhMPntCPVXwDgz?usp=sharing; https://drive.google.com/file/d/1mf36eR9J1NbQBN2AgDtLayScT2R-GovO/view?usp=sharing; https://drive.google.com/file/d/1vB29ftUy735ospjl3BkxRkWbBivaTO9D/view?usp=sharing,3,115,FALSE,
22867,WAX – Đặng Quốc Đạt,https://xemtrai.top/wax-dang-quoc-dat/,https://xemtrai.top/wp-content/uploads/2021/11/Wax-Dang-Quoc-Dat-2.png,Hot model; Vietnam video,https://drive.google.com/file/d/1nH2Sh6O_VIs-O0q8j-8LxBHElEW_axi5/view?usp=sharing; https://drive.google.com/file/d/18BzpK__1K9mN_bDzWYd0wRguuxerAM92/view?usp=sharing,2,115,FALSE,
22779,Take a shower Clip 2– Pinky Nguyen,https://xemtrai.top/take-a-shower-clip-2-pinky-nguyen/,https://xemtrai.top/wp-content/uploads/2021/11/2021-11-07-1.png,Solo; Vietnam video,https://drive.google.com/file/d/1iGbtfKZr-EXJhcpP7JxtOMtIZU3UDbDS/view?usp=sharing,1,115,FALSE,
22735,MEN – Dale & Felix Fox – The Cock Stop Part 2,https://xemtrai.top/men-dale-felix-fox-the-cock-stop-part-2/,https://xemtrai.top/wp-content/uploads/2021/11/felix-fox-dale-the-cock-stop-2-MEN-720x380.png,Asia video; Europe video,https://drive.google.com/file/d/1j2lwSGMEX_SCCdH2chsLHAe2pnCibkJM/view?usp=sharing; https://drive.google.com/file/d/1Mqx36KvV1JPxNsiEWQRvjztTyTRWoYpZ/view?usp=sharing,2,115,FALSE,
22608,Hồ Vĩnh Khoa – Bloody Murder (Halloween 2021),https://xemtrai.top/ho-vinh-khoa-bloody-murder-halloween-2021/,https://xemtrai.top/wp-content/uploads/2021/11/HVK-bloody-murder-720x380.jpg,Gay video; Hot model; Photo Set; Vietnam photo; Vietnam video,https://drive.google.com/drive/folders/1wopovmCOQWVtlAnDOXSq_k10zHNA6-ww?usp=sharing; https://drive.google.com/file/d/1HI_SQhwMu2IIHHGvfuJS29Lrt-sHhUuF/view?usp=sharing; https://drive.google.com/file/d/1S2K_WNeIVk_K5vrOhOeeWXawIsvj8VkQ/view?usp=sharing,3,115,FALSE,
22569,Đặng Quốc Đạt solo cumshot,https://xemtrai.top/dang-quoc-dat-solo-cumshot/,https://xemtrai.top/wp-content/uploads/2021/10/Dang-Quoc-Dat-720x380.jpg,Hot model; Solo; Vietnam video,https://drive.google.com/file/d/19CCm96n9C6QoLkb0sloDJZqErUxna8h3/view?usp=sharing; https://drive.google.com/file/d/1OeASCUaPnAigaSoPNIMjrFHr_5SnixXB/view?usp=sharing; https://drive.google.com/file/d/1Rv_Lq56iIpd8IQW8iN0HqD1SWLO-pIH7/view?usp=sharing; https://drive.google.com/file/d/1o4wQ4K-rdM5LTxDeGN1Z7DiO5PuuWYcl/view?usp=sharing,4,115,FALSE,
22553,Nguyễn Tiến Quân vs mask bot – P2,https://xemtrai.top/nguyen-tien-quan-vs-mask-bot-p2/,https://xemtrai.top/wp-content/uploads/2021/10/NguyenTienQuan-vs-mask-bot-6-1024x573.png,Gay video; Vietnam photo; Vietnam video,https://drive.google.com/file/d/14eRCjp52CWJFfKnORnRLo6kfRjLcdAQZ/view?usp=sharing; https://drive.google.com/file/d/1f_Wq1UQMkwd4FNPm0K7AeiobTguixkqw/view?usp=sharing,2,115,FALSE,
22498,Take a shower – Pinky Nguyen,https://xemtrai.top/take-a-shower-pinky-nguyen/,https://xemtrai.top/wp-content/uploads/2021/10/pinkynguyen2.png,Solo; Vietnam video,https://drive.google.com/file/d/1vy9IqiE1vohYdywviQIIwLsi6rvacZJR/view?usp=sharing; https://drive.google.com/file/d/1Gw-YLc_FWAjawVf1iHllLmUA2urqnC1l/view?usp=sharing,2,115,FALSE,
22313,Hồ Vĩnh Khoa – Bromance 2,https://xemtrai.top/ho-vinh-khoa-bromance-2/,https://xemtrai.top/wp-content/uploads/2021/10/Bromance-2-720x380.jpg,Europe photo; Gay video; Photo Set; Thailand photo; Vietnam photo; Vietnam video,https://drive.google.com/drive/folders/1tarrIda9dQ7bNVre9X7p9XK4AgFv2n4A?usp=sharing; https://drive.google.com/file/d/1i6ZBxb9SxECh9FHRpJf7g2MeyhgIsLvX/view?usp=sharing; https://drive.google.com/file/d/1l8y2OjzASVOeZVgQp8sjGykcr6o4009T/view?usp=sharing,3,115,FALSE,
22095,Hồ Vĩnh Khoa – Sin city,https://xemtrai.top/ho-vinh-khoa-sin-city/,https://blogger.googleusercontent.com/img/a/AVvXsEhRnTd2qnbWMog8jbY-PaxKsJPQqCxinlgbPTpdGk5XPfo4pgOZnu1yuTxJV9BL1mkCjHiuYiHN7dR6MdAC7NWa7DsziOBaOSXs-Ecsqx-FtS-iDET1qAsXEUsHNK2toCSto4v0pFNm0sDFsYt_-Uk09pX82GeWHcze-54Rdu1ilmNRF3b8y2um817v=s16000,Europe photo; Gay video; Photo Set; Thailand photo; Vietnam photo; Vietnam video,https://drive.google.com/file/d/1rx7FATixKmHQoY_4zzMDg3eic5PXAyqi/view?usp=sharing; https://drive.google.com/file/d/10wQRp9dEa_uK2nH8o3Q8JSjE7M-Y2PuP/view?usp=sharing,2,115,FALSE,
22043,STR8BOYS – 1928812 – Reiya,https://xemtrai.top/str8boys-1928812-reiya/,https://xemtrai.top/wp-content/uploads/2021/10/1928812-720x380.jpg,Asia video,https://drive.google.com/file/d/1rl0KJigSyUWCjRhtmn248koFQlDtL0xi/view?usp=sharing; https://drive.google.com/file/d/1gPWYi66pDhXT6wvNdbXcyvQrTwvj_pTV/view?usp=sharing,2,115,FALSE,
21984,Hồ Vĩnh Khoa – Sweat box,https://xemtrai.top/ho-vinh-khoa-sweat-box/,https://xemtrai.top/wp-content/uploads/2021/10/HVK-sweat-box-720x380.jpg,Europe photo; Gay video; Photo Set; Thailand photo; Vietnam photo; Vietnam video,https://drive.google.com/drive/folders/13FNSbI3FJg57LeVJaZsBYYKNjnpmp4oN?usp=sharing; https://drive.google.com/file/d/1Q7Wr93ATTC0GbVwz50hx_hQWW-Sl86JW/view?usp=sharing; https://drive.google.com/file/d/1_CivtK5wEaIcb2hga4Q2oHVu9GCmaV2B/view?usp=sharing,3,116,FALSE,
21874,Hồ Vĩnh Khoa – Orgy Overload,https://xemtrai.top/ho-vinh-khoa-orgy-overload/,https://xemtrai.top/wp-content/uploads/2021/09/HVK-1-720x380.jpg,Europe photo; Gay video; Photo Set; Thailand photo; Vietnam photo; Vietnam video,https://drive.google.com/drive/folders/1W8tlyeJMZ3n4IHvhhxuBl-L_K8YU4BlS?usp=sharing; https://drive.google.com/file/d/1Ny7FnBeVsanI8ewhCW9R0Tb2aI4O5OwQ/view?usp=sharing,2,116,FALSE,
21851,Burning Art Vol 33 – Part 2 [Video],https://xemtrai.top/burning-art-vol-33-part-2-video/,https://upload.xemtrai.top/2023/09/Burn-33-1-720x380.jpg,Asia video; Straight guys,https://drive.google.com/file/d/1vp4EpeUszAX25VJ_GncHMVFNsVjdtoOv/view?usp=sharing,1,116,FALSE,
21833,Burning Art Vol 33 [Ebook+Video],https://xemtrai.top/burning-art-33-ebookvideo/,https://xemtrai.top/wp-content/uploads/2021/09/Burn-33-720x380.jpg,Asia video; Straight guys,https://drive.google.com/drive/folders/15O5Bs3sheYIcFGMYKioV-Y4PpJzdUPEX?usp=sharing; https://drive.google.com/file/d/1lqDhdWLAYPGsxBsRLMiF0rGSMunr7_eM/view?usp=sharing; https://drive.google.com/file/d/1jMTnAivhdH08ja6TV9NYCK8Vrh8-9608/view?usp=sharing,3,116,FALSE,
21696,Hồ Vĩnh Khoa – Bromance,https://xemtrai.top/ho-vinh-khoa-bromance/,https://xemtrai.top/wp-content/uploads/2021/09/BROMANCE-HVK--720x380.jpg,Europe photo; Gay video; Hot model; Photo Set; Thailand photo; Vietnam photo; Vietnam video,https://drive.google.com/drive/folders/1GHAOaqcjI1tnPKtZYHs5mAHdmSGweHj_?usp=sharing; https://drive.google.com/file/d/1hwc2PoS0ViMduNYJZHuA0m6wiXZlgRmN/view?usp=sharing,2,116,FALSE,
21703,HUNK CHANNEL – OGP0018,https://xemtrai.top/hunk-channel-ogp0018/,https://upload.xemtrai.top/2023/10/bc2e4ffcbde6261be815-1-720x380.jpg,Asia video,https://drive.google.com/file/d/1HMbWUYcY4JKtJl4DolNkKQ078u_Ribo4/view?usp=sharing,1,116,FALSE,
21567,Hunt Series EP.04 – The Intoxicated,https://xemtrai.top/hunt-series-ep-04-the-intoxicated/,https://xemtrai.top/wp-content/uploads/2021/08/Hunt4-720x380.jpg,Photo Set; Thailand photo; Thailand video,https://drive.google.com/file/d/1ZodovD3P4JqFklZXM_6uiXbs061uADRK/view?usp=sharing,1,116,FALSE,
21319,Hồ Vĩnh Khoa – All You Can Eat,https://xemtrai.top/ho-vinh-khoa-all-you-can-eat/,https://lh3.googleusercontent.com/pw/AM-JKLWtOVSPtVJmJ9jAvh9TFPN5-nQ791QiD6yXXNoNQTfG96KP0-EvBeU_9n6MGERpxk297APk7DBE7694gMB3qj-KMDq8Rb5vxhOYbMC-l-D5J-vQ_e6RaSKUybxG0QlPMVrDkMYaqefxnhN1vsAYFVhg=w1535-h939-no?authuser=7,Europe photo; Gay video; Hot model; Photo Set; Thailand photo; Vietnam photo; Vietnam video,https://drive.google.com/file/d/1X_uVdMZ14AsFXOonv8zLpxUeNU5VJYaP/view?usp=sharing,1,116,FALSE,
20549,Nguyễn Tiến Quân – Oh my God 6 (fuck guy raw),https://xemtrai.top/nguyen-tien-quan-oh-my-god-6-fuck-guy-raw/,https://1.bp.blogspot.com/-O-NmTD530vQ/YQvgXJ4-Y4I/AAAAAAAAKq0/l34ZyTMa_EsidGNGL0JR7KSvoNBU-SqKACLcBGAsYHQ/s16000/3.png,Gay video; Vietnam photo; Vietnam video,https://drive.google.com/file/d/1kdn2tG8TEry3he7l9wyRpfm2g2rrAY7w/view?usp=sharing,1,116,FALSE,
20537,Hồ Vĩnh Khoa – Twerk It,https://xemtrai.top/ho-vinh-khoa-twerk-it/,https://1.bp.blogspot.com/-34BEPKResbo/YQqJ8BemKXI/AAAAAAAAKpI/BD7rw5dxb_QN28NiMXOqyhgUkVYdkgLZQCLcBGAsYHQ/s16000/8AA.jpg,Hot model; Photo Set; Thailand photo; Vietnam photo; Vietnam video,https://drive.google.com/drive/folders/1HVVSEgGDMWqPaNg5NHzgwv4yeczZcgEU?usp=sharing; https://drive.google.com/file/d/1PdYx9S0pKY4CMBhx1HdHinpVLnH9TBiv/view?usp=sharing,2,116,FALSE,
20524,Young gay porn video – Yowei,https://xemtrai.top/young-gay-porn-video-yowei/,https://1.bp.blogspot.com/-izOV_E-0cvw/YQfiPKw6S0I/AAAAAAAAKlk/SJTDvR1FLmUjjnn17Wl8_GXsSxB9jjJBwCLcBGAsYHQ/s16000/Young.jpg,Asia video; Gay video,https://drive.google.com/file/d/1cgyJZckfvzzqS_lC9N80C5iDHH1LiUze/view?usp=sharing; https://drive.google.com/file/d/1SUl5wcm5UxK0SGoWN2xpOAdUYOSvgof8/view?usp=sharing,2,116,FALSE,
20465,Kuroshio multimedia – Alan,https://xemtrai.top/kuroshio-multimedia-alan/,https://1.bp.blogspot.com/-N0frYxbCnc8/YP6_1lcWTdI/AAAAAAAAKaw/K1Hm--M9cSMzqsazY2rm5eQueAXMGUgMwCLcBGAsYHQ/s16000/5.png,Asia video; Gay video,https://drive.google.com/file/d/1EYikmLSg3PwYxr18v4OlD45Bo4ngA4NJ/view?usp=sharing; https://drive.google.com/file/d/1lLTb4ODowBWgjJZCWl5PgWbVnPHMMqRT/view?usp=sharing,2,116,FALSE,
20397,Hồ Vĩnh Khoa – A Double Shift,https://xemtrai.top/ho-vinh-khoa-a-double-shift/,https://1.bp.blogspot.com/-RHAav1HY0bA/YPwFvA6otbI/AAAAAAAAKWk/C-rtibvJQtsL3-ezyVyPPTk_5ESm-m6JgCLcBGAsYHQ/s16000/4a.png,Europe photo; Gay video; Photo Set; Thailand photo; Vietnam photo; Vietnam video,https://drive.google.com/drive/folders/17RRHXgbXb23nS67ijYld032GNvqK3gnI?usp=sharing; https://drive.google.com/file/d/12f1mHRZUoo-EOcOplR4Gp3VlTHu23Iuf/view?usp=sharing,2,116,FALSE,
20283,Trai Hoa Nắng – Minh x Tiến,https://xemtrai.top/trai-hoa-nang-minh-x-tien/,https://1.bp.blogspot.com/-M9ULOXkL7nI/YO2DvEyNmYI/AAAAAAAAKL8/Is3FiTeMw8EoaeLT7qHLVe6b8y42N8S3QCLcBGAsYHQ/s16000/Minh-Tien.jpg,Gay video; Vietnam video,https://drive.google.com/file/d/1cLTkOhBqlmUH_CU_Liht33n3VCnyJ45t/view?usp=sharing; https://drive.google.com/file/d/1HU5t3SPKl4ZPFDq5_4I4hOLmTMu8opNY/view?usp=sharing,2,116,FALSE,
20242,FC2 Video – PPV-1899950,https://xemtrai.top/fc2-video-ppv-1899950/,https://1.bp.blogspot.com/-Nu5JY8KOzOs/YOmYNfyejBI/AAAAAAAAKEg/uTO3vIZKryYoFv84h3f4X7pcn7mJguuwQCLcBGAsYHQ/s16000/z2465307728674_76b765c9f2cfaecc9b9e2f3067935631aaaa.jpg,Asia video,https://drive.google.com/file/d/1VrjfuGFSxo7VJK9XZKHfLFwOzxETJ7A4/view?usp=sharing,1,116,FALSE,
20171,Hồ Vĩnh Khoa – Meat Me in the Bathroom,https://xemtrai.top/ho-vinh-khoa-meat-me-in-the-bathroom/,https://1.bp.blogspot.com/-txRV-m_SheI/YOMNbSa9bvI/AAAAAAAAJ78/2CDfLblkyvkm9kFVsm4jpKc4aAjq8RDLQCLcBGAsYHQ/s16000/Ho%2BVinh%2BKhoa.jpg,Europe photo; Gay video; Photo Set; Thailand photo; Vietnam photo; Vietnam video,https://drive.google.com/drive/folders/1LfFYO7jbuloEhYKqbtokRy6UKMAu_XT7?usp=sharing,1,116,FALSE,
19945,Hunt Series EP.03 – Anawin Siriwan (Bot) & Odin Ooi (Top),https://xemtrai.top/hunt-series-ep-03-anawin-siriwan-bot-odin-ooi-top/,https://1.bp.blogspot.com/-7wwy_2hg0JE/YOETc-sDN8I/AAAAAAAAJuY/h9kiNyB32vY2mlzpEQMc8eujN1wstxxEwCLcBGAsYHQ/s16000/hunt%2Bseries%2B3.jpg,Gay video; Photo Set; Thailand photo; Thailand video,https://drive.google.com/file/d/1cH8Ak7ztDsju98zIMR2hk4AYHA3_Qvc-/view?usp=sharing; https://drive.google.com/file/d/1bySQsSwXdg2h_QM8_aKyL2FbbNDDCbL4/view?usp=sharing,2,116,FALSE,
19934,Trai Hoa Nắng – Nghĩa x Tiến,https://xemtrai.top/trai-hoa-nang-nghia-x-tien/,https://1.bp.blogspot.com/-J-GocAIrE98/YN8S00YhOHI/AAAAAAAAJr8/vOGNoSbMGfohXKQh_tEUwdHogEWpJZ8NgCLcBGAsYHQ/s16000/Traihoanang-Ngia-Tien.jpg,Gay video; Vietnam video,https://drive.google.com/file/d/1EVlmUxj-YPgTnzwcOE6ksi8BKx4mqMSe/view?usp=sharing; https://drive.google.com/file/d/1cP_BmjopA03ZL8CqI9UbblY5RCPkRvyJ/view?usp=sharing,2,116,FALSE,
19915,Trai Hoa Nắng – Long ka đâm ass Hiếu,https://xemtrai.top/trai-hoa-nang-long-ka-dam-ass-hieu/,https://1.bp.blogspot.com/-V0t0vlwqoUY/YNyAt4NdhyI/AAAAAAAAAUw/1iFxDCmGtrg0_aGYIH-E3YYw0VsbRJbBACLcBGAsYHQ/s16000/LongKa.jpg,Gay video; Vietnam video,https://drive.google.com/file/d/11uIXbJMbQDOHkCLMuDFv1ZNMh5N7kXuk/view?usp=sharing,1,117,FALSE,
20162,TRANCE VIDEO – TO-SW001,https://xemtrai.top/trance-video-to-sw001/,https://1.bp.blogspot.com/-LATD8W8J1Js/YOLu4hOjH7I/AAAAAAAAJ6I/QhMbHSEI0RgZL6gqiYLuyMi-t_ag1UiKACLcBGAsYHQ/s16000/TO-SW001-01.jpg,Asia video,https://drive.google.com/file/d/1DjVgli9Wj42-j_gKnA5_OFWKJgNdDPy3/view?usp=sharing,1,117,FALSE,
19889,Nguyễn Tiến Quân – OMG Present,https://xemtrai.top/nguyen-tien-quan-omg-present/,https://1.bp.blogspot.com/-uvRXs-73gUI/YNiBT3n-X6I/AAAAAAAAJls/Wim0cuivMgIia0siJT6A8rfs4nSWEqwbACLcBGAsYHQ/s16000/Nguyen%2BTien%2BQuan%2Bfuck%2Bbot%2B%25286a%2529.jpg,Gay video; Vietnam video,https://drive.google.com/file/d/1XSG0V9LcU1JPbff2Gj_OoLiCdTpmobo1/view?usp=sharing; https://drive.google.com/file/d/12-hlKG0CXXrljgNfwg2OhxbkmaEhaVsx/view?usp=sharing,2,117,FALSE,
19838,Jerking off Solo 3 – Đặng Quốc Đạt,https://xemtrai.top/jerking-off-solo-3-dang-quoc-dat/,https://1.bp.blogspot.com/-JDtVXGPayrI/YNR60JflJKI/AAAAAAAAJdw/xfrNaTEmE6citk6-TflnsWhSv3eLKq5FACLcBGAsYHQ/s16000/Dang%2BQuoc%2BDat%2Bkhoa%2Bthan.jpg,Hot model; Solo; Vietnam video,https://drive.google.com/file/d/1SqQf4pIIdD3bj8AESHe3Jh-rarTFrsXd/view?usp=sharing,1,117,FALSE,
20149,CockyBoys – Johnny Ford & Zeke Wood,https://xemtrai.top/cockyboys-johnny-ford-zeke-wood/,https://1.bp.blogspot.com/-FYZJ4cKntKY/YOLsBIulHBI/AAAAAAAAJ6A/euySC9WxNPsT1wyd8XPfO7qwV0PkZa-3gCLcBGAsYHQ/s16000/johny-ford-zeke-wood-47.jpg,Europe video; Photo Set,https://drive.google.com/file/d/1P3of9wihVs9BiGYIHtyj3mrPzEEMftIW/view?usp=sharing,1,117,FALSE,
20147,SeanCody – Miles & Ashton,https://xemtrai.top/seancody-miles-ashton/,https://1.bp.blogspot.com/-CDmRrbnUgFo/YOLrt5iw2fI/AAAAAAAAJ54/hUFbl1M7AgQQAiYzXEJKNq1OeCzINS-jQCLcBGAsYHQ/s16000/sean_cody-miles_and_ashton_bareback_5_28634_2.jpg,Europe video,https://drive.google.com/file/d/1mjIbeijf-FYgizZgRHhOu9P37o0FfCyV/view?usp=sharing,1,117,FALSE,
19549,Hồ Vĩnh Khoa – Screw me,https://xemtrai.top/ho-vinh-khoa-screw-me/,https://1.bp.blogspot.com/-gZ4NJtcXR8w/YMYAqv7t4ZI/AAAAAAAAJHU/YQWV_MTcNgQLC_03IfYwPuCbiUEd2OYDQCLcBGAsYHQ/s16000/Screw%2Bme%2B%25288a%2529.jpg,Gay video; Hot model; Photo Set; Thailand photo; Vietnam photo; Vietnam video,https://drive.google.com/drive/folders/1NiSCpC6v_0XGueGn8kj3vDm3plp4QZvI?usp=sharing; https://drive.google.com/file/d/1XILegZ-Uz2cJGWxFRA_hL1auTPVvacEt/view?usp=sharing,2,117,FALSE,
20146,SeanCody – Stu & Tanner -Bareback,https://xemtrai.top/seancody-stu-tanner-bareback/,https://1.bp.blogspot.com/-Xg4unAYKdWE/YOLq89GIXEI/AAAAAAAAJ5w/i4e3ZVaJq2AG0579VUxqSA7DzDzQZtn-QCLcBGAsYHQ/s16000/328190-cover.jpg,Europe video; Photo Set,https://drive.google.com/file/d/1wWRs3sbdNFrGtvqwwnPEvUfyaOhL4b_f/view?usp=sharing,1,117,FALSE,
19867,HUNK CHANNEL – OAV571,https://xemtrai.top/hunk-channel-oav571/,https://1.bp.blogspot.com/-WOJype9Ro74/YKpsWffiXvI/AAAAAAAAIh4/QNa8EagQDdIWYNVPmwua5eXkoRJ_7VrxQCLcBGAsYHQ/s16000/OAV571.jpg,Asia video,https://drive.google.com/file/d/1OHUCIoZ2y34HCIeqBd9-7bzqtjLtvBIc/view?usp=sharing,1,117,FALSE,
19868,HUNK CHANNEL – OAV557,https://xemtrai.top/hunk-channel-oav557/,https://1.bp.blogspot.com/-Iz1LBonEE-I/YKprV0I0ztI/AAAAAAAAIho/yeogz2qriH0zC9vfNBngEm9VDVJdaaLlgCLcBGAsYHQ/s16000/376bfa455174a9622aed41f08429c881.jpg,Asia video,https://drive.google.com/file/d/13zbe1zq840V__RvLMRnhmOeHwUGyj55G/view?usp=sharing,1,117,FALSE,
19390,Hồ Vĩnh Khoa – X RATED,https://xemtrai.top/ho-vinh-khoa-x-rated/,https://1.bp.blogspot.com/-de-iU4qKdSk/YLeJRtT3eGI/AAAAAAAAI1Q/3M5_X1ZlxfsI2G4ruMkJM0nglTE2jzY5ACLcBGAsYHQ/s16000/X%2BRated%2B%25287a%2529.jpg,Europe photo; Gay video; Thailand photo; Vietnam photo; Vietnam video,https://drive.google.com/drive/folders/1LNtmMfvY39k-TAKd7gxBAmhRpmyW42M1?usp=sharing; https://drive.google.com/file/d/1up0z8ItpbmgRXCi6HwEakFPxAV5WoP4F/view?usp=sharing,2,117,FALSE,
19869,HUNK CHANNEL – OAV506,https://xemtrai.top/hunk-channel-oav506/,https://1.bp.blogspot.com/-ndkuaBAe1jQ/YKpqoa-FrzI/AAAAAAAAIhY/KnhwXDBuUDMp4rTc58fG_BqFoAayDLJYACLcBGAsYHQ/s16000/oav506.jpg,Asia video,https://drive.google.com/file/d/1Ey0fPRwydTpa6FtMF7jWYlcbumyMzrPQ/view?usp=sharing,1,117,FALSE,
19366,Labour Bkk Underground EP.05 – Work From Home,https://xemtrai.top/labour-bkk-underground-ep-05-work-from-home/,https://1.bp.blogspot.com/-pXlXn9Oj_7Q/YK5QfkXS1QI/AAAAAAAAIqE/7A5LgSN6GFUiVekagT_rzHJHIp0Nt6b0gCLcBGAsYHQ/s16000/3840x2675_fb471cbb54f4cdbb1100eda56f4a3d13.jpg,Girl video; Thailand video,https://drive.google.com/file/d/1UPs7h-zfpD0CFYoBz68lauBpM6ue-E5k/view?usp=sharing,1,117,FALSE,
19863,TRANCE VIDEO – TM-GN031,https://xemtrai.top/trance-video-tm-gn031/,https://1.bp.blogspot.com/-whErkOUMrEQ/YNcNZkE9W0I/AAAAAAAAJf0/-34ZSKSABykC8k1Ay4nfIXLXS7kqvEUEwCLcBGAsYHQ/s16000/TM-GN031-01.jpg,Asia video,https://drive.google.com/file/d/1esAKFEIFPRWgc5wwBWeluaaUsfELxuhz/view?usp=sharing,1,117,FALSE,
19860,TRANCE VIDEO – TO-NS006,https://xemtrai.top/trance-video-to-ns006/,https://1.bp.blogspot.com/-hj9f76X4TI8/YMNkvRJBt3I/AAAAAAAAJBY/Sc8Xhzi7gD4Mr9KhKBdof1TzgP5fHQ8rwCLcBGAsYHQ/s16000/TO-NS006.jpg,Asia video,https://drive.google.com/file/d/1005_NX86LPQTtPdfRi-yr046UbUGd6r_/view?usp=sharing,1,117,FALSE,
20142,EastBoys – SHANE ROBINSON (HandJob),https://xemtrai.top/eastboys-shane-robinson-handjob/,https://1.bp.blogspot.com/-BKCC-niHZxg/YOLl80OnGkI/AAAAAAAAJ4Q/Qw_hiMd8IOoXnPWOkGO0-PlRqdnWdjCKACLcBGAsYHQ/s16000/01.jpg,Europe video; Photo Set,https://drive.google.com/file/d/1GPab_9VLRRrxLsToNmeazESD0ynNNO5Z/view?usp=sharing,1,117,FALSE,
19857,TRANCE VIDEO – TM-PB010,https://xemtrai.top/trance-video-tm-pb010/,https://1.bp.blogspot.com/-XSTb90tiUvA/YNXbCLAtWaI/AAAAAAAAJfo/ZOZSTaCTmjUN55Wwim6DvHPktTfCyeKzgCLcBGAsYHQ/s16000/TM-PB010.jpg,Asia video,https://drive.google.com/file/d/1fR3uL5BuBhxa6dyqrfGroimBK_MgibjX/view,1,117,FALSE,
19182,Hồ Vĩnh Khoa – The Road to Temptation [Ebook+Video],https://xemtrai.top/ho-vinh-khoa-the-road-to-temptation-ebookvideo/,https://1.bp.blogspot.com/-y5U6ycpupcc/YKOws-t5gcI/AAAAAAAAIa8/QBzDfHJWEEE6uqihx6Vut0Wb9CKcgqQAwCLcBGAsYHQ/s16000/Screenshot%2B%25286%2529.png,Gay video; Photo Set; Thailand photo; Vietnam photo; Vietnam video,https://drive.google.com/drive/folders/1BdcDTTLmtT-WXoAFFpNq7LUb01nhR5wN?usp=sharing; https://drive.google.com/file/d/1qQO1oljhthbMiZelh8wnD_33naChcQ2_/view?usp=sharing,2,117,FALSE,
19159,Trai công sở fuck Lê Ngọc Minh,https://xemtrai.top/trai-cong-so-fuck-le-ngoc-minh/,https://1.bp.blogspot.com/-Ap-3x5PSODY/YJ_QuQt40LI/AAAAAAAAITE/rk9yoPIE2hMwfLbpG8bwW5i8RjJOBBQlQCLcBGAsYHQ/s16000/Trainude%2B%25281%2529.png,Gay video; Vietnam photo; Vietnam video,https://drive.google.com/file/d/1qYEoHkMlIfoWfPKnRkWds4k-uwtAioBT/view?usp=sharing; https://drive.google.com/file/d/1iM3GQsydTAqGM1OwhFVE6gIDn83OCC14/view?usp=sharing,2,118,FALSE,
19820,HUNK CHANNEL – OGVN153,https://xemtrai.top/hunk-channel-ogvn153/,https://1.bp.blogspot.com/-BCHMGQjpPPM/YNHzJiAv25I/AAAAAAAAJbE/bMqaov2GDgIbI2ezPEXK8F1u6jxwJwtrwCLcBGAsYHQ/s16000/20181210204214_20429%2B%25281%2529.jpg,Asia video,https://drive.google.com/file/d/18qupTCXt3ZXqNglsZlGAw8UiaRwGQAva/view?usp=sharing,1,118,FALSE,
19117,Hồ Vĩnh Khoa – Bunny fuck,https://xemtrai.top/ho-vinh-khoa-bunny-fuck/,https://1.bp.blogspot.com/-3XGy0aIY7ww/YI1eqMpnnyI/AAAAAAAAIAY/WwPFsnfzKDYAuCbELkSxWIxXZj68AqzSwCLcBGAsYHQ/s16000/Screenshot_127.png,Hot model; Photo Set; Thailand photo; Vietnam photo; Vietnam video,https://drive.google.com/drive/folders/1_YeWbH9PUmgKHlhPiCR3-ghWfgrh3ZMK?usp=sharing,1,118,FALSE,
20143,TimTales – Maksim Orlov fucks Vladimir Stark,https://xemtrai.top/timtales-maksim-orlov-fucks-vladimir-stark/,https://1.bp.blogspot.com/-LIZhDb4hgKk/YOLnbX5CpNI/AAAAAAAAJ5Y/LTJMx3rkjVg6FrGU6T-gxjLsAAzvnqz0QCLcBGAsYHQ/s16000/01%2B%25281%2529.jpg,Europe video,https://drive.google.com/file/d/1fHxYxeRbwCcPjEJhwe9xIwzfENCB8Yp7/view,1,118,FALSE,
19817,TRANCE VIDEO – TO-RQ033,https://xemtrai.top/trance-video-to-rq033/,https://1.bp.blogspot.com/-575-95LdlHQ/YLo58PuoD5I/AAAAAAAAI4c/jzlm7Jgw4n8r2w0w1e5T5nfdEp-L3TbxwCLcBGAsYHQ/s16000/3b2e95b31a2cb2b6fdf4.jpg,Asia video,https://drive.google.com/file/d/1FV6BLMw-bczyf8R7_5uCPBF1qdDsHi3X/view?usp=sharing,1,118,FALSE,
19813,TRANCE VIDEO – TR-HO027,https://xemtrai.top/trance-video-tr-ho027/,http://pic2.jpboy1069.org/TR-HO027.jpg,Asia video,https://drive.google.com/file/d/1Z9QXplcRbz2XyQa7ShdCZN_vjJQhPlTe/view?usp=sharing,1,118,FALSE,
19777,TRANCE VIDEO – TM-SK003,https://xemtrai.top/trance-video-tm-sk003/,https://1.bp.blogspot.com/-YdZF5DBCMqk/YLeQ79guT4I/AAAAAAAAI2Q/aZD9TY_uO3AUfkZQve30DO8lDCyoz4zSQCLcBGAsYHQ/s16000/TM-SK003.jpg,Asia video,https://drive.google.com/file/d/1z9zPztBzqnRDYEvwjf58d_gUnkEwSfgJ/view?usp=sharing,1,118,FALSE,
19774,HUNK CHANNEL – GV-SKT9003,https://xemtrai.top/hunk-channel-gv-skt9003/,https://1.bp.blogspot.com/-TiEXLgzb15U/YLeQ19-1TtI/AAAAAAAAI1w/2xm8bL5zzZ0WvA8BqQZboy8OPbgNkMCAgCLcBGAsYHQ/s16000/GV-SKT9003.jpg,Asia video,https://drive.google.com/file/d/1w-3b1y0yt3HM9Vt_vZHnhfWIWGhISstX/view?usp=sharing,1,118,FALSE,
19107,Nguyễn Tiến Quân – Oh my God 5 (vs Văn Chiến),https://xemtrai.top/nguyen-tien-quan-oh-my-god-5-vs-van-chien/,https://1.bp.blogspot.com/-1RCkjzXNukQ/YIq1wrpfONI/AAAAAAAAH_c/KGzas-Ke58EDFMCLHIC4bKEGFoaUqx68wCLcBGAsYHQ/s16000/1.png,Gay video; Vietnam photo; Vietnam video,https://drive.google.com/file/d/1PC48r-uO4kqfik9cbH-1XnaQxBt64mRH/view?usp=sharing; https://drive.google.com/file/d/1iSOYvaa-iBylWwZr9RrO66oUxzlKhVzk/view?usp=sharing,2,118,FALSE,
19771,TRANCE VIDEO – TM-PH008,https://xemtrai.top/trance-video-tm-ph008/,https://1.bp.blogspot.com/-ykSOWqLu4ko/YLeQ7IEzeAI/AAAAAAAAI2I/QWB_ljM8WjoDgovs3S0aCjJgzRIjQ4QhgCLcBGAsYHQ/s16000/TM-PH008.jpg,Asia video,https://drive.google.com/file/d/1mnqjW-WOr8zqx2QRufwYPs1k0qmCsSyM/view?usp=sharing,1,118,FALSE,
19768,TRANCE VIDEO – TO-WA023,https://xemtrai.top/trance-video-to-wa023/,https://1.bp.blogspot.com/-9qwzYhDZz9Y/YLeQ9WGURpI/AAAAAAAAI2c/_knTqnha-7M15GLMaIBu9kvDWn6bi8tMACLcBGAsYHQ/s16000/TO-WA023.jpg,Asia video,https://drive.google.com/file/d/1Y6XNLbgfFEiZ1G1ynLlWLSTE5rdYHI2U/view?usp=sharing,1,118,FALSE,
19764,BOY STUDIO 0234,https://xemtrai.top/boy-studio-0234/,https://1.bp.blogspot.com/-pa9Iz7rHxrU/YLeQzOkucBI/AAAAAAAAI1k/T9u0vjf6vKQXYAL-0e6vmxvrBMv_EOUUgCLcBGAsYHQ/s16000/BOYST0234.jpg,Asia video,https://drive.google.com/file/d/1xudaajNVEwHDYY7XodMWdWFihOB33lBz/view?usp=sharing,1,118,FALSE,
19756,TRANCE VIDEO – TR-CS005,https://xemtrai.top/trance-video-tr-cs005/,https://1.bp.blogspot.com/-6TUf8e1Nohw/YM8b4HbfAjI/AAAAAAAAJTA/_HSDCvYjV0kSRIB9eOUb9hi1-ddpqOMOACLcBGAsYHQ/s16000/TR-04-0005-01-01_1.jpg,Asia video,https://drive.google.com/file/d/14d26URBSI2c5H1JfKe8lyKPZobUWfZru/view?usp=sharing,1,118,FALSE,
19753,HUNK CHANNEL – GV-DSK1003,https://xemtrai.top/hunk-channel-gv-dsk1003/,https://1.bp.blogspot.com/-wn0uAj2R6dI/YM8bFxo30eI/AAAAAAAAJSo/O8kDxiqmFJs5voA8lBc4FX2IwkSErs1AQCLcBGAsYHQ/s16000/GV-DSK1003.jpg,Asia video,https://drive.google.com/file/d/1th245oaZEf1gxSka2KaC9_viZn_LMwnL/view?usp=sharing,1,118,FALSE,
19749,TRANCE VIDEO – TM-GN098,https://xemtrai.top/trance-video-tm-gn098/,http://pic2.jpboy1069.org/TM-GN098.jpg,Asia video,https://drive.google.com/file/d/1fXS-68DRrcf-UTk3bd09sIweUZNTQSIV/view?usp=sharing,1,118,FALSE,
18955,Nguyễn Tiến Quân – Oh my God 4,https://xemtrai.top/nguyen-tien-quan-oh-my-god-4-long-xuyen/,https://1.bp.blogspot.com/-OGFhZ3RMVZg/YG8VFPXBmDI/AAAAAAAAH2c/tJLrsHPXjJUtVO4MLOjOggdDeLjBzciZgCLcBGAsYHQ/s16000/5.png,Gay video; Vietnam photo; Vietnam video,https://drive.google.com/file/d/1jHN3mNWJF8kwm_i_iyNBdad__1Q-opzn/view?usp=sharing; https://drive.google.com/file/d/1YCo7hD0fVOdvud22I5ZCugr_gJN3FOQO/view?usp=sharing,2,118,FALSE,
19746,TRANCE VIDEO – TM-NS010,https://xemtrai.top/trance-video-tm-ns010/,http://pic2.jpboy1069.org/TM-NS010.jpg,Asia video,https://drive.google.com/file/d/1BtqaFBOxK77ihtrzKRwLujzhP-HnLrh1/view?usp=sharing,1,118,FALSE,
19716,FC2 Video – PVV-1624635,https://xemtrai.top/fc2-video-pvv-1624635/,https://1.bp.blogspot.com/--SQ_a61qbk0/YMyhW5BhyuI/AAAAAAAAJRE/pp7V_E4IS8MPHrFc9LecLsn0zlav5uizACLcBGAsYHQ/s16000/PVV-1624635aa.jpg,Asia video,https://drive.google.com/file/d/1wEYz_ZhiU56ShTK6mhHxqvoJ3St4zYHu/view?usp=sharing,1,118,FALSE,
18864,Hồ Vĩnh Khoa – Make Me Wet,https://xemtrai.top/ho-vinh-khoa-make-me-wet/,https://upload.xemtrai.top/2023/10/3840x2560_45b369104ebd5a23cad06076b4d98d99-720x380.jpg,Photo Set; Thailand photo; Vietnam photo; Vietnam video,https://drive.google.com/drive/folders/1KMUsqWolZo-2txj6AyWAHK9JUjdOjCcL?usp=sharing; https://drive.google.com/file/d/1Ez16V7VWtFGJPQlkaSBdMTpXHPePCsCM/view?usp=sharing,2,119,FALSE,
19662,BOY STUDIO 0220,https://xemtrai.top/boy-studio-0220/,https://1.bp.blogspot.com/-9YefFF2xfGw/YKuy9ugICBI/AAAAAAAAIlM/iCQ9sKwgAloCMgaM9wSRSJWlgp7tc6uDACLcBGAsYHQ/s16000/BOY-220.jpg,Asia video,https://drive.google.com/file/d/1mCeBzvJ3Djm9NY6kyXWfeQQIm666h3LM/view,1,119,FALSE,
19732,TRANCE VIDEO – TM-GN054,https://xemtrai.top/trance-video-tm-gn054/,https://1.bp.blogspot.com/-BIw2gM4LrBo/YMyzhNfQx6I/AAAAAAAAJSU/vcEGY2sJZiQ3Bpi1LI1qN9s7a-R5QB49QCLcBGAsYHQ/s16000/TM-GN054-01.jpg,Asia video,https://drive.google.com/file/d/1I9yutPB3WdOWaviSxXagipedOPT-BZvW/view?usp=share_link,1,119,FALSE,
18676,Nguyễn Tiến Quân – Oh my God 3,https://xemtrai.top/nguyen-tien-quan-oh-my-god-3/,https://1.bp.blogspot.com/-eW1BA4enNAI/YEdx0xLT01I/AAAAAAAAHdI/_ULu7SDPrPIk-XxUYisISz8Cnc3Px_U8ACLcBGAsYHQ/s16000/Nguyen%2BTien%2BQuan%2Bsex%2B%25289%2529.png,Gay video; Vietnam photo; Vietnam video,https://drive.google.com/file/d/191RRrnu0RQRfQdeC4B6VdbRZWp2H8sRc/view?usp=sharing,1,119,FALSE,
18548,Hồ Vĩnh Khoa – Bar Bitch,https://xemtrai.top/ho-vinh-khoa-bar-bitch/,https://lh3.googleusercontent.com/pw/ADCreHfw2g0aSzg-4uttb0optcLd5U0NeXqLt1y6HtAebXefRJVGfmzrQ1k2arUh2SXMGHtJtC-E4n4pStgntEGVPvz_WL6gMQqdMImUz9a50jns-Mwg9lJR7hD_B13P09ey05P4cBCPPz7vq3ODuePfqyo=w1340-h894-s-no-gm?authuser=0,Europe photo; Gay video; Hot model; Photo Set; Thailand photo; Vietnam photo; Vietnam video,https://drive.google.com/drive/folders/1LwdCwAHx1lzZizyDTJ0ews5fyFZkklo7?usp=sharing; https://drive.google.com/file/d/1Qr4dffGM_fptNkg1hld1ZzBbbE-rhkpo/view?usp=sharing,2,119,FALSE,
18525,Hunt No.09 – The Artist [Ebook+Video],https://xemtrai.top/hunt-no-09-the-artist-ebookvideo/,https://1.bp.blogspot.com/-FMGGo3qKf9w/YDOWZGPru7I/AAAAAAAAHSM/dITnoPUzhGgtRns-5SqwuQqSYqG8p3-IgCLcBGAsYHQ/s16000/hunt09.jpg,Gay video; Photo Set; Thailand photo; Thailand video,https://drive.google.com/drive/folders/1XfUAdTO5iX55Ef6U3oj5yEMAOINruhxp?usp=sharing; https://drive.google.com/file/d/1xb1MV1cwiNh_DxOaA3pTYKo_VgVhweGB/view?usp=sharing; https://drive.google.com/file/d/137GoVzDz0dQyK2DkyihvbNNc_I8XOKaf/view?usp=sharing,3,119,FALSE,
18482,Lê Nam collection P4 – Sex on the beach,https://xemtrai.top/le-nam-collection-p4-on-the-beach/,https://1.bp.blogspot.com/-nM_HVEc1c-c/YDEMVTul28I/AAAAAAAAHQE/RKlVGXOD40E8udq4FFfxd5VRONRHfBcnwCLcBGAsYHQ/s16000/Le%2BNam.jpg,Gay video; Photo Set; Vietnam photo; Vietnam video,https://drive.google.com/drive/folders/1irdZYiim2pNxDFWi1lRjAIhP3x45eVxJ?usp=sharing; https://drive.google.com/file/d/1BQ945ETkWYmRUdPdA2_F75t_PVIPV4-A/view?usp=sharing,2,119,FALSE,
19726,HUNK CHANNEL – OAV797,https://xemtrai.top/hunk-channel-oav797/,https://1.bp.blogspot.com/-bHETRJo-dOs/YMyw_zBV3lI/AAAAAAAAJRs/BWeGfzVAtn8aeheSk9CZ6AtwQ9PTYaEDgCLcBGAsYHQ/s16000/OAV797.jpg,Asia video,https://drive.google.com/file/d/1qAFJUCLV9xikgEe4eS_bLT2gEZhXAf6v/view?usp=sharing,1,119,FALSE,
18345,Hồ Vĩnh Khoa – Gym Jocks,https://xemtrai.top/ho-vinh-khoa-gym-jocks/,https://1.bp.blogspot.com/-zG3uYGR-l8w/YCE04omhzRI/AAAAAAAAG-c/qHYh7zWXJnYbwkYAazxJPZTG2KjFk178wCLcBGAsYHQ/s16000/Screenshot_13.png,Gay video; Hot model; Photo Set; Thailand photo; Vietnam photo; Vietnam video,https://drive.google.com/drive/folders/1Tjf5W1MtifNnKyrNL5BktFD-cmAEm3O_?usp=sharing; https://drive.google.com/file/d/1YsPYH0X9ixXSQuPLp-mD9ThdJzLWDqSa/view?usp=sharing; https://drive.google.com/file/d/18k0QTXLFmMrxoBqOatC5-zFNmLYFi-Dq/view?usp=sharing,3,119,FALSE,
18324,Le Nam fucked by boyfriend,https://xemtrai.top/le-nam-fucked-by-boyfriend/,https://1.bp.blogspot.com/-BfbxGszz1Ww/YB1V2XYE44I/AAAAAAAAG8o/6eF16-cbyDsXOflDAS59M6CcEXaE8g8jQCLcBGAsYHQ/s16000/Le%2BNam%2Bsexx.jpg,Gay video; Vietnam photo; Vietnam video,,0,119,FALSE,
18260,A Man Jerking Off Solo by Dang Quoc Dat,https://xemtrai.top/a-man-jerking-off-solo-by-dang-quoc-dat/,https://1.bp.blogspot.com/-5nbZVYGl2Bk/YBVTpRBKQJI/AAAAAAAAGz0/x0o7diJ5gyU4WUjUpJ0s5kPD8TPWLCyWgCLcBGAsYHQ/s16000/6A.jpg,Solo; Vietnam video,https://drive.google.com/file/d/1tnQ0lVNxiKuOy6e5tBKiK93lb6aiv0m2/view?usp=sharing,1,119,FALSE,
18139,Nguyễn Tiến Quân – Oh my God 2,https://xemtrai.top/nguyen-tien-quan-oh-my-god-2/,https://1.bp.blogspot.com/-_c91NH8OQrg/YAbFxQkt-MI/AAAAAAAAGnQ/ja_o1xAiEh4BcFSQ8Ap1QBs2f5h9CdBpwCLcBGAsYHQ/s16000/NguyenTienQuan%2B%25284%2529.png,Gay video; Vietnam photo; Vietnam video,https://drive.google.com/file/d/1rwVyU5wIRX5pQFaV98tAI_wsIG_Iyehq/view?usp=sharing,1,119,FALSE,
18113,Hồ Vĩnh Khoa – Sex Slave,https://xemtrai.top/ho-vinh-khoa-sex-slave/,https://1.bp.blogspot.com/-0eKfbGpMOTg/YAQNtrN41vI/AAAAAAAAGl4/0yPUxpZiMe89Rs_a990XypPcFO6faYPLgCLcBGAsYHQ/s16000/Sex%2BSlave%2B%25287aa%2529.jpg,Gay video; Photo Set; Thailand photo; Vietnam photo; Vietnam video,https://drive.google.com/drive/folders/1Cz2X1uLmf0liPpBoaiLRifD821BiLmPv?usp=sharing; https://drive.google.com/file/d/1pf6MmrXtd95i33JMtMBBFrJNK91RGcte/view?usp=sharing,2,119,FALSE,
17919,Nguyễn Tiến Quân – Oh my God,https://xemtrai.top/nguyen-tien-quan-oh-my-god/,https://1.bp.blogspot.com/-yz7DVqwI54s/X-sugNmxxsI/AAAAAAAAGPM/kfxooEYYTUQsemMpnRWqu-SWBsse06wDwCLcBGAsYHQ/s16000/NguyenTienQuan%2B%25286a%2529.jpg,Gay video; Vietnam video,https://drive.google.com/file/d/181uEft7b4gkQzEaiNbhzvpZT-8_8C1O1/view?usp=sharing,1,119,FALSE,
17876,Nguyễn Tiến Quân – Santa fuck Quan,https://xemtrai.top/nguyen-tien-quan-santa-fuck-quan/,https://1.bp.blogspot.com/-ayerlBiHv6o/X-SZs8VILJI/AAAAAAAAGNA/58fjLY2kZRAXZQTC5R9E1NyVVUpWWWQ5gCLcBGAsYHQ/s16000/Santa%2Bfuck%2BQuan.jpg,Gay video; Vietnam photo; Vietnam video,https://drive.google.com/drive/folders/1mdgSLszINPqp-O58NmCgWnToZj9ZUcAf?usp=sharing; https://drive.google.com/file/d/1481I3OTjBYP0Xc9eICXOQVs9a9sAtkUB/view?usp=sharing,2,119,FALSE,
17848,Hồ Vĩnh Khoa – Hitchhiker,https://xemtrai.top/ho-vinh-khoa-hitchhiker/,https://1.bp.blogspot.com/-s1P2C4_TD8o/X-HnJ-utyVI/AAAAAAAAGJ8/CafQhWbvId4x1fBRzpiM3noAtM_xd9t5wCLcBGAsYHQ/s16000/HVK-Hitchhiker.jpg,Hot model; Photo Set; Vietnam photo; Vietnam video,https://drive.google.com/drive/folders/1HXs6feRsy3apa20DPyaD5KeW21XxGdJB?usp=sharing; https://drive.google.com/file/d/1F_bSCo59oug4vFbu7shyRS3xq7EUQRJe/view?usp=sharing; https://drive.google.com/file/d/1hvwE0CaAIliCtP_DxkvpLHbkc3nsM7hL/view?usp=sharing,3,119,FALSE,
17833,Nguyễn Tiến Quân vs mask bot,https://xemtrai.top/nguyen-tien-quan-vs-mask-bot/,https://1.bp.blogspot.com/-RDLoKX_dgxE/X-CSlSpakJI/AAAAAAAAGIs/JCZdQkRIrrwvw0TK9JaGRlALhj8ycyglACLcBGAsYHQ/s16000/1.png,Gay video; Vietnam photo; Vietnam video,,0,119,FALSE,
17747,Nguyễn Tiến Quân – Merry Christmas,https://xemtrai.top/nguyen-tien-quan-merry-christmas/,https://upload.xemtrai.top/2023/10/3840x2560_2c73a6cc8b0bf4c1e0816ebfc85bbe69-720x380.jpg,Photo Set; Vietnam photo; Vietnam video,https://drive.google.com/drive/folders/1JTX6Rv8tAcwGAi8QDhvQo8XfQN8B14QV?usp=sharing; https://drive.google.com/file/d/1DYL2Cmb1VHCL-d4Hv9O3B1-WzNF_tp3Q/view?usp=sharing; https://drive.google.com/file/d/144HM6FiS8T9qPrapwzJFZerRZSgisYz9/view?usp=sharing,3,119,FALSE,
19723,TRANCE VIDEO – TM-NS006,https://xemtrai.top/trance-video-tm-ns006/,https://1.bp.blogspot.com/-7U9MxopgiA4/YMywGCdDOVI/AAAAAAAAJRg/BzYvitXqC-YYphK1w4Wg1gYftwkoN8rjACLcBGAsYHQ/s16000/TM-NS006-01.jpg,Asia video,https://drive.google.com/file/d/1LUryGSUvH2sFgclCxASTBU0-yGV71Y1M/view?usp=sharing,1,120,FALSE,
17775,Nguyễn Tiến Quân sex | Part 2 – Quân fuck Hoàng,https://xemtrai.top/nguyen-tien-quan-sex-part-2-quan-fuck-hoang/,https://1.bp.blogspot.com/-bl18p882wlI/X9tRppdl7_I/AAAAAAAAGDE/ckXsQwXv44khpv8KLSUWbvW-QTRto9XnACLcBGAsYHQ/s16000/Quan%2Bfuck%2BHoang.jpg,Gay video; Photo Set; Vietnam photo; Vietnam video,https://drive.google.com/drive/folders/1c2p_I42SS__C6EOxAXtxAG2lQhABd0eo?usp=sharing; https://drive.google.com/file/d/1SoQ-h_7wyM0AC4bPGHU52v5ooqM2Nk0p/view?usp=sharing; https://drive.google.com/file/d/1zvBgjUetR7XfBqzzdOJvrAZy2yuyemLz/view?usp=sharing,3,120,FALSE,
17752,Nguyễn Tiến Quân sex | Part 1 – Hoàng fuck Quân,https://xemtrai.top/nguyen-tien-quan-sex-part-1-hoang-fuck-quan/,https://1.bp.blogspot.com/-g1z_mZFJS3g/X9YBvxuuX6I/AAAAAAAAGBw/pgTvgV7F7wQtwa4B2Pl2uJpRkQSR-IV_wCLcBGAsYHQ/s16000/b15a.jpg,Gay video; Vietnam photo; Vietnam video,https://drive.google.com/file/d/1zjbXZ2DmCrCrDdDzibQ0TnZIZi6vHmDg/view?usp=sharing,1,120,FALSE,
17700,Hồ Vĩnh Khoa – Pleasure Planet,https://xemtrai.top/ho-vinh-khoa-pleasure-planet/,https://1.bp.blogspot.com/-2cdq97TIiQg/X9DBc4ry1mI/AAAAAAAAF6g/DV1LtWI9ezUGgiAFtVqcbPFupObwDIsfgCLcBGAsYHQ/s16000/3840x2562_2d5502ce7afd2da4757dd6da93f06211.jpg,Hot model; Thailand photo; Vietnam photo; Vietnam video,,0,120,FALSE,
17701,Hồ Vĩnh Khoa – Snake It,https://xemtrai.top/ho-vinh-khoa-snake-it/,https://1.bp.blogspot.com/-WNvx90kqCcg/X9DCQmOP5XI/AAAAAAAAF7g/al4CUTYT-zculJzGQj40CuxBKdDk0IGFwCLcBGAsYHQ/s16000/Snakte%2BIt.jpg,Hot model; Thailand photo; Vietnam photo; Vietnam video,https://drive.google.com/file/d/1XoJcdnaN964-lnomHGL61zmpSMhCoWwQ/view?usp=sharing; https://drive.google.com/file/d/1_JVGJPAV6LalAuePl8vcPGrs4x3jKSv6/view?usp=sharing,2,120,FALSE,
17711,Hồ Vĩnh Khoa – Let’s Get Physical,https://xemtrai.top/ho-vinh-khoa-lets-get-physical/,https://1.bp.blogspot.com/-r8s7s5tzagM/X9DSIkFUKjI/AAAAAAAAF7w/rAgYoZxURKEtCf0FKmpP8dhjJyn8okPigCLcBGAsYHQ/s16000/2048x1638_92e54c36bbc8bdba55ef5961a85f3d96.jpg,Hot model; Thailand photo; Vietnam photo; Vietnam video,https://drive.google.com/file/d/1fq8WdOA8WFfmSHznDyjkFbbj3kz4Cxmp/view?usp=sharing,1,120,FALSE,
17335,Hồ Vĩnh Khoa – Load Me Up (clip raw),https://xemtrai.top/ho-vinh-khoa-load-me-up-clip-raw/,https://1.bp.blogspot.com/-lMnJkhD_4yg/X60jHBjae5I/AAAAAAAAFaY/uZapxY9KD6413B-iLolqDiFR94Hz_XskwCLcBGAsYHQ/s16000/HVK-Load%2BMe%2BUp.jpg,Gay video; Hot model; Photo Set; Thailand photo; Vietnam photo; Vietnam video,https://drive.google.com/drive/folders/1WdYyAcBw4lIBUCxJB58ACj64Cd-Fakax?usp=sharing; https://drive.google.com/file/d/1sT5d0Jz-HI4TGBmbIHMNcWyuFJKVd4VB/view?usp=sharing; https://drive.google.com/file/d/15Vihb1yowqU_bzyWo70Lp1OJhIrpPjNV/view?usp=sharing,3,120,FALSE,
17195,Nguyễn Tiến Quân vs Rabbit mask| Part 2,https://xemtrai.top/nguyen-tien-quan-vs-rabbit-mask-part-2/,https://1.bp.blogspot.com/-wykI9XZVVKE/X5_53GAqC7I/AAAAAAAAFR0/OX9J0ynIYns37ls7hg-uSzJXaRsmhj-iQCLcBGAsYHQ/s16000/Screenshot_89.png,Gay video; Vietnam photo; Vietnam video,https://drive.google.com/file/d/1O8qfp6abbVo86IVu1AoypHzrpyTgmsdv/view?usp=sharing,1,120,FALSE,
17140,Nguyễn Tiến Quân vs Rabbit mask| Part 1,https://xemtrai.top/nguyen-tien-quan-vs-rabbit-mask-part-1/,https://1.bp.blogspot.com/-PKF_ujc_wMA/X50BnT82G2I/AAAAAAAAFN4/YehxgI0ynFsxd5Af5XbJh7Fy5vuubhYdgCLcBGAsYHQ/s16000/Nguyen%2BTien%2BQuan%2Bsex.jpg,Gay video; Vietnam photo; Vietnam video,https://drive.google.com/file/d/13DX2oFtH_Q-VT6Vma8KL5pxCY3vFWoFz/view?usp=sharing,1,120,FALSE,
17037,Nguyễn Tiến Quân Sex LiveStream,https://xemtrai.top/nguyen-tien-quan-sex-livestream/,https://1.bp.blogspot.com/-__TY9srksJ0/X5WGRgKYluI/AAAAAAAAFAg/qyOGoTnG1mQ0SCEoz7Wm-1cRv6BPBoR6wCLcBGAsYHQ/s16000/Nguyen%2BTien%2BQuan.jpg,Gay video; Vietnam photo; Vietnam video,https://drive.google.com/file/d/1-gn86Q3KpyN1_BohSTcU0pCN-FO7ozA8/view?usp=sharing; https://drive.google.com/file/d/1Wza3hj796oUiTLQWmDgktqvI3QiL1IcY/view?usp=sharing,2,120,FALSE,
19609,TRANCE VIDEO – TM-GN107,https://xemtrai.top/trance-video-tm-gn107/,https://1.bp.blogspot.com/--ddI7y6XEec/YKplxuyfyHI/AAAAAAAAIgg/S85xykgpMVQ3NXbmbYDBGfKuUsPjtwregCLcBGAsYHQ/s16000/20201028171816_42926.jpg,Asia video,https://drive.google.com/file/d/11XSPxb6jxcu07AyaeyDwoVjEk9B0m7X3/view?usp=sharing,1,120,FALSE,
16956,Nguyễn Tiến Quân vs Lê Ngọc Minh| Part 2 – Quân fuck Minh,https://xemtrai.top/nguyen-tien-quan-vs-le-ngoc-minh-part-2-quan-fuck-minh/,https://1.bp.blogspot.com/-KR7ErV6u-fk/X42R8ULugtI/AAAAAAAAE4U/uD7yWIlTA-0N4eO4v9Q0KfLuZYanIMg8wCLcBGAsYHQ/s16000/3543x2365_55040967b90340bd11b25d4f122a686daaaa.jpg,Gay video; Vietnam photo; Vietnam video,https://drive.google.com/file/d/1eT6XOFUlimHA1PNVrb9jAOre51qbYu5F/view?usp=sharing,1,120,FALSE,
16932,Đặng Quốc Đạt – Staycation full 12 min,https://xemtrai.top/dang-quoc-dat-staycation-full-12-min/,https://xemtrai.top/wp-content/uploads/2020/10/B92FE550-4083-4B34-858C-DD269C2FA170-720x380.jpeg,Hot model; Solo; Vietnam video,https://drive.google.com/file/d/1GQkBhE2FBSHKZy06Vr8UbAqRoQeN_BD4/view?usp=sharing,1,120,FALSE,
16849,Nguyễn Tiến Quân vs Lê Ngọc Minh | Part 1 – Minh fuck Quân,https://xemtrai.top/nguyen-tien-quan-vs-le-ngoc-minh-part-1-minh-fuck-quan/,https://1.bp.blogspot.com/-YmuFKR0no6Y/X4KiGs1Ga5I/AAAAAAAAExM/5-OCQdF6dbcvXbKu45QRgYskhxkbiWLwQCLcBGAsYHQ/s16000/NguyenTien%2BQuan2.jpg,Gay video; Vietnam photo; Vietnam video,https://drive.google.com/file/d/131Y9HgQO9bVJYDQRVuTuWCZ6Xw0Pk0VC/view?usp=sharing; https://drive.google.com/file/d/1uAxFOnxzWu-CbMPnLw17EOGDxTAXIBqY/view?usp=sharing,2,120,FALSE,
16624,Hồ Vĩnh Khoa – Sleeping with a stranger (updated video),https://xemtrai.top/ho-vinh-khoa-sleeping-with-a-stranger/,https://1.bp.blogspot.com/-J0JNxi6s3DQ/X2oNsauF4NI/AAAAAAAAEbY/0L648UYtZrQbkMUF1EToYlv0BxZNUKzVQCLcBGAsYHQ/s16000/Untitled-AAAA2.jpg,Hot model; Photo Set; Thailand photo; Vietnam photo; Vietnam video,https://drive.google.com/drive/folders/1quWpPEGx0ahyAZON30a1gvz0w7LTzHyX?usp=sharing; https://drive.google.com/file/d/1FmIpFvnnMKvyk2tGJOmjrnIpfKa2eJ_z/view?usp=sharing,2,120,FALSE,
16561,Nguyễn Tiến Quân cumshot (updated photo),https://xemtrai.top/nguyen-tien-quan-cumshot/,https://1.bp.blogspot.com/-eVv3PvHwxEM/X2TI-bTe3aI/AAAAAAAAEYs/a49YbatDAS4JKJvTigSc9EAxD9neIVoHgCLcBGAsYHQ/s16000/NTQ.jpg,Photo Set; Vietnam photo; Vietnam video,https://drive.google.com/drive/folders/1qTDqxNR7w1IQ33XELmDYQcClBD-NeeMT?usp=sharing; https://drive.google.com/drive/folders/1q0g0NzM1Qh1_BXVqDxzln37NInmRQouU?usp=sharing; https://drive.google.com/file/d/1xfLPpWPLie1ToL7v1Jq8zYJBPTMq-Oa6/view?usp=sharing; https://drive.google.com/file/d/1IQZOCXHCtTKsEEpL8DNS9HQBd8kMuCb3/view?usp=sharing,4,120,FALSE,
16484,Đặng Quốc Đạt – Man is enjoying solo,https://xemtrai.top/dang-quoc-dat-man-is-enjoying-solo/,https://1.bp.blogspot.com/-0O4gUwutkwc/X19b6K3QhsI/AAAAAAAAES0/ipgaEN7oS14BhXA8hjcPLjnqqhn6wnA7gCLcBGAsYHQ/s16000/Screenshot_31.png,Hot model; Solo; Vietnam video,https://drive.google.com/file/d/17VnOUlVAWTiNjrjDmSmiNiSrgZVfCDA2/view?usp=sharing,1,120,FALSE,
16222,Nguyễn Tiến Quân – Master K (updated),https://xemtrai.top/nguyen-tien-quan-collection-p1/,https://1.bp.blogspot.com/-z_2k9L6P25c/X0s9hV-ZScI/AAAAAAAAD9M/iPYE2otfXgIDLs-RJEKe5aLpiHPbqq3fgCLcBGAsYHQ/s16000/Nguyen%2BTien%2BQuan1.jpg,Photo Set; Vietnam photo; Vietnam video,https://drive.google.com/drive/folders/1mrWdr3dMudeEy8wR9K5EOgaJecFtDMgR?usp=sharing; https://drive.google.com/file/d/1gsgt6K2LrCYMhPpPzEu9uofteja35UiD/view?usp=sharing,2,120,FALSE,
16319,Hồ Vĩnh Khoa – Sex House (updated video),https://xemtrai.top/ho-vinh-khoa-sex-house/,https://1.bp.blogspot.com/-IrXf3uzJkkc/X1DvsI6j7YI/AAAAAAAAEGU/3VSsKMnDcGwpzqQ_11bKFmVTuDgKQxkagCLcBGAsYHQ/s16000/HoVinhKhoa%2Bsex.jpg,Hot model; Photo Set; Vietnam photo; Vietnam video,https://drive.google.com/drive/folders/1heoUvviaG87MLHiTwphaHojgx5kdw_sY?usp=sharing; https://drive.google.com/file/d/1F5P1Rq-zeNbPzqTdt2FwKXvM6prFOffR/view?usp=sharing,2,121,FALSE,
16296,Nguyễn Tiến Quân bị fuck,https://xemtrai.top/nguyen-tien-quan-bi-fuck/,https://1.bp.blogspot.com/-UppSH1t73A0/X0-ZE4wWdgI/AAAAAAAAEFM/YsCjdY8bb3A_UhgTirye55gV5vtMHLJywCLcBGAsYHQ/s640/NguyenTien%2BQuan%2Bsex5.png,Gay video; Vietnam photo; Vietnam video,https://drive.google.com/file/d/1lkdsoLFfymghMU6GTEESsxFzMpBnXU-_/view?usp=sharing,1,121,FALSE,
16208,Hunt No.08 – The Tengu Curse [Ebook+Video],https://xemtrai.top/hunt-no-08-the-tengu-curse-ebookvideo/,https://xemtrai.top/wp-content/uploads/2020/08/Hunt8-720x380.jpg,Gay video; Photo Set; Thailand photo; Thailand video,https://drive.google.com/drive/folders/18iJYCEYD2iijRK-jTQ9XfLvded813SLA?usp=sharing; https://drive.google.com/file/d/1w68vF183DdSa35vYY8bxX2puLOWvYb_s/view?usp=sharing,2,121,FALSE,
19707,TRANCE VIDEO – TM-SK001,https://xemtrai.top/trance-video-tm-sk001/,http://pic2.jpboy1069.org/TM-SK001.jpg,Asia video,https://drive.google.com/file/d/1BHmbsxXtaa3S8OwITn1HI1db8E1w6ym8/view?usp=sharing,1,121,FALSE,
16033,Hồ Vĩnh Khoa – A Taste of Summer (updated video),https://xemtrai.top/ho-vinh-khoa-a-taste-of-summer/,https://1.bp.blogspot.com/-gAxngXwR9i0/X0PO-3nUCRI/AAAAAAAAD2A/eUYiS1sQQX8NdP5Yp8vNpBtTfPqE8xJYwCLcBGAsYHQ/w640-h405/3840x3073_f7d7a03ede1f336feac20bd733202cc0aaa.jpg,Hot model; Photo Set; Vietnam photo; Vietnam video,https://drive.google.com/drive/folders/1IoT8G9c6fW6inIBU03joeumPdvuoiVcC?usp=sharing; https://drive.google.com/file/d/1VOedErGivLPyaLhLffOT17wJ962F9geZ/view?usp=sharing; https://drive.google.com/file/d/1I6PrbPPnuOT7hNWXzx4LPLc2SfBRPzfE/view?usp=sharing,3,121,FALSE,
19719,TRANCE VIDEO – TM-PH005,https://xemtrai.top/trance-video-tm-ph005/,https://1.bp.blogspot.com/-t4vL9NQi3_o/YMyjCUA7cxI/AAAAAAAAJRM/Fkc5X3IE0jw3B_EjjfeObVkKEH_19tWRQCLcBGAsYHQ/s16000/TM-PH005.jpg,Asia video,https://drive.google.com/file/d/1OPO-TbTDPtzzYJFa3tK76fZ0U9tg35yZ/view?usp=sharing,1,121,FALSE,
19729,TRANCE VIDEO – TM-GN028,https://xemtrai.top/trance-video-tm-gn028/,https://1.bp.blogspot.com/-tqjXPalfBEY/YMyyqkOk-gI/AAAAAAAAJSA/b62a5zzvNQ8loivu8wvrCtXioys5xbdwQCLcBGAsYHQ/s16000/TM-GN028-01.jpg,Asia video,https://drive.google.com/file/d/15LPsh6upF21pOPutpG5BGQ3JxA3wZsJ1/view?usp=sharing,1,121,FALSE,
13053,Burning Art Vol 15 [Ebook+Video],https://xemtrai.top/burning-art-vol-15-ebookvideo/,https://xemtrai.top/wp-content/uploads/2020/04/burning2bart2b15-720x380.jpg,Asia video; Straight guys,https://drive.google.com/drive/folders/1onEOHa3uX8kSEpOS22ix2RZcY1de_RJf?usp=sharing; https://drive.google.com/file/d/17V0dIO2xJJxuczfsH-Ajn_rKmBE2Yilk/view?usp=sharing,2,121,FALSE,
19695,TRANCE VIDEO – TR-FO036,https://xemtrai.top/trance-video-tr-fo036/,http://pic2.jpboy1069.org/TR-FO036.jpg,Asia video,https://drive.google.com/file/d/1F0Vf81FiybfYwnbqTb0BOg5tRmueqZ2H/view?usp=sharing,1,121,FALSE,
19692,TRANCE VIDEO – TM-PB007,https://xemtrai.top/trance-video-tm-pb007/,http://pic2.jpboy1069.org/TM-PB007.jpg,Asia video,https://drive.google.com/file/d/1_CAHev-OV0n7xJwWX0SKMRLFWR1DoJJU/view?usp=sharing,1,121,FALSE,
19713,HUNK CHANNEL – XR-0032,https://xemtrai.top/hunk-channel-xr-0032/,http://pic2.jpboy1069.org/XR-0032.jpg,Asia video,https://drive.google.com/file/d/1e_SGvEg1ll1GPlarnFsgnUBFzW6ae8R8/view?usp=sharing,1,121,FALSE,
19678,HUNK CHANNEL – XR-0015,https://xemtrai.top/hunk-channel-xr-0015/,https://xemtrai.top/wp-content/uploads/2021/09/4horlover___XR-0015.mp4_snapshot_11.24.721-1024x576.jpg,Asia video,https://drive.google.com/file/d/18RHR9s0f2w5aHcY82RfRQRP1JYLYdwgC/view?usp=sharing,1,121,FALSE,
10691,LABOUR-BKK issue 12 – BANK HEMANGKORN [Ebook+Video],https://xemtrai.top/labour-bkk-issue-12/,https://xemtrai.top/wp-content/uploads/2019/12/labour2bbkk2b12-720x380.jpg,Girl video; Photo Set; Thailand photo; Thailand video,https://drive.google.com/open?id=16lEotkF-F_OJHrv6zm6O1JKOC7Z4ciOd; https://drive.google.com/file/d/1Wz0iXHBziCmdMTRKSo8Y7g8ZxPBVfRzs/view?usp=sharing; https://drive.google.com/open?id=1g9w0qc_NI5MVqkESnw4qs8ce_Wkv5Jnu,3,121,FALSE,
19671,HUNK CHANNEL – OAV362,https://xemtrai.top/hunk-channel-oav362/,https://1.bp.blogspot.com/-14mn42gUick/YK0grnSOQ1I/AAAAAAAAIpQ/EWqf-WgDTWwn8AyPBE37Fw385Gu8PLebQCLcBGAsYHQ/s16000/02969768.jpg,Asia video; Photo Set,https://drive.google.com/file/d/1OqndKw7OPPVIbAwi_fLLwOUjI9Ts65pw/view?usp=sharing,1,121,FALSE,
19668,TRANCE VIDEO – TM-GN067,https://xemtrai.top/trance-video-tm-gn067/,https://1.bp.blogspot.com/-it_WB9yPDr0/YK0heji9jVI/AAAAAAAAIpo/yhlzbBROnMoRKSJcw4AcsTclt6WhshFFwCLcBGAsYHQ/s16000/11860319.jpg,Asia video,https://drive.google.com/file/d/19kY2Zpyv2N9gTaAmCrzpXKP872dKLIfu/view?usp=sharing,1,121,FALSE,
19615,TRANCE VIDEO – TO-SN008,https://xemtrai.top/trance-video-to-sn008/,http://pic1.jpboy1069.org/TO-02-0008-01.jpg,Asia video,https://drive.google.com/file/d/1oR5OvGaMJ7_tNoDQXxpAP_t8XHAeIYSu/view?usp=sharing,1,121,FALSE,
19710,HUNK CHANNEL – XR-0027,https://xemtrai.top/hunk-channel-xr-0027/,http://pic1.jpboy1069.org/XR-0027.jpg,Asia video,https://drive.google.com/file/d/1v1JEj_xFZOYDxVjKMkkFpnVy0F6HB0Pl/view?usp=sharing,1,121,FALSE,
19665,TRANCE VIDEO – TM-NS005,https://xemtrai.top/trance-video-tm-ns005/,https://1.bp.blogspot.com/-uwAW8hWvvhU/YKuzqvk2SkI/AAAAAAAAIlk/b6vgY6ADQCQPBTQr9-A-no18QNB39OeNgCLcBGAsYHQ/s16000/2556918970308e19dcda1800929ae129d0f916b5.jpg,Asia video,https://drive.google.com/file/d/1OyvTp3KFicx7VFVsAWp92hItyf-UIkl0/view,1,121,FALSE,
19590,TRANCE VIDEO – TO-MB004,https://xemtrai.top/trance-video-to-mb004/,https://1.bp.blogspot.com/-2FPM0aOGwCc/YMikhuILzTI/AAAAAAAAJJs/SYCwU-jcW4kbCq8O1ORBVPjYSxgpvBTjACLcBGAsYHQ/s16000/Screenshot_81.png,Asia video,https://drive.google.com/file/d/1dWcLygAPglTe5SMfMEN4Q-Cu3A9zoOjt/view?usp=sharing,1,122,FALSE,
19595,TRANCE VIDEO – TM-GN074,https://xemtrai.top/trance-video-tm-gn074/,https://sp.trance-video.com/picture/parent/TM-01-0074-01-04_1.jpg,Asia video,https://drive.google.com/file/d/1WhUnKVERBnlLsiJ7vB1jfjnY2_WYsy-i/view?usp=sharing,1,122,FALSE,
19640,HUNK CHANNEL – BLK1001,https://xemtrai.top/hunk-channel-blk1001/,https://1.bp.blogspot.com/-v8lYx8oxq0k/YKuvbuNc4VI/AAAAAAAAIk8/UFx5FmZOMnQqehwWL-1cSqVbfaZMnIZAACLcBGAsYHQ/s16000/BLK1001.mp4_snapshot_23.29.jpg,Asia video,https://drive.google.com/file/d/1UNUFTHaUyhlCviBjxH2JhT3uB9phx26n/view?usp=sharing,1,122,FALSE,
19618,TRANCE VIDEO – TM-OP029,https://xemtrai.top/trance-video-tm-op029/,http://pic1.jpboy1069.org/TM-OP029-01.jpg,Asia video,https://drive.google.com/file/d/17XVatuwO40WVfcbyJaAmzSHuRGgryRg7/view?usp=sharing,1,122,FALSE,
19674,TRANCE VIDEO – TO-DS009,https://xemtrai.top/trance-video-to-ds009/,http://pic1.jpboy1069.org/TO-DS009.jpg,Asia video,https://drive.google.com/file/d/15rr6_yk_rgm8wQ-wsjnaJ7CDdrDcmT3_/view?usp=sharing,1,122,FALSE,
19616,TRANCE VIDEO – TR-FO017,https://xemtrai.top/trance-video-tr-fo017/,http://pic1.jpboy1069.org/TR-FO017-01.jpg,Asia video,https://drive.google.com/file/d/1QylBHP52kETDX-1G2X8y7Q9nE7Iy2KaB/view,1,122,FALSE,
19637,HUNK CHANNEL – CR-0228,https://xemtrai.top/hunk-channel-cr-0228/,https://1.bp.blogspot.com/-c8-A_2VYDZ0/YKuuhfaMtbI/AAAAAAAAIkw/y7FuJWChStYWmLEnIbZwOtFi6iP2_gI5gCLcBGAsYHQ/s16000/4horlover___CR-0228.mp4_snapshot_23.28.793.jpg,Asia video,https://drive.google.com/file/d/1zieKVYtRBriUt4V-HIjMUyzQlCZdCw4q/view?usp=sharing,1,122,FALSE,
19617,TRANCE VIDEO – TM-OP033,https://xemtrai.top/trance-video-tm-op033/,http://pic1.jpboy1069.org/TM-OP033.jpg,Asia video,,0,122,FALSE,
19631,TRANCE VIDEO – TM-OP027,https://xemtrai.top/trance-video-tm-op027/,https://1.bp.blogspot.com/-JIxWVG-zgPk/YKusInuECVI/AAAAAAAAIj8/3J0z3JrNQZEcgjV7c6TDHmCx1bq6V1zpgCLcBGAsYHQ/s16000/5df10f9c24b5f5162787c36757267f6b.jpg,Asia video,https://drive.google.com/file/d/1NvvcMUkVQmADh51dr8YwBrLtjKZ2uepJ/view,1,122,FALSE,
19619,TRANCE VIDEO – TM-NG014,https://xemtrai.top/trance-video-tm-ng014/,http://pic1.jpboy1069.org/TM-NG014.jpg,Asia video,https://drive.google.com/file/d/1XbI2ptYj6762Q32mzcio_5qHl8DpCwHI/view?usp=sharing,1,122,FALSE,
19612,TRANCE VIDEO – TM-GN077,https://xemtrai.top/trance-video-tm-gn077/,http://pic1.jpboy1069.org/TM-01-0077-01_1.jpg,Asia video,https://drive.google.com/file/d/1AVwcY1EcIRuOmk3PGGlEZTNvMq_JFE6y/view?usp=sharing,1,122,FALSE,
19634,HUNK CHANNEL – GV-OGVY042,https://xemtrai.top/hunk-channel-gv-ogvy042/,https://1.bp.blogspot.com/-jzcFOw6t9Ko/YKutOFcRkAI/AAAAAAAAIkc/sHLlUkeGCwE0C4bEcoeQkHscmmKn3HCawCLcBGAsYHQ/s16000/vlcsnap-2020-07-03-10h16m18s353.png,Asia video,https://drive.google.com/file/d/1VHnhIilgt5PsIC10EO4qk4r5z1Sm972R/view?usp=sharing,1,122,FALSE,
19582,HUNK CHANNEL – ATSUSHI COLLECTION SIDE A – GMS517,https://xemtrai.top/hunk-channel-atsushi-collection-side-a-gms517/,https://1.bp.blogspot.com/-BAVboM0-lWU/YMiVo7Fdn4I/AAAAAAAAJJc/-ceGy5k54JAX7wCt7joLS_-R9WCIfce-ACLcBGAsYHQ/s16000/GMS517.jpg,Asia video; Videos,,0,122,FALSE,
